competition_id,match_id,date,outcome,p_home,p_draw,p_away,xgb_p_home,xgb_p_draw,xgb_p_away,delta_rps
ENG_PL,ENG_PL::understat_match::22275,2023-08-11 19:00:00+00:00,2,0.1319766061661213,0.213180764964199,0.6548426288696795,0.20112267,0.15189448,0.6469829,0.014260001333946656
ENG_PL,ENG_PL::understat_match::22276,2023-08-12 11:30:00+00:00,0,0.7201949552689602,0.1772967096976753,0.1025083350333646,0.76448154,0.13714159,0.098376855,-0.011825935171528357
ENG_PL,ENG_PL::understat_match::22277,2023-08-12 14:00:00+00:00,1,0.3485354952162393,0.2673216173151452,0.3841428874686153,0.37697726,0.25885847,0.36416426,0.0028423487833301175
ENG_PL,ENG_PL::understat_match::22278,2023-08-12 14:00:00+00:00,0,0.5906173036271383,0.2210972626497588,0.1882854337231027,0.742868,0.15869989,0.09843215,-0.0636199257264728
ENG_PL,ENG_PL::understat_match::22279,2023-08-12 14:00:00+00:00,2,0.4852599546325745,0.2512405626338236,0.2634994827336018,0.48323756,0.23562299,0.2811395,-0.01381558873130706
ENG_PL,ENG_PL::understat_match::22280,2023-08-12 14:00:00+00:00,2,0.330337953157572,0.3104433681588964,0.3592186786835314,0.40500197,0.24361229,0.3513858,0.03250161147300529
ENG_PL,ENG_PL::understat_match::22281,2023-08-12 16:30:00+00:00,0,0.5468877234909404,0.2439668987595177,0.2091453777495419,0.55561453,0.25980222,0.18458323,-0.008751552084678399
ENG_PL,ENG_PL::understat_match::22282,2023-08-13 13:00:00+00:00,1,0.4118273245766992,0.2672811537636762,0.3208915216596247,0.3944952,0.27246383,0.33304095,-0.003015191741691875
ENG_PL,ENG_PL::understat_match::22283,2023-08-13 15:30:00+00:00,1,0.3443662382068515,0.2450995275885819,0.4105342342045666,0.38784608,0.26185942,0.35029453,-0.006997831767842355
ENG_PL,ENG_PL::understat_match::22284,2023-08-14 19:00:00+00:00,0,0.6749804047363505,0.1982405354473244,0.1267790598163252,0.69149137,0.202736,0.105772674,-0.0076726218684827
ENG_PL,ENG_PL::understat_match::22285,2023-08-18 18:45:00+00:00,0,0.4767453545007682,0.2776372639945335,0.2456173815046981,0.46232185,0.30114985,0.23652825,0.005460049679970824
ENG_PL,ENG_PL::understat_match::22286,2023-08-19 14:00:00+00:00,2,0.2110866116128877,0.2475586511319163,0.5413547372551959,0.2603814,0.15467766,0.5849409,-0.007420268849644501
ENG_PL,ENG_PL::understat_match::22287,2023-08-19 14:00:00+00:00,2,0.2909440743957399,0.2643070530968139,0.4447488725074461,0.30371943,0.22340001,0.4728805,-0.011425926716809975
ENG_PL,ENG_PL::understat_match::22288,2023-08-19 14:00:00+00:00,0,0.7441112518083807,0.1527305219564208,0.1031582262351986,0.7847229,0.100263506,0.115013525,-0.008274161847043285
ENG_PL,ENG_PL::understat_match::22290,2023-08-19 16:30:00+00:00,0,0.4217475673583772,0.2483493689018423,0.3299030637397804,0.43427357,0.24708815,0.3186383,-0.010817585295693821
ENG_PL,ENG_PL::understat_match::22291,2023-08-19 19:00:00+00:00,0,0.6211129502565694,0.2154843811050082,0.1634026686384223,0.6883719,0.1969789,0.11464921,-0.029999660073929763
ENG_PL,ENG_PL::understat_match::22292,2023-08-20 13:00:00+00:00,0,0.4948822917424879,0.252118847867108,0.2529988603904038,0.4717322,0.25761604,0.27065176,0.01658346038584002
ENG_PL,ENG_PL::understat_match::22293,2023-08-20 15:30:00+00:00,0,0.3462535029058475,0.2742581883833407,0.3794883087108116,0.347191,0.22120243,0.43160653,0.020523960766610727
ENG_PL,ENG_PL::understat_match::22294,2023-08-21 19:00:00+00:00,2,0.2846382235808097,0.2858182962528146,0.4295434801663755,0.30502653,0.21845569,0.4765178,-0.019682378616056706
ENG_PL,ENG_PL::understat_match::22295,2023-08-25 19:00:00+00:00,0,0.677485324141313,0.1823159236501519,0.1401987522085351,0.78213936,0.095912755,0.12194789,-0.030668430824739815
ENG_PL,ENG_PL::understat_match::22296,2023-08-26 11:30:00+00:00,2,0.2874164931586804,0.2561303027792921,0.4564532040620274,0.28443107,0.22840062,0.48716834,-0.017076993069797097
ENG_PL,ENG_PL::understat_match::22299,2023-08-26 14:00:00+00:00,2,0.4845879868662736,0.2597631911329684,0.2556488220007581,0.4833793,0.2339819,0.28263876,-0.020310766555614368
ENG_PL,ENG_PL::understat_match::22300,2023-08-26 14:00:00+00:00,0,0.6724180327379012,0.1954839451387917,0.132098022123307,0.7003898,0.18267313,0.11693709,-0.010659645313920996
ENG_PL,ENG_PL::understat_match::22297,2023-08-26 14:00:00+00:00,1,0.7118881233604336,0.1769661225382603,0.1111457541013059,0.78785866,0.1061018,0.10603949,0.056413788914685625
ENG_PL,ENG_PL::understat_match::22298,2023-08-26 14:00:00+00:00,1,0.484658134139724,0.2832759381018049,0.2320659277584712,0.45760444,0.28715006,0.25524545,-0.007098005676561381
ENG_PL,ENG_PL::understat_match::22301,2023-08-26 16:30:00+00:00,2,0.5831329890149137,0.2224087891145794,0.1944582218705067,0.68596256,0.19574906,0.11828836,0.12950917048872324
ENG_PL,ENG_PL::understat_match::22303,2023-08-27 13:00:00+00:00,2,0.0725098816135947,0.1622114670301423,0.7652786513562628,0.17013773,0.15729243,0.6725699,0.03790278137584739
ENG_PL,ENG_PL::understat_match::22302,2023-08-27 13:00:00+00:00,2,0.3293382241360322,0.2843434795601033,0.3863182963038646,0.30186987,0.3290128,0.36911732,0.002034737535398623
ENG_PL,ENG_PL::understat_match::22304,2023-08-27 15:30:00+00:00,2,0.4163546230429016,0.2367365070553713,0.346908869901727,0.4770903,0.21846901,0.30444074,0.05576936438126995
ENG_PL,ENG_PL::understat_match::21925,2023-09-01 19:00:00+00:00,2,0.2220385210543125,0.2183327015625095,0.559628777383178,0.29888758,0.27727845,0.42383403,0.08903658287847635
ENG_PL,ENG_PL::understat_match::21926,2023-09-02 11:30:00+00:00,1,0.2903949147092763,0.2585346848953022,0.4510704003954215,0.310263,0.31752166,0.3722154,-0.02649316310469635
ENG_PL,ENG_PL::understat_match::21927,2023-09-02 14:00:00+00:00,0,0.8263403689878775,0.1223766792041956,0.0512829518079269,0.8032744,0.09287046,0.10385516,0.00834962224509955
ENG_PL,ENG_PL::understat_match::21928,2023-09-02 14:00:00+00:00,1,0.586369382996586,0.2306025532112888,0.1830280637921252,0.6344367,0.1964068,0.16915648,0.026897776636538112
ENG_PL,ENG_PL::understat_match::21929,2023-09-02 14:00:00+00:00,2,0.2406630490981522,0.2577756340810383,0.5015613168208091,0.26301545,0.19900636,0.5379782,-0.01185926419200517
ENG_PL,ENG_PL::understat_match::21930,2023-09-02 14:00:00+00:00,2,0.6213658091358919,0.2309603835945808,0.1476738072695272,0.587808,0.26486278,0.14732921,-0.019994836730870214
ENG_PL,ENG_PL::understat_match::21931,2023-09-02 16:30:00+00:00,0,0.415367514872677,0.244362844482035,0.340269640645288,0.4595885,0.28023553,0.260176,-0.048921228936717964
ENG_PL,ENG_PL::understat_match::21932,2023-09-03 13:00:00+00:00,0,0.4892694798867676,0.2919381354716369,0.2187923846415953,0.45880184,0.26113915,0.28005895,0.03130635673989446
ENG_PL,ENG_PL::understat_match::21933,2023-09-03 13:00:00+00:00,0,0.6072202482783197,0.2088192183282607,0.1839605333934194,0.6810985,0.20471133,0.114190206,-0.036689932411729576
ENG_PL,ENG_PL::understat_match::21934,2023-09-03 15:30:00+00:00,0,0.4923034299828822,0.232853782668639,0.2748427873484788,0.56994027,0.25198984,0.17806986,-0.05831705358420683
ENG_PL,ENG_PL::understat_match::21935,2023-09-16 11:30:00+00:00,2,0.1791203713401508,0.2124340890300278,0.6084455396298213,0.24604326,0.1668022,0.5871545,0.022789830638982017
ENG_PL,ENG_PL::understat_match::21936,2023-09-16 14:00:00+00:00,0,0.748762782416395,0.1584489656262526,0.0927882519573525,0.7970614,0.097742625,0.10519602,-0.009739759494149916
ENG_PL,ENG_PL::understat_match::21937,2023-09-16 14:00:00+00:00,2,0.1795661113507056,0.2382067860285348,0.5822271026207596,0.21881275,0.16358235,0.61760485,-0.0063365796281810716
ENG_PL,ENG_PL::understat_match::21938,2023-09-16 14:00:00+00:00,0,0.4287448377077589,0.2933289227973982,0.277926239494843,0.41290775,0.2827192,0.3043731,0.01687239727215195
ENG_PL,ENG_PL::understat_match::21939,2023-09-16 14:00:00+00:00,0,0.4977821325250211,0.2250789936925184,0.2771388737824604,0.54643226,0.20948571,0.24408205,-0.031864502433004566
ENG_PL,ENG_PL::understat_match::21940,2023-09-16 14:00:00+00:00,2,0.4459496591222118,0.2306618352307753,0.323388505647013,0.508455,0.21941598,0.27212903,0.06582417967665538
ENG_PL,ENG_PL::understat_match::21943,2023-09-16 16:30:00+00:00,0,0.5234540141272626,0.2431606880301597,0.2333852978425777,0.55166477,0.24741025,0.200925,-0.02009472124564124
ENG_PL,ENG_PL::understat_match::21942,2023-09-17 13:00:00+00:00,1,0.2607416628611095,0.2528670484171941,0.4863912887216963,0.2779354,0.18975523,0.53230935,0.028019328762113327
ENG_PL,ENG_PL::understat_match::21941,2023-09-17 15:30:00+00:00,2,0.2457774109559261,0.2349176630079993,0.5193049260360744,0.3046092,0.18924402,0.5061468,0.022601737466692
ENG_PL,ENG_PL::understat_match::21944,2023-09-18 18:45:00+00:00,1,0.4174398684512026,0.2822431850591258,0.3003169464896717,0.39927104,0.31666833,0.28406057,-0.012169262405045816
ENG_PL,ENG_PL::understat_match::21945,2023-09-23 14:00:00+00:00,1,0.4358379947539212,0.2418801199761158,0.3222818852699631,0.43368757,0.3034283,0.26288414,-0.01831369689303164
ENG_PL,ENG_PL::understat_match::21946,2023-09-23 14:00:00+00:00,0,0.8064236334171305,0.1379835120336957,0.0555928545491739,0.8027924,0.09396663,0.103240944,0.004493585626528147
ENG_PL,ENG_PL::understat_match::21948,2023-09-23 14:00:00+00:00,1,0.5045652010377969,0.2742750612533141,0.2211597377088888,0.47602227,0.24650913,0.27746862,4.416798313003345e-05
ENG_PL,ENG_PL::understat_match::21949,2023-09-23 16:30:00+00:00,2,0.5606710968025236,0.232253344065461,0.2070755591320154,0.6083462,0.21469067,0.17696314,0.05219681704028467
ENG_PL,ENG_PL::understat_match::21950,2023-09-23 19:00:00+00:00,2,0.238446249031242,0.2376543624047682,0.5238993885639898,0.26342854,0.18697177,0.5495997,-0.005636693443421853
ENG_PL,ENG_PL::understat_match::21953,2023-09-24 13:00:00+00:00,0,0.656335670183647,0.1894111449886195,0.1542531848277334,0.77948254,0.106306955,0.114210494,-0.0401136163880062
ENG_PL,ENG_PL::understat_match::21952,2023-09-24 13:00:00+00:00,1,0.5023007387254103,0.2464485877363307,0.2512506735382591,0.541077,0.28626612,0.17265685,0.003570904524591384
ENG_PL,ENG_PL::understat_match::21947,2023-09-24 13:00:00+00:00,2,0.4996992718115614,0.2570248885731035,0.243275839615335,0.49542683,0.30453295,0.20004015,0.03152628899812687
ENG_PL,ENG_PL::understat_match::21951,2023-09-24 13:00:00+00:00,0,0.671775984278059,0.1856279375046,0.1425960782173409,0.7847229,0.100263506,0.115013525,-0.03424614931131162
ENG_PL,ENG_PL::understat_match::21954,2023-09-24 15:30:00+00:00,2,0.1390960431682343,0.1998687008279691,0.6610352560037969,0.21851045,0.23178028,0.54970926,0.05813187975370554
ENG_PL,ENG_PL::understat_match::21955,2023-09-30 11:30:00+00:00,0,0.3343858903196307,0.2532747450638312,0.4123393646165382,0.37939018,0.23075835,0.38985148,-0.037962596145353966
ENG_PL,ENG_PL::understat_match::21960,2023-09-30 14:00:00+00:00,0,0.7021188306280794,0.1767067412416169,0.1211744281303037,0.756797,0.095297486,0.14790551,-0.011196356884007087
ENG_PL,ENG_PL::understat_match::21956,2023-09-30 14:00:00+00:00,2,0.5385447159477684,0.21566289311235,0.2457923909398814,0.52087957,0.20550537,0.2736151,-0.02995446392820289
ENG_PL,ENG_PL::understat_match::21957,2023-09-30 14:00:00+00:00,2,0.517923644872397,0.2588029276741294,0.2232734274534737,0.5054468,0.28153768,0.21301559,0.0016359516701752175
ENG_PL,ENG_PL::understat_match::21958,2023-09-30 14:00:00+00:00,0,0.6814877278809438,0.1968234363672752,0.1216888357517807,0.7336939,0.1654086,0.10089745,-0.0175794982210044
ENG_PL,ENG_PL::understat_match::21959,2023-09-30 14:00:00+00:00,2,0.2254247983165727,0.2339432715359761,0.540631930147451,0.25200734,0.20626482,0.54172784,0.0058428528086919285
ENG_PL,ENG_PL::understat_match::21961,2023-09-30 14:00:00+00:00,0,0.1032157945045893,0.1918562078474097,0.704927997648001,0.20592196,0.16449311,0.62958497,-0.13710415351449068
ENG_PL,ENG_PL::understat_match::21962,2023-09-30 16:30:00+00:00,0,0.3419018807348852,0.2372602208701448,0.4208378983949701,0.40737084,0.24097091,0.35165828,-0.0676624187441946
ENG_PL,ENG_PL::understat_match::21963,2023-10-01 13:00:00+00:00,1,0.2644431837325506,0.2768244697770474,0.4587323464904022,0.2748842,0.2769372,0.44817865,-0.0019700707900643377
ENG_PL,ENG_PL::understat_match::21964,2023-10-02 19:00:00+00:00,2,0.2511067599508904,0.2629014749838483,0.4859917650652613,0.26056278,0.21111338,0.5283238,-0.018443849660093686
ENG_PL,ENG_PL::understat_match::22289,2023-10-03 18:30:00+00:00,2,0.3975430017396813,0.2413265868335357,0.3611304114267829,0.4256871,0.2941403,0.28017262,0.06658311339082934
ENG_PL,ENG_PL::understat_match::21971,2023-10-07 11:30:00+00:00,2,0.2084375796378932,0.2032650352875941,0.5882973850745125,0.26797616,0.23892918,0.49309465,0.057909478941148604
ENG_PL,ENG_PL::understat_match::21967,2023-10-07 14:00:00+00:00,2,0.232980266314958,0.266450249000486,0.5005694846845556,0.27924508,0.16770963,0.5530453,-0.012982151038119505
ENG_PL,ENG_PL::understat_match::21969,2023-10-07 14:00:00+00:00,0,0.4926476770620765,0.2386215503214248,0.2687307726164986,0.5372032,0.20744167,0.25535515,-0.025117742872452054
ENG_PL,ENG_PL::understat_match::21970,2023-10-07 14:00:00+00:00,0,0.6105647043676721,0.2143154797771361,0.1751198158551918,0.6736602,0.18344243,0.14289735,-0.027704744454356597
ENG_PL,ENG_PL::understat_match::21972,2023-10-07 14:00:00+00:00,0,0.4744967987217481,0.2427074082937739,0.2827957929844781,0.55153894,0.26434827,0.18411279,-0.06055611906310976
ENG_PL,ENG_PL::understat_match::21968,2023-10-07 16:30:00+00:00,1,0.488031530107182,0.2980564081727052,0.2139120617201127,0.49318284,0.24947287,0.25734425,0.012761129357190704
ENG_PL,ENG_PL::understat_match::21966,2023-10-08 13:00:00+00:00,1,0.3830531069725467,0.2283251938610848,0.3886216991663685,0.48218527,0.26355377,0.2542609,-0.0003026173175180724
ENG_PL,ENG_PL::understat_match::21973,2023-10-08 13:00:00+00:00,1,0.2736266964129485,0.2499909601181295,0.4763823434689219,0.28915083,0.22165896,0.48919025,0.01055178542543933
ENG_PL,ENG_PL::understat_match::21974,2023-10-08 13:00:00+00:00,1,0.2855206630459109,0.2779604318433913,0.4365189051106977,0.3350422,0.2571413,0.40781653,0.003248399717812378
ENG_PL,ENG_PL::understat_match::21965,2023-10-08 15:30:00+00:00,0,0.2845866568744622,0.2655245827606949,0.4498887603648429,0.28715742,0.2924975,0.42034507,-0.014690811488759503
ENG_PL,ENG_PL::understat_match::21979,2023-10-21 11:30:00+00:00,0,0.6857155099708744,0.1710016652145748,0.1432828248145507,0.74290466,0.11721307,0.1398823,-0.01681982390478523
ENG_PL,ENG_PL::understat_match::21982,2023-10-21 14:00:00+00:00,1,0.4788062255395439,0.2455428837375051,0.2756508907229512,0.4320094,0.2917874,0.27620324,-0.021159239178912603
ENG_PL,ENG_PL::understat_match::21980,2023-10-21 14:00:00+00:00,0,0.6223770269868516,0.2131794640862937,0.1644435089268548,0.68890893,0.19713257,0.11395851,-0.02993829584869577
ENG_PL,ENG_PL::understat_match::21981,2023-10-21 14:00:00+00:00,0,0.5746322784848423,0.2515534923634945,0.1738142291516633,0.5222053,0.26493773,0.21285693,0.031223401475174578
ENG_PL,ENG_PL::understat_match::21975,2023-10-21 14:00:00+00:00,2,0.4422574559510362,0.2654547686958591,0.2922877753531048,0.43966386,0.27540407,0.28493205,0.004089095845125845
ENG_PL,ENG_PL::understat_match::21977,2023-10-21 14:00:00+00:00,0,0.5861920883881782,0.2392609832019586,0.1745469284098633,0.57916874,0.23813654,0.18269469,0.004386349780725357
ENG_PL,ENG_PL::understat_match::21978,2023-10-21 16:30:00+00:00,1,0.366602671285464,0.2706217412627265,0.3627755874518095,0.37451407,0.30073208,0.32475388,-0.01013888578464936
ENG_PL,ENG_PL::understat_match::21983,2023-10-21 19:00:00+00:00,2,0.1128557749857874,0.1625784233984045,0.724565801615808,0.2565817,0.15276612,0.59065217,0.07239969489016232
ENG_PL,ENG_PL::understat_match::21976,2023-10-22 15:30:00+00:00,0,0.4677946729904721,0.2550982968272411,0.2771070301822865,0.5207062,0.25452772,0.22476609,-0.03989421586791153
ENG_PL,ENG_PL::understat_match::21984,2023-10-23 19:00:00+00:00,0,0.6324973695486452,0.2131764724818596,0.154326157969495,0.664808,0.20094086,0.1342512,-0.01424883719260285
ENG_PL,ENG_PL::understat_match::21990,2023-10-27 19:00:00+00:00,2,0.3057945912689856,0.2869348648054831,0.4072705439255313,0.31420568,0.21730445,0.46848992,-0.03180516556071966
ENG_PL,ENG_PL::understat_match::21989,2023-10-28 11:30:00+00:00,2,0.4488783792421524,0.2654282938371327,0.2856933269207148,0.4818576,0.30425632,0.21388604,0.06921800691504765
ENG_PL,ENG_PL::understat_match::21986,2023-10-28 14:00:00+00:00,0,0.8481689937477148,0.1055659176557944,0.0462650885964907,0.80754036,0.0947056,0.0977541,0.010701728871611438
ENG_PL,ENG_PL::understat_match::21985,2023-10-28 14:00:00+00:00,0,0.4540307324442566,0.2612416720139575,0.2847275955417859,0.49237606,0.26347128,0.24415267,-0.030929827853054204
ENG_PL,ENG_PL::understat_match::21994,2023-10-28 16:30:00+00:00,1,0.1922681374042492,0.2344806953423774,0.5732511672533732,0.2613899,0.15655191,0.58205813,0.02076624315223785
ENG_PL,ENG_PL::understat_match::21993,2023-10-29 13:00:00+00:00,2,0.459461859151576,0.2466392025470525,0.2938989383013715,0.43698287,0.2719905,0.29102665,-0.008043293847181776
ENG_PL,ENG_PL::understat_match::21987,2023-10-29 14:00:00+00:00,0,0.6864279650088533,0.1714339212959359,0.1421381136952107,0.7560225,0.108423255,0.13555424,-0.02031534724774936
ENG_PL,ENG_PL::understat_match::21988,2023-10-29 14:00:00+00:00,1,0.6726528399117131,0.1910402241699263,0.1363069359183605,0.71023726,0.15174356,0.13801917,0.02622242448211698
ENG_PL,ENG_PL::understat_match::21991,2023-10-29 14:00:00+00:00,0,0.7273409544398338,0.1672294964770745,0.1054295490830917,0.7851692,0.09978708,0.11504371,-0.013035499483645158
ENG_PL,ENG_PL::understat_match::21992,2023-10-29 15:30:00+00:00,2,0.2394303598948836,0.247089843585321,0.5134797965197951,0.28840214,0.2660497,0.44554818,0.048281906545976194
ENG_PL,ENG_PL::understat_match::21998,2023-11-04 12:30:00+00:00,2,0.2741479356454325,0.2481164363616113,0.4777356279929561,0.2720767,0.18805982,0.5398635,-0.031082903746289525
ENG_PL,ENG_PL::understat_match::22003,2023-11-04 15:00:00+00:00,0,0.2487630208981046,0.264384471544535,0.4868525075573604,0.31815743,0.3236836,0.35815895,-0.10409762404054607
ENG_PL,ENG_PL::understat_match::22000,2023-11-04 15:00:00+00:00,0,0.8246352683998239,0.1212174624973527,0.0541472691028234,0.78168076,0.1062772,0.112042025,0.013265999414231015
ENG_PL,ENG_PL::understat_match::21995,2023-11-04 15:00:00+00:00,0,0.5304762568956056,0.2408846572118829,0.2286390858925113,0.5607649,0.25327405,0.18596105,-0.022609707531833695
ENG_PL,ENG_PL::understat_match::21996,2023-11-04 15:00:00+00:00,2,0.3133623980905267,0.3071002880205825,0.3795373138888905,0.37732548,0.24282749,0.379847,0.02189712930157922
ENG_PL,ENG_PL::understat_match::21997,2023-11-04 15:00:00+00:00,1,0.2934009122906503,0.23971646334491,0.4668826243644394,0.32094944,0.20078973,0.47826087,0.013839233506231285
ENG_PL,ENG_PL::understat_match::22001,2023-11-04 17:30:00+00:00,0,0.4523314864557944,0.2550822941331167,0.2925862194110888,0.49502322,0.26998678,0.23499002,-0.03766282426121892
ENG_PL,ENG_PL::understat_match::22002,2023-11-05 14:00:00+00:00,0,0.2963540660404625,0.2758845344859513,0.4277613994735861,0.2868788,0.2559182,0.45720306,0.01973952487552938
ENG_PL,ENG_PL::understat_match::21999,2023-11-05 16:30:00+00:00,1,0.1062651230886286,0.1307921931938882,0.7629426837174831,0.2631319,0.19108796,0.5457801,-0.11312972540338462
ENG_PL,ENG_PL::understat_match::22004,2023-11-06 20:00:00+00:00,2,0.4554915191780718,0.2601573218199868,0.2843511590019414,0.5048018,0.2960333,0.1991649,0.08826799455231826
ENG_PL,ENG_PL::understat_match::22014,2023-11-11 12:30:00+00:00,0,0.2600922653246734,0.2610266263985232,0.4788811082768036,0.3025857,0.20179404,0.49562028,-0.02238221034548671
ENG_PL,ENG_PL::understat_match::22006,2023-11-11 15:00:00+00:00,0,0.6961458929853215,0.1928776751113538,0.1109764319033248,0.72845834,0.17889422,0.09264745,-0.011162334729719448
ENG_PL,ENG_PL::understat_match::22010,2023-11-11 15:00:00+00:00,2,0.4152942796932731,0.2820677004233208,0.3026380198834062,0.34840807,0.24548258,0.40610933,-0.09234438014606183
ENG_PL,ENG_PL::understat_match::22012,2023-11-11 15:00:00+00:00,0,0.7671176354198477,0.1322120936008638,0.1006702709792885,0.7591787,0.1108401,0.12998119,0.005260658883854241
ENG_PL,ENG_PL::understat_match::22005,2023-11-11 17:30:00+00:00,0,0.1866063714324073,0.2160378215676262,0.5973558069999664,0.2468928,0.18891773,0.56418943,-0.0664814540629356
ENG_PL,ENG_PL::understat_match::22007,2023-11-12 14:00:00+00:00,0,0.5537766722884326,0.2462800273480508,0.1999433003635167,0.5193877,0.28570086,0.19491145,0.01494302098817464
ENG_PL,ENG_PL::understat_match::22008,2023-11-12 14:00:00+00:00,1,0.847178815954386,0.1062011607047311,0.0466200233408825,0.79792744,0.09758871,0.10448384,-0.036140150556418726
ENG_PL,ENG_PL::understat_match::22011,2023-11-12 14:00:00+00:00,0,0.5814896302162962,0.2100276720623968,0.208482697721307,0.5817917,0.25868803,0.15952028,-0.009135532870378438
ENG_PL,ENG_PL::understat_match::22013,2023-11-12 14:00:00+00:00,0,0.523385217581426,0.2553529826568408,0.2212617997617332,0.46454856,0.29166123,0.24379018,0.03501173901847843
ENG_PL,ENG_PL::understat_match::22009,2023-11-12 16:30:00+00:00,1,0.2388869321433512,0.260264960731091,0.5008481071255575,0.29497775,0.2688726,0.4361497,-0.015338697046618832
ENG_PL,ENG_PL::understat_match::22020,2023-11-25 12:30:00+00:00,1,0.579530419120508,0.2171335002535251,0.203336080625967,0.6537547,0.21687251,0.12937278,0.03346573451834131
ENG_PL,ENG_PL::understat_match::22016,2023-11-25 15:00:00+00:00,2,0.3120213400449078,0.2692123149581997,0.4187663449968923,0.36450037,0.25181073,0.38368887,0.03875499154020676
ENG_PL,ENG_PL::understat_match::22019,2023-11-25 15:00:00+00:00,0,0.2783046120567962,0.2480804117927145,0.4736149761504893,0.3123821,0.2654386,0.42217934,-0.047050804372878285
ENG_PL,ENG_PL::understat_match::22021,2023-11-25 15:00:00+00:00,0,0.4988001744211138,0.2434732656441463,0.2577265599347396,0.5285604,0.26197356,0.20946601,-0.025746463223487365
ENG_PL,ENG_PL::understat_match::22022,2023-11-25 15:00:00+00:00,2,0.2355153702431814,0.2509426907145776,0.513541939042241,0.25252432,0.18673289,0.5607428,-0.017696756314736023
ENG_PL,ENG_PL::understat_match::22023,2023-11-25 15:00:00+00:00,2,0.245120664759099,0.2509728361881105,0.5039064990527902,0.28965044,0.20471373,0.5056358,0.011050205159175847
ENG_PL,ENG_PL::understat_match::22015,2023-11-25 17:30:00+00:00,2,0.35529919449125,0.2644782593933723,0.3802225461153778,0.3540392,0.24191046,0.40405032,-0.01493093761340536
ENG_PL,ENG_PL::understat_match::22024,2023-11-26 14:00:00+00:00,2,0.4664382157024871,0.2533638799304724,0.2801979043670403,0.5109328,0.27187353,0.21719365,0.06907921222626862
ENG_PL,ENG_PL::understat_match::22017,2023-11-26 16:30:00+00:00,2,0.3594072141584961,0.2455950176762313,0.3949977681652724,0.38997063,0.22055714,0.38947228,0.01480999233138608
ENG_PL,ENG_PL::understat_match::22018,2023-11-27 20:00:00+00:00,0,0.4103905963463585,0.2827225181577382,0.3068868854959031,0.40653235,0.24361287,0.34985477,0.016391701884670318
ENG_PL,ENG_PL::understat_match::22026,2023-12-02 15:00:00+00:00,0,0.6657646241051814,0.2067521484171612,0.1274832274776573,0.68945795,0.20373031,0.10681176,-0.01006007217357785
ENG_PL,ENG_PL::understat_match::22027,2023-12-02 15:00:00+00:00,0,0.7704480436620136,0.1361412511038817,0.0934107052341046,0.7704004,0.09447322,0.13512638,0.004777722316990366
ENG_PL,ENG_PL::understat_match::22028,2023-12-02 15:00:00+00:00,0,0.579473769936189,0.2442648054257938,0.176261424638017,0.5341101,0.23845701,0.22743288,0.030434335965259754
ENG_PL,ENG_PL::understat_match::22033,2023-12-02 17:30:00+00:00,2,0.3484275208564676,0.27075987203745,0.3808126071060823,0.32968011,0.26899913,0.4013208,-0.0188444743878855
ENG_PL,ENG_PL::understat_match::22032,2023-12-02 20:00:00+00:00,0,0.5523331263178164,0.2220045516035697,0.225662322078614,0.5366128,0.25526723,0.20811991,0.0033562526237156387
ENG_PL,ENG_PL::understat_match::22030,2023-12-03 14:00:00+00:00,0,0.7350877672203331,0.162010064661451,0.1029021681182159,0.78014827,0.10462902,0.1152227,-0.009578147120041292
ENG_PL,ENG_PL::understat_match::22034,2023-12-03 14:00:00+00:00,1,0.4435490784591685,0.2793199101771668,0.2771310113636648,0.4196277,0.31353405,0.26683825,-0.013123662979407119
ENG_PL,ENG_PL::understat_match::22025,2023-12-03 14:00:00+00:00,1,0.3263898732370923,0.2504098537240857,0.4232002730388219,0.33529,0.20174113,0.46296883,0.020565353827517785
ENG_PL,ENG_PL::understat_match::22029,2023-12-03 14:00:00+00:00,0,0.4375669225247925,0.2514241046348701,0.3110089728403372,0.51079684,0.28509647,0.20410672,-0.06603914031670371
ENG_PL,ENG_PL::understat_match::22031,2023-12-03 16:30:00+00:00,1,0.6730538545949506,0.1951574556103003,0.131788689794749,0.68863493,0.1974519,0.11391318,0.008412265953800319
ENG_PL,ENG_PL::understat_match::22042,2023-12-05 19:30:00+00:00,0,0.4543982001230356,0.2760400737327798,0.2695617261441846,0.46865317,0.25463563,0.27671117,-0.005723147276313484
ENG_PL,ENG_PL::understat_match::22039,2023-12-05 20:15:00+00:00,2,0.1101195758988123,0.154493520949666,0.7353869031515216,0.23945674,0.17225502,0.58828825,0.07234984341280283
ENG_PL,ENG_PL::understat_match::22040,2023-12-06 19:30:00+00:00,2,0.0671178015017212,0.1228113622680695,0.8100708362302091,0.23448455,0.14811523,0.6174002,0.08039385200583898
ENG_PL,ENG_PL::understat_match::22043,2023-12-06 19:30:00+00:00,2,0.4510834163129421,0.2677906866969146,0.2811258969901433,0.40592182,0.25562438,0.3384538,-0.058920144115022
ENG_PL,ENG_PL::understat_match::22036,2023-12-06 19:30:00+00:00,0,0.4680760290882553,0.2464495490130433,0.2854744218987015,0.492725,0.2829386,0.22433633,-0.028392015851584573
ENG_PL,ENG_PL::understat_match::22038,2023-12-06 19:30:00+00:00,0,0.4172248267933991,0.2841815993840337,0.2985935738225672,0.38681903,0.29992184,0.31325915,0.022668575237050792
ENG_PL,ENG_PL::understat_match::22035,2023-12-06 20:15:00+00:00,0,0.1966188309149787,0.2341908753391037,0.5691902937459173,0.30006033,0.22132948,0.47861022,-0.1252078354681211
ENG_PL,ENG_PL::understat_match::22044,2023-12-06 20:15:00+00:00,0,0.4021451049865824,0.2467805789121429,0.3510743161012747,0.44349524,0.25894704,0.29755768,-0.041222757748633376
ENG_PL,ENG_PL::understat_match::22037,2023-12-07 19:30:00+00:00,0,0.2738740747884759,0.2443451326538829,0.4817807925576412,0.32801035,0.20413403,0.4678556,-0.04445630479049112
ENG_PL,ENG_PL::understat_match::22041,2023-12-07 20:15:00+00:00,2,0.5217907929707198,0.2368879252310144,0.2413212817982659,0.5155264,0.27225035,0.21222322,0.019250345446486627
ENG_PL,ENG_PL::understat_match::22047,2023-12-09 12:30:00+00:00,2,0.2481642995195611,0.2504190373007728,0.5014166631796659,0.28515342,0.21832149,0.49652505,0.01231428749257249
ENG_PL,ENG_PL::understat_match::22052,2023-12-09 15:00:00+00:00,0,0.1255002529383302,0.1968702202064544,0.6776295268552154,0.23255785,0.15859018,0.60885197,-0.13213170315388212
ENG_PL,ENG_PL::understat_match::22046,2023-12-09 15:00:00+00:00,1,0.6749164356975035,0.1988764139903582,0.1262071503121382,0.6849651,0.20544137,0.109593585,0.004873731678493087
ENG_PL,ENG_PL::understat_match::22051,2023-12-09 15:00:00+00:00,2,0.5821834899739414,0.2065388730787761,0.2112776369472825,0.509923,0.24874158,0.24133544,-0.06271361908192136
ENG_PL,ENG_PL::understat_match::22054,2023-12-09 15:00:00+00:00,1,0.439517704441104,0.2851473476964553,0.2753349478624408,0.45404634,0.2547119,0.29124177,0.01099734871815608
ENG_PL,ENG_PL::understat_match::22045,2023-12-09 17:30:00+00:00,0,0.3275886087442062,0.2609649577504899,0.4114464335053038,0.33139008,0.26784837,0.40076157,-0.0068881048455256
ENG_PL,ENG_PL::understat_match::22048,2023-12-10 14:00:00+00:00,0,0.358353089619318,0.2527102745241553,0.3889366358565266,0.38212508,0.24540335,0.37247154,-0.021238987956313515
ENG_PL,ENG_PL::understat_match::22049,2023-12-10 14:00:00+00:00,0,0.3679351525318674,0.2664682381062366,0.365596609361896,0.39058703,0.24176602,0.367647,-0.01330920968509891
ENG_PL,ENG_PL::understat_match::22050,2023-12-10 14:00:00+00:00,2,0.0556473547712975,0.1076238663337109,0.8367287788949915,0.18907891,0.18141094,0.62951016,0.07162971683374658
ENG_PL,ENG_PL::understat_match::22053,2023-12-10 16:30:00+00:00,0,0.3509990851645283,0.2484563998985229,0.4005445149369487,0.42387533,0.26986614,0.30625853,-0.07796207879282069
ENG_PL,ENG_PL::understat_match::22063,2023-12-15 20:00:00+00:00,2,0.2764384085112635,0.260338941886357,0.4632226496023793,0.2838112,0.20369777,0.51249105,-0.023167152919032652
ENG_PL,ENG_PL::understat_match::22059,2023-12-16 15:00:00+00:00,0,0.7986881420287535,0.1376052640588383,0.0637065939124079,0.79792744,0.09758871,0.10448384,0.0035825994859942888
ENG_PL,ENG_PL::understat_match::22061,2023-12-16 15:00:00+00:00,1,0.7183074324710848,0.1896539817541355,0.0920385857747798,0.7205213,0.16852346,0.110955276,0.003512649197060902
ENG_PL,ENG_PL::understat_match::22062,2023-12-16 15:00:00+00:00,0,0.6629976219940331,0.195040236346794,0.1419621416591729,0.64800584,0.20266856,0.14932561,0.00623708578333429
ENG_PL,ENG_PL::understat_match::22058,2023-12-16 17:30:00+00:00,2,0.3096842451165925,0.2648343840471651,0.4254813708362427,0.3182312,0.22910808,0.45266068,-0.012562313576856055
ENG_PL,ENG_PL::understat_match::22056,2023-12-17 14:00:00+00:00,0,0.5062417088376304,0.2476857889612681,0.2460725022011014,0.5234926,0.27614555,0.2003619,-0.018572364986165463
ENG_PL,ENG_PL::understat_match::22057,2023-12-17 14:00:00+00:00,2,0.4720100648975985,0.2544470696961642,0.273542865406237,0.44531846,0.25184348,0.30283806,-0.03309510285637568
ENG_PL,ENG_PL::understat_match::22064,2023-12-17 14:00:00+00:00,0,0.5237966543452229,0.252319083822916,0.2238842618318609,0.48071328,0.26330155,0.2559852,0.02914665139501227
ENG_PL,ENG_PL::understat_match::22060,2023-12-17 16:30:00+00:00,1,0.6148478498411248,0.1934532311246924,0.1916989190341828,0.651045,0.14536017,0.20359485,0.025262056957412182
ENG_PL,ENG_PL::understat_match::22066,2023-12-21 20:00:00+00:00,1,0.3055125822284379,0.2800120574614174,0.4144753603101445,0.32496363,0.21611823,0.4589182,0.025539735209596737
ENG_PL,ENG_PL::understat_match::22065,2023-12-22 20:00:00+00:00,1,0.7733505157370669,0.1526285916468293,0.0740208926161037,0.79792744,0.09758871,0.10448384,0.022027479465435207
ENG_PL,ENG_PL::understat_match::22072,2023-12-23 12:30:00+00:00,0,0.3947897533284834,0.247808562829772,0.3574016838417446,0.40982708,0.23695654,0.3532164,-0.010474751335761756
ENG_PL,ENG_PL::understat_match::22071,2023-12-23 15:00:00+00:00,0,0.5160709380240354,0.2329215859163819,0.2510074760595826,0.5313721,0.2785497,0.19007821,-0.020725104609838924
ENG_PL,ENG_PL::understat_match::22070,2023-12-23 15:00:00+00:00,2,0.3735594181228899,0.2663967022164787,0.3600438796606312,0.3611882,0.26847494,0.37033683,-0.011078962477559018
ENG_PL,ENG_PL::understat_match::22067,2023-12-23 15:00:00+00:00,2,0.4991411265374294,0.2595210532977356,0.241337820164835,0.48829255,0.26528051,0.24642695,-0.009204100460418418
ENG_PL,ENG_PL::understat_match::22069,2023-12-23 15:00:00+00:00,0,0.1194463581304764,0.1565422113590227,0.7240114305105009,0.2505464,0.18501586,0.56443775,-0.20964829629944193
ENG_PL,ENG_PL::understat_match::22068,2023-12-23 17:30:00+00:00,1,0.4499619766718098,0.2436750008810307,0.3063630224471594,0.49143633,0.28216997,0.22639374,-0.0017801529340390199
ENG_PL,ENG_PL::understat_match::22073,2023-12-24 13:00:00+00:00,0,0.263429388270361,0.2644009837104032,0.4721696280192359,0.3179369,0.19883431,0.48322883,-0.03338013592606215
ENG_PL,ENG_PL::understat_match::22083,2023-12-26 12:30:00+00:00,2,0.6988090654626362,0.1853206359024437,0.1158702986349199,0.73453885,0.14460416,0.12085697,0.02121015091866707
ENG_PL,ENG_PL::understat_match::22075,2023-12-26 15:00:00+00:00,0,0.5074294579089463,0.2408644613838853,0.2517060807071683,0.48245448,0.24026556,0.27727997,0.01937793000914914
ENG_PL,ENG_PL::understat_match::22084,2023-12-26 15:00:00+00:00,2,0.3613660377211384,0.2555461033882825,0.3830878588905789,0.3915168,0.24631909,0.36216408,0.02447699495804645
ENG_PL,ENG_PL::understat_match::22079,2023-12-26 17:30:00+00:00,2,0.1647144553820567,0.2094896121332239,0.6257959324847194,0.26081914,0.1532566,0.58592427,0.03616289917083999
ENG_PL,ENG_PL::understat_match::22082,2023-12-26 20:00:00+00:00,0,0.4555452031957321,0.245830816752269,0.2986239800519988,0.48204935,0.25611803,0.2618326,-0.024389059739086894
ENG_PL,ENG_PL::understat_match::22077,2023-12-27 19:30:00+00:00,2,0.5898006539082723,0.2355164926405911,0.1746828534511366,0.5193446,0.2749929,0.20566246,-0.06416113988644012
ENG_PL,ENG_PL::understat_match::22080,2023-12-27 19:30:00+00:00,0,0.5485904374053109,0.2518373822393935,0.1995721803552955,0.5065361,0.28216267,0.21130121,0.022277573371642753
ENG_PL,ENG_PL::understat_match::22081,2023-12-27 20:15:00+00:00,2,0.2007847017764167,0.232814078540777,0.5664012196828062,0.28352314,0.20638014,0.51009667,0.04603409430593282
ENG_PL,ENG_PL::understat_match::22078,2023-12-28 19:30:00+00:00,0,0.5018593674627423,0.234329751741364,0.2638108807958939,0.5195449,0.25615546,0.22429968,-0.018296412673405066
ENG_PL,ENG_PL::understat_match::22076,2023-12-28 20:15:00+00:00,2,0.6316910864113595,0.2144233671983753,0.1538855463902652,0.7150385,0.17100185,0.11395971,0.0907020972826521
ENG_PL,ENG_PL::understat_match::22089,2023-12-30 12:30:00+00:00,2,0.1524840758009709,0.1817225554534892,0.66579336874554,0.26555473,0.16925038,0.5651949,0.06231465881378179
ENG_PL,ENG_PL::understat_match::22090,2023-12-30 15:00:00+00:00,0,0.8883598951459996,0.0831585122153739,0.0284815926386263,0.8146632,0.08893203,0.09640476,0.015184454736135545
ENG_PL,ENG_PL::understat_match::22094,2023-12-30 15:00:00+00:00,0,0.3323271620618472,0.2667582428789027,0.4009145950592501,0.35241687,0.2402274,0.40735576,-0.010608468667437143
ENG_PL,ENG_PL::understat_match::22085,2023-12-30 15:00:00+00:00,0,0.6244661322267554,0.2227216746584046,0.15281219311484,0.6600504,0.20829853,0.13165113,-0.015739759487349986
ENG_PL,ENG_PL::understat_match::22086,2023-12-30 15:00:00+00:00,0,0.339074288858872,0.2849588239616065,0.3759668871795215,0.32249516,0.2698187,0.4076861,0.023523438376395367
ENG_PL,ENG_PL::understat_match::22091,2023-12-30 17:30:00+00:00,0,0.3157765710234015,0.2566579278456115,0.427565501130987,0.2952728,0.20905742,0.49566975,0.04567750229536155
ENG_PL,ENG_PL::understat_match::22087,2023-12-31 14:00:00+00:00,0,0.2016700538849182,0.2435567745970135,0.5547731715180682,0.22033004,0.16747776,0.6121922,0.018780285461987956
ENG_PL,ENG_PL::understat_match::22092,2023-12-31 14:00:00+00:00,0,0.5575409197311404,0.2178654043513644,0.224593675917495,0.54990727,0.24469595,0.20539679,-0.000720527522566447
ENG_PL,ENG_PL::understat_match::22088,2024-01-01 20:00:00+00:00,0,0.5257848218700542,0.2184651883543464,0.2557499897755994,0.5622757,0.24584447,0.19187987,-0.030933837661976826
ENG_PL,ENG_PL::understat_match::22093,2024-01-02 19:30:00+00:00,1,0.3401227940787577,0.2545196946677112,0.405357511253531,0.3707397,0.21407884,0.4151815,0.014912670029777864
ENG_PL,ENG_PL::understat_match::22096,2024-01-12 19:45:00+00:00,1,0.5278731229445134,0.2296224107915731,0.2425044662639135,0.5436711,0.21428314,0.24204579,0.008352966970826353
ENG_PL,ENG_PL::understat_match::22097,2024-01-13 12:30:00+00:00,0,0.6093424324871679,0.2185911556373275,0.1720664118755046,0.6540531,0.21236306,0.13358386,-0.022348139349082252
ENG_PL,ENG_PL::understat_match::22100,2024-01-13 17:30:00+00:00,2,0.2789044192605437,0.2438445641547085,0.4772510165847478,0.33336434,0.2733132,0.39332247,0.0640676174826918
ENG_PL,ENG_PL::understat_match::22098,2024-01-14 14:00:00+00:00,1,0.4053075588820445,0.2577025479488025,0.3369898931691532,0.4210183,0.25795332,0.32102835,0.0012396041269572555
ENG_PL,ENG_PL::understat_match::22099,2024-01-14 16:30:00+00:00,1,0.4419333053059726,0.2360827256089323,0.3219839690850951,0.46742234,0.23249148,0.30008623,0.00477832269794487
ENG_PL,ENG_PL::understat_match::22103,2024-01-20 12:30:00+00:00,0,0.6275718941374463,0.2285018449497683,0.1439262609127855,0.7013814,0.18696141,0.1116572,-0.02888852738710103
ENG_PL,ENG_PL::understat_match::22104,2024-01-20 17:30:00+00:00,0,0.5873926933851648,0.2339009564225183,0.1787063501923168,0.63421935,0.20875934,0.15702133,-0.021864790173509396
ENG_PL,ENG_PL::understat_match::22101,2024-01-21 14:00:00+00:00,1,0.2371547952833896,0.2549544500593088,0.5078907546573017,0.32543135,0.26755884,0.40700975,-0.02131642209260501
ENG_PL,ENG_PL::understat_match::22102,2024-01-21 16:30:00+00:00,2,0.2516309381442905,0.2202419736518848,0.5281270882038247,0.3333845,0.19794193,0.46867362,0.053735408737839885
ENG_PL,ENG_PL::understat_match::22095,2024-01-22 19:45:00+00:00,1,0.6298308566838963,0.2119617598982972,0.1582073834178064,0.68943334,0.19391747,0.11664918,0.03360443962199142
ENG_PL,ENG_PL::understat_match::22108,2024-01-30 19:30:00+00:00,2,0.1953138844861485,0.245062906365945,0.5596232091479064,0.20983632,0.18337956,0.6067841,-0.01671460537072611
ENG_PL,ENG_PL::understat_match::22107,2024-01-30 19:45:00+00:00,0,0.1710238641494507,0.1868117325710238,0.6421644032795256,0.2724647,0.16799584,0.5595395,-0.12859225794313212
ENG_PL,ENG_PL::understat_match::22106,2024-01-30 19:45:00+00:00,1,0.3648888085118661,0.2647682854636111,0.3703429060245228,0.37316015,0.2608815,0.36595836,0.0014381455693823764
ENG_PL,ENG_PL::understat_match::22112,2024-01-30 20:00:00+00:00,0,0.6061512936076824,0.2373041032247409,0.1565446031675766,0.56945896,0.26071993,0.16982111,0.01729089509854964
ENG_PL,ENG_PL::understat_match::22105,2024-01-30 20:15:00+00:00,2,0.4090129014047532,0.2445781408752474,0.3464089577199993,0.4676419,0.2536438,0.27871427,0.07223459772005147
ENG_PL,ENG_PL::understat_match::22109,2024-01-31 19:30:00+00:00,0,0.4626539604398418,0.2436196534497639,0.2937263861103941,0.51254964,0.2562633,0.23118706,-0.04198031192147503
ENG_PL,ENG_PL::understat_match::22114,2024-01-31 19:30:00+00:00,0,0.8171544327357867,0.1300389378854038,0.0528066293788094,0.80663383,0.089076616,0.10428951,0.0060228702612538584
ENG_PL,ENG_PL::understat_match::22113,2024-01-31 20:15:00+00:00,0,0.5850136261974516,0.2124006599532032,0.2025857138493451,0.58390456,0.23509355,0.18100183,-0.003678780980968216
ENG_PL,ENG_PL::understat_match::22110,2024-02-01 19:30:00+00:00,1,0.4591434181279138,0.2480721983666235,0.2927843835054627,0.4216626,0.27787477,0.30046266,-0.014229125111919538
ENG_PL,ENG_PL::understat_match::22111,2024-02-01 20:15:00+00:00,2,0.3449564756203527,0.2624394575308729,0.3926040668487743,0.3724423,0.22792345,0.39963427,0.00561376212387199
ENG_PL,ENG_PL::understat_match::22121,2024-02-03 12:30:00+00:00,1,0.3980518856881915,0.2412646253546654,0.3606834889571431,0.45366845,0.21673523,0.3295963,0.012955461586465322
ENG_PL,ENG_PL::understat_match::22118,2024-02-03 15:00:00+00:00,0,0.561764355608661,0.2428800127741752,0.195355631617164,0.51288444,0.30537897,0.18173653,0.020047727738850177
ENG_PL,ENG_PL::understat_match::22119,2024-02-03 15:00:00+00:00,1,0.3877982665696333,0.2775057586273385,0.334695974803028,0.35848224,0.23609275,0.40542498,0.01523503345322405
ENG_PL,ENG_PL::understat_match::22123,2024-02-03 15:00:00+00:00,1,0.7914931999656709,0.1200860556754895,0.0884207443588395,0.7556867,0.10878421,0.13552909,-0.02242459367927463
ENG_PL,ENG_PL::understat_match::22124,2024-02-03 17:30:00+00:00,2,0.2063831599946973,0.2415288617748443,0.5520879782304584,0.2565817,0.15276612,0.59065217,-0.004909687303782717
ENG_PL,ENG_PL::understat_match::22115,2024-02-04 14:00:00+00:00,1,0.5092226515442453,0.2521087275569876,0.238668620898767,0.5113435,0.27105126,0.21760523,-0.003723114129432742
ENG_PL,ENG_PL::understat_match::22120,2024-02-04 14:00:00+00:00,2,0.5963247883435827,0.2242290146389874,0.1794461970174299,0.66441846,0.20535187,0.13022968,0.08452027509077176
ENG_PL,ENG_PL::understat_match::22122,2024-02-04 14:00:00+00:00,0,0.5302246607565716,0.2318385428810809,0.2379367963623472,0.525929,0.26080182,0.21326925,-0.003537842415492737
ENG_PL,ENG_PL::understat_match::22116,2024-02-04 16:30:00+00:00,0,0.4527332470396733,0.2449048023369611,0.3023619506233653,0.51360595,0.26444066,0.2219534,-0.05254058508665524
ENG_PL,ENG_PL::understat_match::22117,2024-02-05 20:00:00+00:00,2,0.2347215511961271,0.243350693777214,0.5219277550266588,0.23906215,0.23229513,0.5286427,-0.0021594388131223607
ENG_PL,ENG_PL::understat_match::22130,2024-02-10 12:30:00+00:00,0,0.7127471000664958,0.1747586806023416,0.1124942193311627,0.7888139,0.0974158,0.1137703,-0.018812960941316965
ENG_PL,ENG_PL::understat_match::22127,2024-02-10 15:00:00+00:00,0,0.3919326177943342,0.2596302594305641,0.3484371227751016,0.38114548,0.23959136,0.37926316,0.017833548478718958
ENG_PL,ENG_PL::understat_match::22128,2024-02-10 15:00:00+00:00,0,0.7645021107063904,0.1496353999528377,0.0858624893407716,0.7753069,0.12089786,0.10379522,-0.000785581375232193
ENG_PL,ENG_PL::understat_match::22129,2024-02-10 15:00:00+00:00,2,0.5609502526448855,0.2111734582035703,0.227876289151544,0.55585825,0.20782165,0.23632011,-0.009327394539758727
ENG_PL,ENG_PL::understat_match::22132,2024-02-10 15:00:00+00:00,0,0.4330678961732075,0.2366960088026337,0.3302360950241588,0.45103094,0.2618221,0.28714696,-0.023323751349835525
ENG_PL,ENG_PL::understat_match::22134,2024-02-10 15:00:00+00:00,2,0.3264365388363275,0.2589997784887403,0.414563682674932,0.33054218,0.22297594,0.44648185,-0.016828029757387508
ENG_PL,ENG_PL::understat_match::22131,2024-02-10 17:30:00+00:00,2,0.2616931221928369,0.2432857193241735,0.4950211584829896,0.28139806,0.18840429,0.5301976,-0.011793902844375231
ENG_PL,ENG_PL::understat_match::22133,2024-02-11 14:00:00+00:00,2,0.2316645939984949,0.2471327563593372,0.5212026496421678,0.2537333,0.19863734,0.54762936,-0.0069477982365984126
ENG_PL,ENG_PL::understat_match::22125,2024-02-11 16:30:00+00:00,2,0.4636648429292817,0.2406977300795627,0.2956374269911554,0.5070782,0.25861165,0.23431015,0.06614874831116546
ENG_PL,ENG_PL::understat_match::22126,2024-02-12 20:00:00+00:00,2,0.3170439808130488,0.2755503373250428,0.4074056818619085,0.32514286,0.2531822,0.42167497,-0.005753593985151018
ENG_PL,ENG_PL::understat_match::22135,2024-02-17 12:30:00+00:00,2,0.3109222233924802,0.2328908381284546,0.4561869384790651,0.33815697,0.22302693,0.43881616,0.018436131516279708
ENG_PL,ENG_PL::understat_match::22136,2024-02-17 15:00:00+00:00,2,0.1474119553451158,0.216697059102411,0.635890985552473,0.19695015,0.14733352,0.6557163,0.0015074745765141645
ENG_PL,ENG_PL::understat_match::22138,2024-02-17 15:00:00+00:00,2,0.3214055339326594,0.2531186556077928,0.4254758104595478,0.28459594,0.20369498,0.5117091,-0.056978352840265756
ENG_PL,ENG_PL::understat_match::22141,2024-02-17 15:00:00+00:00,1,0.5842932955758474,0.2065916948199922,0.2091150096041602,0.52720267,0.23727942,0.23551792,-0.025858200731919856
ENG_PL,ENG_PL::understat_match::22142,2024-02-17 15:00:00+00:00,0,0.3787733736468921,0.2797137427769451,0.3415128835761626,0.37297177,0.27921084,0.34781742,0.005793892327007777
ENG_PL,ENG_PL::understat_match::22144,2024-02-17 15:00:00+00:00,2,0.5983260492483999,0.2137325101864969,0.1879414405651031,0.6992216,0.18253684,0.118241526,0.1244878314425737
ENG_PL,ENG_PL::understat_match::22140,2024-02-17 17:30:00+00:00,1,0.6527168273524195,0.2029176804464161,0.1443654922011643,0.69647443,0.17425336,0.12927225,0.02745364560694913
ENG_PL,ENG_PL::understat_match::22143,2024-02-18 14:00:00+00:00,2,0.1730302240269517,0.2145886373430905,0.6123811386299577,0.25603408,0.1545744,0.5893915,0.026982462031525406
ENG_PL,ENG_PL::understat_match::22139,2024-02-18 16:30:00+00:00,2,0.2512914782819248,0.2050752957801311,0.5436332259379442,0.34124276,0.18889268,0.46986458,0.06303609013683298
ENG_PL,ENG_PL::understat_match::22137,2024-02-19 20:00:00+00:00,1,0.4915759748192204,0.2627357240381265,0.245688301142653,0.48900437,0.25295407,0.25804156,0.0018505220181127546
ENG_PL,ENG_PL::understat_match::22074,2024-02-20 19:30:00+00:00,0,0.6720076985365453,0.1925457556528647,0.1354465458105899,0.7014202,0.16582036,0.13275947,-0.009574870183890152
ENG_PL,ENG_PL::understat_match::22151,2024-02-21 19:30:00+00:00,0,0.8476604173951449,0.0932620357710612,0.0590775468337939,0.7789689,0.11482431,0.106206894,0.016718573416802284
ENG_PL,ENG_PL::understat_match::22147,2024-02-24 15:00:00+00:00,0,0.5352261019598803,0.2476567475513826,0.217117150488737,0.53611696,0.26873532,0.1951477,-0.004942255480655577
ENG_PL,ENG_PL::understat_match::22148,2024-02-24 15:00:00+00:00,1,0.5072989259018219,0.2326524709458118,0.2600486031523664,0.5351161,0.26805276,0.19683118,5.71236376421258e-05
ENG_PL,ENG_PL::understat_match::22150,2024-02-24 15:00:00+00:00,0,0.4699944287305407,0.2856508516851586,0.2443547195843008,0.46124148,0.2577402,0.28101838,0.0143084493425783
ENG_PL,ENG_PL::understat_match::22152,2024-02-24 15:00:00+00:00,2,0.5719913730538525,0.218611002394293,0.2093976245518544,0.56495386,0.22601806,0.20902808,-0.0037083886291567336
ENG_PL,ENG_PL::understat_match::22145,2024-02-24 17:30:00+00:00,2,0.181732327041033,0.2202685459817373,0.5979991269772297,0.24272361,0.20333289,0.5539435,0.031624900073545625
ENG_PL,ENG_PL::understat_match::22146,2024-02-24 20:00:00+00:00,0,0.5793375672374418,0.2171720171907702,0.2034904155717879,0.661614,0.19247599,0.14590997,-0.04128520590977969
ENG_PL,ENG_PL::understat_match::22154,2024-02-25 13:30:00+00:00,0,0.5907409542027248,0.2299759225928116,0.1792831232044636,0.6494676,0.1797239,0.17080851,-0.02379344547290055
ENG_PL,ENG_PL::understat_match::22153,2024-02-26 20:00:00+00:00,0,0.3506683859979442,0.254033815009698,0.3952977989923578,0.3540694,0.2646444,0.38128623,-0.007643223098810381
ENG_PL,ENG_PL::understat_match::22164,2024-03-02 15:00:00+00:00,0,0.5408211297268384,0.2437863585977221,0.2153925116754393,0.5160364,0.30174115,0.1822225,0.00509331991618453
ENG_PL,ENG_PL::understat_match::22162,2024-03-02 15:00:00+00:00,2,0.2005478476030564,0.2203040868423527,0.579148065554591,0.24728632,0.18074575,0.57196796,0.013513093655873082
ENG_PL,ENG_PL::understat_match::22161,2024-03-02 15:00:00+00:00,0,0.615029195429877,0.2066574133271408,0.178313391242982,0.6737514,0.18811437,0.13813421,-0.027239488659748776
ENG_PL,ENG_PL::understat_match::22157,2024-03-02 15:00:00+00:00,2,0.5061788765769536,0.2404833497389629,0.2533377736840834,0.5016338,0.2436522,0.25471398,-0.0033169196564819536
ENG_PL,ENG_PL::understat_match::22155,2024-03-02 15:00:00+00:00,1,0.4054977842976187,0.245358321589107,0.3491438941132744,0.42514157,0.2583306,0.31652787,-0.0026973395596890937
ENG_PL,ENG_PL::understat_match::22158,2024-03-02 15:00:00+00:00,0,0.27531762282359,0.246086197621833,0.478596179554577,0.27194268,0.18845968,0.5395976,0.03350711014420443
ENG_PL,ENG_PL::understat_match::22159,2024-03-02 17:30:00+00:00,2,0.2354844196466955,0.2023567971004932,0.5621587832528113,0.31165746,0.17611392,0.5122286,0.04394672960619479
ENG_PL,ENG_PL::understat_match::22156,2024-03-03 13:00:00+00:00,2,0.2968355833845499,0.2649957076077763,0.4381687090076737,0.29513732,0.21369864,0.4911641,-0.028872841033598995
ENG_PL,ENG_PL::understat_match::22160,2024-03-03 15:30:00+00:00,0,0.686762287959338,0.1833648616057247,0.1298728504349373,0.76437086,0.100646645,0.13498247,-0.020621731482259265
ENG_PL,ENG_PL::understat_match::22163,2024-03-04 20:00:00+00:00,2,0.0884872234654132,0.167934277440721,0.7435784990938659,0.18919684,0.1809004,0.6299028,0.049592710802841826
ENG_PL,ENG_PL::understat_match::22172,2024-03-09 12:30:00+00:00,0,0.4702393511733084,0.2328739695819273,0.2968866792447643,0.5037425,0.26960695,0.22665052,-0.03557304473815537
ENG_PL,ENG_PL::understat_match::22165,2024-03-09 15:00:00+00:00,1,0.6748115588616564,0.1928175360685984,0.132370905069745,0.6531438,0.20624779,0.14060837,-0.013262564483930317
ENG_PL,ENG_PL::understat_match::22170,2024-03-09 15:00:00+00:00,1,0.5385158414185288,0.229641003570921,0.2318431550105503,0.51719373,0.20631072,0.2764956,9.430133395785245e-05
ENG_PL,ENG_PL::understat_match::22174,2024-03-09 15:00:00+00:00,0,0.4161089303796738,0.2658322149513522,0.318058854668974,0.41721776,0.22371131,0.3590709,0.013238415349915517
ENG_PL,ENG_PL::understat_match::22166,2024-03-09 17:30:00+00:00,0,0.6416375128861668,0.203979401738608,0.154383085375225,0.7190728,0.16692266,0.114004485,-0.030170351844673884
ENG_PL,ENG_PL::understat_match::22167,2024-03-10 13:00:00+00:00,2,0.421710216851868,0.2364223277999703,0.3418674553481616,0.487131,0.22925131,0.28361776,0.06976114627320884
ENG_PL,ENG_PL::understat_match::22168,2024-03-10 14:00:00+00:00,0,0.5833748198509446,0.2309550256055615,0.1856701545434938,0.66317683,0.20520553,0.13161764,-0.038638446222245326
ENG_PL,ENG_PL::understat_match::22173,2024-03-10 14:00:00+00:00,1,0.5218800122024959,0.2529080082387286,0.2252119795587754,0.4657744,0.29243085,0.24179482,-0.023834347397932137
ENG_PL,ENG_PL::understat_match::22171,2024-03-10 15:45:00+00:00,1,0.3387458255485968,0.2500132161893567,0.4112409582620466,0.38967037,0.2679902,0.34233943,-0.007414299438487815
ENG_PL,ENG_PL::understat_match::22169,2024-03-11 20:00:00+00:00,0,0.423193596258092,0.2336899194863021,0.3431164842556057,0.47424507,0.25432885,0.2714261,-0.05017209321311045
ENG_PL,ENG_PL::understat_match::25861,2024-03-13 19:30:00+00:00,0,0.6528337431790535,0.1749196408049835,0.1722466160159629,0.6525276,0.14176747,0.20570497,0.006429149838768966
ENG_PL,ENG_PL::understat_match::22177,2024-03-16 15:00:00+00:00,0,0.2616432126478833,0.2543733948156725,0.4839833925364442,0.2998337,0.20475066,0.49541566,-0.021870548880690843
ENG_PL,ENG_PL::understat_match::22181,2024-03-16 15:00:00+00:00,1,0.3506517290645896,0.2360274853813307,0.4133207855540796,0.4149517,0.21907125,0.36597702,0.006166708319210568
ENG_PL,ENG_PL::understat_match::22180,2024-03-16 17:30:00+00:00,0,0.3068790210221225,0.2409312475500358,0.4521897314278415,0.3323222,0.19517039,0.47250733,-0.007917677117979915
ENG_PL,ENG_PL::understat_match::22183,2024-03-17 14:00:00+00:00,1,0.3682414444907194,0.2488999677174485,0.382858587791832,0.41699308,0.2054444,0.37756252,0.017127114540046673
ENG_PL,ENG_PL::understat_match::22191,2024-03-30 12:30:00+00:00,0,0.5823472210031371,0.212720945047309,0.2049318339495541,0.56432915,0.23967661,0.19599423,0.00589597031454038
ENG_PL,ENG_PL::understat_match::22194,2024-03-30 15:00:00+00:00,0,0.7374129886032561,0.1410254665411201,0.121561544855624,0.67163646,0.13459684,0.19376667,0.03081950216447791
ENG_PL,ENG_PL::understat_match::22192,2024-03-30 15:00:00+00:00,1,0.4055820139901035,0.2970170545742804,0.297400931435616,0.39878294,0.29732966,0.30388737,-0.0007843599522978084
ENG_PL,ENG_PL::understat_match::22193,2024-03-30 15:00:00+00:00,1,0.2632885727606189,0.2498206329782471,0.4868907942611339,0.27049097,0.2573194,0.4721896,-0.005127535691549029
ENG_PL,ENG_PL::understat_match::22185,2024-03-30 15:00:00+00:00,0,0.4086215781065285,0.2407368139491881,0.3506416079442834,0.43855774,0.25680107,0.30464125,-0.03232715768842484
ENG_PL,ENG_PL::understat_match::22188,2024-03-30 15:00:00+00:00,1,0.6357836775241733,0.2117019300552053,0.1525143924206215,0.65540093,0.19954634,0.14505276,0.011554575865077327
ENG_PL,ENG_PL::understat_match::22186,2024-03-30 17:30:00+00:00,0,0.5674138322174958,0.2265874412693411,0.205998726513163,0.6768619,0.18766351,0.13547458,-0.05339732571955884
ENG_PL,ENG_PL::understat_match::22187,2024-03-30 20:00:00+00:00,1,0.4457546671347048,0.2351498063969564,0.3190955264683389,0.44400695,0.24471827,0.31127477,-0.0032425132064741458
ENG_PL,ENG_PL::understat_match::22189,2024-03-31 13:00:00+00:00,0,0.5648284573432476,0.215634590258183,0.2195369523985693,0.57233894,0.25024444,0.17741664,-0.011600051838562789
ENG_PL,ENG_PL::understat_match::22190,2024-03-31 15:30:00+00:00,1,0.468904500442024,0.2686113985613086,0.2624841009966672,0.5001657,0.24594374,0.25389054,0.01292840905677442
ENG_PL,ENG_PL::understat_match::22202,2024-04-02 18:30:00+00:00,1,0.5256534662970046,0.2222394981674184,0.2521070355355771,0.5286859,0.2466389,0.22467521,-0.004940889164371326
ENG_PL,ENG_PL::understat_match::22198,2024-04-02 18:30:00+00:00,0,0.427475581770893,0.2703822634074165,0.3021421548216904,0.3788362,0.26055974,0.3606041,0.04840281822353276
ENG_PL,ENG_PL::understat_match::22197,2024-04-02 18:45:00+00:00,1,0.3830426759339597,0.2721801005184289,0.3447772235476113,0.3929307,0.25268006,0.35438928,0.007196619810949101
ENG_PL,ENG_PL::understat_match::22195,2024-04-02 18:45:00+00:00,0,0.4664998724821735,0.2628040082523931,0.2706961192654332,0.46654335,0.299266,0.23419063,-0.009238758422832005
ENG_PL,ENG_PL::understat_match::22199,2024-04-02 19:15:00+00:00,1,0.333779730929757,0.2441587707638115,0.4220614983064312,0.36458436,0.18099095,0.45442474,0.02493936252213136
ENG_PL,ENG_PL::understat_match::22196,2024-04-03 18:30:00+00:00,0,0.8467420755072838,0.1002293914400243,0.0530285330526918,0.8023728,0.09205605,0.10557113,0.011950878046051223
ENG_PL,ENG_PL::understat_match::22200,2024-04-03 18:30:00+00:00,1,0.4101490063984959,0.2457055951221843,0.3441453984793198,0.430201,0.2548717,0.31492734,-0.0012030691472188215
ENG_PL,ENG_PL::understat_match::22204,2024-04-03 19:15:00+00:00,0,0.6999707855846179,0.1822083864751643,0.1178208279402176,0.75079525,0.12300881,0.12619595,-0.012935422516376575
ENG_PL,ENG_PL::understat_match::22203,2024-04-04 18:30:00+00:00,0,0.8525503252577021,0.0990559568700336,0.0483937178722641,0.7821299,0.11497902,0.10289113,0.016985302465078803
ENG_PL,ENG_PL::understat_match::22201,2024-04-04 19:15:00+00:00,0,0.5098826356542944,0.2245716524248295,0.2655457119208758,0.53651357,0.2411489,0.22233753,-0.02323794944726154
ENG_PL,ENG_PL::understat_match::22207,2024-04-06 11:30:00+00:00,2,0.1485457234630731,0.2355094472916106,0.6159448292453162,0.22977182,0.16864263,0.60158557,0.02098247239241592
ENG_PL,ENG_PL::understat_match::22205,2024-04-06 14:00:00+00:00,1,0.4312135420265613,0.2382772615091643,0.3305091964642744,0.4548527,0.23260306,0.3125443,0.004696712372563472
ENG_PL,ENG_PL::understat_match::22208,2024-04-06 14:00:00+00:00,0,0.5850660823019722,0.2254410764083345,0.1894928412896933,0.62360346,0.20552461,0.1708719,-0.018603064610284673
ENG_PL,ENG_PL::understat_match::22209,2024-04-06 14:00:00+00:00,2,0.2844269250271791,0.2312775501082234,0.4842955248645973,0.3507353,0.20678991,0.44247475,0.043499921112056195
ENG_PL,ENG_PL::understat_match::22210,2024-04-06 14:00:00+00:00,0,0.2964299803234791,0.2160124729561479,0.487557546720373,0.35044253,0.1885256,0.46103188,-0.049123927459275296
ENG_PL,ENG_PL::understat_match::22214,2024-04-06 14:00:00+00:00,2,0.3823258061226787,0.2645715544647978,0.3531026394125235,0.43407303,0.23274907,0.33317786,0.034210929933593814
ENG_PL,ENG_PL::understat_match::22206,2024-04-06 16:30:00+00:00,2,0.2869559849054025,0.2663105653720062,0.4467334497225912,0.29623768,0.28327098,0.42049134,0.01756971906840815
ENG_PL,ENG_PL::understat_match::22211,2024-04-07 14:30:00+00:00,1,0.2736453006287929,0.218064247362557,0.5082904520086501,0.40454134,0.22962843,0.36583024,-0.017877734586544042
ENG_PL,ENG_PL::understat_match::22212,2024-04-07 16:30:00+00:00,1,0.1743048519146612,0.2080372781980963,0.6176578698872426,0.26161346,0.18428633,0.55410016,-0.01820738763804927
ENG_PL,ENG_PL::understat_match::22213,2024-04-07 17:00:00+00:00,0,0.55753386814982,0.2321459153758309,0.2103202164743489,0.69793034,0.18060818,0.12146148,-0.06700594540546626
ENG_PL,ENG_PL::understat_match::22222,2024-04-13 11:30:00+00:00,0,0.4978977413693757,0.2196981265951946,0.2824041320354296,0.48793462,0.22408909,0.28797626,0.006641255744898655
ENG_PL,ENG_PL::understat_match::22223,2024-04-13 14:00:00+00:00,1,0.4590210174904934,0.2710339224854375,0.269945060024069,0.4419386,0.27734083,0.2807205,-0.004728422694465079
ENG_PL,ENG_PL::understat_match::22221,2024-04-13 14:00:00+00:00,0,0.8725137962637677,0.0856222494167044,0.0418639543195279,0.80663383,0.089076616,0.10428951,0.015130729641343479
ENG_PL,ENG_PL::understat_match::22218,2024-04-13 14:00:00+00:00,1,0.2526688455152237,0.252395507600768,0.4949356468840082,0.26865438,0.17887361,0.552472,0.0342988197438828
ENG_PL,ENG_PL::understat_match::22217,2024-04-13 14:00:00+00:00,0,0.6847315939054639,0.1849364698081515,0.1303319362863847,0.69208443,0.14674036,0.16117518,0.0022044290297213165
ENG_PL,ENG_PL::understat_match::22215,2024-04-13 16:30:00+00:00,1,0.422372284664111,0.2353340324099465,0.3422936829259425,0.41920245,0.23271924,0.34807837,0.0006629447641922637
ENG_PL,ENG_PL::understat_match::22220,2024-04-14 13:00:00+00:00,2,0.6984063554903768,0.1835717088486629,0.1180219356609602,0.73537856,0.15629709,0.10832436,0.035105177433467416
ENG_PL,ENG_PL::understat_match::22224,2024-04-14 13:00:00+00:00,2,0.4640614608839888,0.2510332994069623,0.2849052397090488,0.4558015,0.22016972,0.32402873,-0.03101074169871243
ENG_PL,ENG_PL::understat_match::22216,2024-04-14 15:30:00+00:00,2,0.6694688386813862,0.19476210250838,0.135769058810234,0.70123535,0.170374,0.12839061,0.02817510020085734
ENG_PL,ENG_PL::understat_match::22219,2024-04-15 19:00:00+00:00,0,0.4980777443949153,0.2352957254782589,0.2666265301268258,0.5293139,0.2607628,0.20992333,-0.028701247483880005
ENG_PL,ENG_PL::understat_match::22232,2024-04-20 14:00:00+00:00,2,0.3510653117326858,0.2762764755389495,0.3726582127283646,0.35144222,0.32016638,0.32839146,0.02888256444959786
ENG_PL,ENG_PL::understat_match::22230,2024-04-20 14:00:00+00:00,2,0.2644995134805351,0.2146369199727053,0.5208635665467596,0.31188622,0.18353862,0.50457513,0.02159353472693698
ENG_PL,ENG_PL::understat_match::22234,2024-04-20 18:30:00+00:00,2,0.1591972088734915,0.2282367126117075,0.6125660785148009,0.1982,0.19769447,0.60410553,0.010283437872574477
ENG_PL,ENG_PL::understat_match::22228,2024-04-21 12:30:00+00:00,0,0.4795660964388207,0.2566280051986966,0.2638058983624826,0.48908523,0.2581532,0.25276163,-0.0077613336624816065
ENG_PL,ENG_PL::understat_match::22225,2024-04-21 14:00:00+00:00,0,0.4668709877673657,0.2370316268834953,0.2960973853491389,0.5060188,0.2362508,0.25773033,-0.030728927808319595
ENG_PL,ENG_PL::understat_match::22227,2024-04-21 14:00:00+00:00,0,0.4203575545421905,0.2740561705632205,0.3055862748945891,0.4474564,0.23724653,0.31529707,-0.012325827047902443
ENG_PL,ENG_PL::understat_match::22229,2024-04-21 15:30:00+00:00,2,0.2018888156009522,0.2038255585756542,0.5942856258233936,0.33670357,0.22331849,0.43997797,0.11081537460828153
ENG_PL,ENG_PL::understat_match::22175,2024-04-23 19:00:00+00:00,0,0.6137394655876994,0.2175234838616337,0.1687370505506668,0.69283134,0.17516653,0.13200216,-0.0329461234955348
ENG_PL,ENG_PL::understat_match::22184,2024-04-24 18:45:00+00:00,2,0.3577975557237046,0.2587550494677625,0.3834473948085325,0.3915745,0.22083983,0.38758564,0.010112866575247681
ENG_PL,ENG_PL::understat_match::22182,2024-04-24 19:00:00+00:00,0,0.6581391527913358,0.1903854260993763,0.1514754211092878,0.709445,0.15042126,0.1401338,-0.017876984590578376
ENG_PL,ENG_PL::understat_match::22178,2024-04-24 19:00:00+00:00,0,0.3002850778544222,0.2525191026697626,0.447195819475815,0.33521613,0.20008466,0.46469915,-0.015851065590761604
ENG_PL,ENG_PL::understat_match::22179,2024-04-24 19:00:00+00:00,0,0.2499095618209559,0.2228450713543109,0.5272453668247331,0.31937328,0.23156187,0.44906485,-0.08785568490931595
ENG_PL,ENG_PL::understat_match::22176,2024-04-25 19:00:00+00:00,2,0.2264618750984369,0.2397432682818262,0.5337948566197369,0.29253602,0.26922968,0.4382343,0.06626288771807251
ENG_PL,ENG_PL::understat_match::22243,2024-04-27 11:30:00+00:00,1,0.2000451184276054,0.2048433784639024,0.5951115031084923,0.31142136,0.18206087,0.50651777,-0.020316117519256882
ENG_PL,ENG_PL::understat_match::22238,2024-04-27 14:00:00+00:00,1,0.4114223649242312,0.2698630526577472,0.3187145824180215,0.4521402,0.2762815,0.2715783,0.0036691017302211693
ENG_PL,ENG_PL::understat_match::22239,2024-04-27 14:00:00+00:00,1,0.5694035173748886,0.2219023104278384,0.2086941721972729,0.62058026,0.22607015,0.15334956,0.020431162100116917
ENG_PL,ENG_PL::understat_match::22240,2024-04-27 14:00:00+00:00,0,0.7486646634672917,0.1524108722466536,0.0989244642860546,0.7574384,0.10474376,0.1378178,0.0024371822354715827
ENG_PL,ENG_PL::understat_match::22244,2024-04-27 14:00:00+00:00,0,0.5296574185757468,0.2229676363972556,0.2473749450269976,0.49573785,0.22936967,0.2748925,0.023714833324263246
ENG_PL,ENG_PL::understat_match::22237,2024-04-27 16:30:00+00:00,0,0.4019548490627082,0.2485500439289058,0.3494951070083859,0.43467095,0.26266843,0.3026606,-0.03430223690877057
ENG_PL,ENG_PL::understat_match::22236,2024-04-27 19:00:00+00:00,1,0.4084495378742409,0.2351213247339959,0.356429137391763,0.46569288,0.22736995,0.3069371,0.008603760230479984
ENG_PL,ENG_PL::understat_match::22235,2024-04-28 13:00:00+00:00,0,0.3921303593443768,0.2482533608615104,0.359616279794113,0.41337723,0.26580113,0.32082164,-0.02588828125287701
ENG_PL,ENG_PL::understat_match::22241,2024-04-28 13:00:00+00:00,2,0.2531200418100985,0.2413933500704809,0.5054866081194204,0.32465902,0.26715916,0.40818182,0.07351951327466233
ENG_PL,ENG_PL::understat_match::22242,2024-04-28 15:30:00+00:00,2,0.1590262811158511,0.2285883049998412,0.6123854138843077,0.20016414,0.20853291,0.59130293,0.015782275575829674
ENG_PL,ENG_PL::understat_match::22149,2024-05-02 18:30:00+00:00,0,0.476485969996854,0.2262385274905428,0.2972755025126032,0.50436527,0.23513892,0.26049578,-0.024463910722507698
ENG_PL,ENG_PL::understat_match::22252,2024-05-03 19:00:00+00:00,1,0.2764809579516278,0.2217952258322846,0.5017238162160875,0.33892605,0.20701423,0.45405966,-0.003563706556114349
ENG_PL,ENG_PL::understat_match::22245,2024-05-04 11:30:00+00:00,0,0.6760065050362184,0.1923862896804211,0.1316072052833603,0.69796383,0.16905616,0.13298003,-0.006691359042851147
ENG_PL,ENG_PL::understat_match::22248,2024-05-04 14:00:00+00:00,2,0.2470139964090681,0.2325579819830746,0.5204280216078573,0.2673985,0.20202059,0.5305809,0.00042552411165538984
ENG_PL,ENG_PL::understat_match::22254,2024-05-04 14:00:00+00:00,2,0.2879305475955084,0.2654683921667679,0.4466010602377236,0.30994022,0.28196454,0.40809524,0.028629898373810636
ENG_PL,ENG_PL::understat_match::22246,2024-05-04 14:00:00+00:00,1,0.54389688954674,0.2292166566336196,0.2268864538196405,0.5307007,0.22161093,0.24768843,-0.0021542620247176625
ENG_PL,ENG_PL::understat_match::22253,2024-05-04 16:30:00+00:00,0,0.7857547858918602,0.1443624907630086,0.069882723345131,0.8025237,0.09097006,0.10650632,-0.00022205875241810766
ENG_PL,ENG_PL::understat_match::22247,2024-05-05 13:00:00+00:00,0,0.4846715915951815,0.236739000264107,0.2785894081407116,0.49569038,0.2519613,0.25234827,-0.012583781556408297
ENG_PL,ENG_PL::understat_match::22249,2024-05-05 13:00:00+00:00,0,0.5999787239703843,0.208898738460624,0.1911225375689915,0.64377,0.21013245,0.14609756,-0.024150263338653638
ENG_PL,ENG_PL::understat_match::22251,2024-05-05 15:30:00+00:00,0,0.6353844991817407,0.1857494308951284,0.1788660699231309,0.6333206,0.16262832,0.20405102,0.0055765220610252825
ENG_PL,ENG_PL::understat_match::22250,2024-05-06 19:00:00+00:00,0,0.3989444492683914,0.2571634424134899,0.3438921083181186,0.43671274,0.23656045,0.32672685,-0.027743311980216623
ENG_PL,ENG_PL::understat_match::22258,2024-05-11 11:30:00+00:00,2,0.1662677567177592,0.2144344374405512,0.6192978058416896,0.284392,0.20394816,0.51165986,0.07338788670599451
ENG_PL,ENG_PL::understat_match::22257,2024-05-11 14:00:00+00:00,0,0.6292116752869782,0.2073242089430115,0.1634641157700102,0.6217981,0.20315036,0.17505156,0.00473761593020211
ENG_PL,ENG_PL::understat_match::22255,2024-05-11 14:00:00+00:00,2,0.4153067557105497,0.2444469144309842,0.3402463298584661,0.43428585,0.25049704,0.31521705,0.024888580661987625
ENG_PL,ENG_PL::understat_match::22260,2024-05-11 14:00:00+00:00,1,0.5076983464736431,0.227570463902354,0.2647311896240029,0.50767946,0.2488983,0.24342223,-0.005423687875401512
ENG_PL,ENG_PL::understat_match::22262,2024-05-11 14:00:00+00:00,0,0.6411069922521403,0.1961417982775407,0.1627512094703189,0.72016025,0.15954371,0.12029608,-0.03125535845776707
ENG_PL,ENG_PL::understat_match::22263,2024-05-11 14:00:00+00:00,0,0.5692105994852894,0.2081153500339166,0.2226740504807939,0.5005024,0.22495903,0.27453855,0.04485301727617723
ENG_PL,ENG_PL::understat_match::22264,2024-05-11 14:00:00+00:00,2,0.3503751158703675,0.2855304175190105,0.3640944666106217,0.37884414,0.25090602,0.37024984,0.00648477207068604
ENG_PL,ENG_PL::understat_match::22261,2024-05-11 16:30:00+00:00,2,0.3413712308623275,0.2557979243608559,0.4028308447768166,0.37121573,0.23161231,0.39717194,0.014028715186384877
ENG_PL,ENG_PL::understat_match::22259,2024-05-12 15:30:00+00:00,2,0.2184251308326933,0.2297668900833608,0.5518079790839459,0.30059692,0.25531334,0.4440897,0.07540453398613815
ENG_PL,ENG_PL::understat_match::22256,2024-05-13 19:00:00+00:00,1,0.259082017207618,0.2206979339966367,0.5202200487957452,0.38390064,0.21554786,0.40055144,-0.01496559253956739
ENG_PL,ENG_PL::understat_match::22233,2024-05-14 19:00:00+00:00,2,0.2216684331191578,0.2244093128574555,0.5539222540233867,0.32191822,0.26490378,0.413178,0.09993459428424158
ENG_PL,ENG_PL::understat_match::22226,2024-05-15 18:45:00+00:00,2,0.4268421411592873,0.2391978855030148,0.3339599733376979,0.43796143,0.2550921,0.3069465,0.02316494863540569
ENG_PL,ENG_PL::understat_match::22231,2024-05-15 19:00:00+00:00,0,0.3602889291184703,0.2267172347465475,0.412993836134982,0.41866496,0.22456722,0.35676783,-0.0572802248598529
ENG_PL,ENG_PL::understat_match::22265,2024-05-19 15:00:00+00:00,0,0.674227951542719,0.2001806550583036,0.1255913933989773,0.7124468,0.17627218,0.11128098,-0.013415159310946757
ENG_PL,ENG_PL::understat_match::22266,2024-05-19 15:00:00+00:00,2,0.3948281670363225,0.2375026576761723,0.3676691752875052,0.43091074,0.25066113,0.3184282,0.047246342041128375
ENG_PL,ENG_PL::understat_match::22267,2024-05-19 15:00:00+00:00,2,0.5123573462712213,0.2277008922258493,0.2599417615029294,0.4872351,0.25541568,0.25734916,-0.010634036204315245
ENG_PL,ENG_PL::understat_match::22268,2024-05-19 15:00:00+00:00,2,0.3296016915269988,0.2697470635052357,0.4006512449677655,0.35266215,0.25161076,0.3957271,0.010830062087767711
ENG_PL,ENG_PL::understat_match::22269,2024-05-19 15:00:00+00:00,0,0.5574432144055549,0.2140357410027794,0.2285210445916658,0.52637345,0.25051388,0.22311264,0.013011507163658453
ENG_PL,ENG_PL::understat_match::22270,2024-05-19 15:00:00+00:00,0,0.4053330633943369,0.2638154719131678,0.3308514646924951,0.41396487,0.22006594,0.3659692,0.007139580360900677
ENG_PL,ENG_PL::understat_match::22271,2024-05-19 15:00:00+00:00,0,0.7619078933575986,0.1470882821918487,0.0910038244505528,0.76424086,0.12020145,0.11555767,0.001983199786834415
ENG_PL,ENG_PL::understat_match::22272,2024-05-19 15:00:00+00:00,2,0.3152838301941612,0.2332798098625016,0.4514363599433371,0.33675268,0.19956519,0.4636821,0.00035664118490749686
ENG_PL,ENG_PL::understat_match::22273,2024-05-19 15:00:00+00:00,0,0.7832244099583682,0.1406151211602337,0.0761604688813982,0.80336726,0.09058144,0.10605135,-0.0014403770907004745
ENG_PL,ENG_PL::understat_match::22274,2024-05-19 15:00:00+00:00,2,0.2237876626914122,0.2175525334701315,0.5586598038384561,0.27684268,0.18330167,0.53985566,0.021756299631677217
ENG_PL,ENG_PL::understat_match::26602,2024-08-16 19:00:00+00:00,0,0.4987791150710154,0.2342677504886085,0.2669531344403759,0.44247288,0.30203232,0.25549474,0.026813876594130648
ENG_PL,ENG_PL::understat_match::26603,2024-08-17 11:30:00+00:00,2,0.23950536316451,0.2177169119947895,0.5427777248407003,0.18517807,0.2741025,0.5407194,-0.010592729193152045
ENG_PL,ENG_PL::understat_match::26606,2024-08-17 14:00:00+00:00,0,0.6653032978837399,0.1913322779874329,0.1433644241288272,0.78922623,0.13056123,0.08021259,-0.040857804767977776
ENG_PL,ENG_PL::understat_match::26607,2024-08-17 14:00:00+00:00,1,0.4178675780995264,0.2571978047315344,0.324934617168939,0.31813282,0.328686,0.35318124,-0.027125190135417948
ENG_PL,ENG_PL::understat_match::26604,2024-08-17 14:00:00+00:00,0,0.7754069595904992,0.1516457764066529,0.0729472640028478,0.8794135,0.06330714,0.057279367,-0.018970652951532142
ENG_PL,ENG_PL::understat_match::26605,2024-08-17 14:00:00+00:00,2,0.3797974184588221,0.2577501512540834,0.3624524302870943,0.33547395,0.27492195,0.3896041,-0.03279352175520284
ENG_PL,ENG_PL::understat_match::26608,2024-08-17 16:30:00+00:00,2,0.3698075694174444,0.2459452279814444,0.3842472026011112,0.2015381,0.30453557,0.49392635,-0.10959049842306512
ENG_PL,ENG_PL::understat_match::26609,2024-08-18 13:00:00+00:00,0,0.4659667483652872,0.2604560654197185,0.2735771862149939,0.41016093,0.28034168,0.30949745,0.04183137633938727
ENG_PL,ENG_PL::understat_match::26610,2024-08-18 15:30:00+00:00,2,0.2423273914874379,0.233947689245905,0.5237249192666569,0.24971472,0.21469106,0.5355942,-0.0037651766267027265
ENG_PL,ENG_PL::understat_match::26611,2024-08-19 19:00:00+00:00,1,0.3571951785635782,0.2501097833678335,0.3926950380685882,0.23306659,0.21666962,0.55026376,0.03765624365900777
ENG_PL,ENG_PL::understat_match::26612,2024-08-24 11:30:00+00:00,0,0.5102665477631426,0.2314736950106028,0.2582597572262545,0.50044256,0.23953441,0.26002303,0.005316317173784169
ENG_PL,ENG_PL::understat_match::26613,2024-08-24 14:00:00+00:00,2,0.4929073293307595,0.2544265873885779,0.2526660832806625,0.5108585,0.20642129,0.28272018,-0.012999467975008061
ENG_PL,ENG_PL::understat_match::26614,2024-08-24 14:00:00+00:00,0,0.3975455472868332,0.2726623964132936,0.329792056299873,0.47991362,0.27975416,0.24033217,-0.07173236958684487
ENG_PL,ENG_PL::understat_match::26615,2024-08-24 14:00:00+00:00,0,0.9042398375307285,0.0696128993515336,0.0261472631177379,0.9039876,0.059641905,0.036370493,0.00034375494149854833
ENG_PL,ENG_PL::understat_match::26616,2024-08-24 14:00:00+00:00,2,0.3893655964050752,0.2826462440049324,0.3279881595899923,0.35472202,0.23494038,0.4103376,-0.06483799160181813
ENG_PL,ENG_PL::understat_match::26617,2024-08-24 14:00:00+00:00,0,0.5321808440048318,0.2267871956764506,0.2410319603187175,0.6254528,0.24506749,0.12947968,-0.05995029079642342
ENG_PL,ENG_PL::understat_match::26618,2024-08-24 16:30:00+00:00,2,0.2194571558910318,0.2378525414723631,0.5426903026366049,0.22784199,0.15809147,0.61406654,-0.028218498179751444
ENG_PL,ENG_PL::understat_match::26619,2024-08-25 13:00:00+00:00,2,0.2513546667668251,0.237901725109095,0.5107436081240798,0.22699524,0.19022276,0.58278203,-0.03847664257242869
ENG_PL,ENG_PL::understat_match::26620,2024-08-25 13:00:00+00:00,1,0.3632763164552293,0.2322209746822826,0.4045027088624879,0.30335057,0.20482732,0.49182215,0.019159222306034424
ENG_PL,ENG_PL::understat_match::26621,2024-08-25 15:30:00+00:00,0,0.6602391114931746,0.1819559006410693,0.157804987865756,0.8055823,0.09248814,0.10192959,-0.04607599769711501
ENG_PL,ENG_PL::understat_match::26622,2024-08-31 11:30:00+00:00,1,0.6055398199485771,0.2261059557709032,0.1683542242805197,0.70333844,0.18651184,0.11014969,0.05589815711999774
ENG_PL,ENG_PL::understat_match::26626,2024-08-31 14:00:00+00:00,2,0.3732866342466245,0.2592513969829741,0.3674619687704012,0.31599107,0.19405554,0.48995337,-0.089724689007532
ENG_PL,ENG_PL::understat_match::26625,2024-08-31 14:00:00+00:00,1,0.2833043822923547,0.2574464291824855,0.4592491885251598,0.16418794,0.34349012,0.49232197,-0.010916295478905935
ENG_PL,ENG_PL::understat_match::26627,2024-08-31 14:00:00+00:00,1,0.5290870354365069,0.2487211634303463,0.2221918011331465,0.44974437,0.36070085,0.18955477,-0.045550629908082674
ENG_PL,ENG_PL::understat_match::26623,2024-08-31 14:00:00+00:00,0,0.5550845222239656,0.2399627291415459,0.2049527486344884,0.5399166,0.25835696,0.20172642,0.006207450846511725
ENG_PL,ENG_PL::understat_match::26624,2024-08-31 14:00:00+00:00,2,0.4040682833545028,0.2507238230190987,0.3452078936263985,0.45396414,0.21106042,0.33497545,0.0281586269758185
ENG_PL,ENG_PL::understat_match::26628,2024-08-31 16:30:00+00:00,2,0.1456817078914558,0.2016220347074048,0.6526962574011393,0.120839186,0.122006156,0.75715464,-0.03413354042108249
ENG_PL,ENG_PL::understat_match::26629,2024-09-01 12:30:00+00:00,0,0.4758730619402913,0.2204923698552636,0.3036345682044451,0.4590506,0.23629017,0.30465928,0.009270258382018393
ENG_PL,ENG_PL::understat_match::26630,2024-09-01 12:30:00+00:00,1,0.5149886319847621,0.2439132545944402,0.2410981134207976,0.50278366,0.2747215,0.22249486,-0.010523116201760996
ENG_PL,ENG_PL::understat_match::26631,2024-09-01 15:00:00+00:00,2,0.2304573119504823,0.2064880656209817,0.563054622428536,0.25765696,0.2403736,0.50196946,0.035194848188147956
ENG_PL,ENG_PL::understat_match::26632,2024-09-14 11:30:00+00:00,2,0.3147334478009064,0.2487083364153171,0.4365582157837763,0.21728511,0.2117453,0.5709696,-0.09262193387829085
ENG_PL,ENG_PL::understat_match::26637,2024-09-14 14:00:00+00:00,0,0.6855499662627955,0.1877359509007547,0.1267140828364498,0.78345567,0.0993955,0.11714884,-0.02715999518593097
ENG_PL,ENG_PL::understat_match::26636,2024-09-14 14:00:00+00:00,1,0.4523117683787784,0.2791174349120336,0.2685707967091881,0.47662437,0.30998382,0.21339183,-0.0020046834031677285
ENG_PL,ENG_PL::understat_match::26635,2024-09-14 14:00:00+00:00,2,0.6759237243479402,0.1853731051126729,0.1387031705393868,0.83503085,0.08369586,0.08127328,0.17131506728662516
ENG_PL,ENG_PL::understat_match::26633,2024-09-14 14:00:00+00:00,1,0.7061501555539393,0.1840349956670577,0.1098148487790028,0.7848086,0.15680748,0.0583839,0.054312921286282234
ENG_PL,ENG_PL::understat_match::26634,2024-09-14 14:00:00+00:00,1,0.4511851037962104,0.251484680000968,0.2973302162028215,0.48066044,0.22195005,0.29738954,0.01375086043436613
ENG_PL,ENG_PL::understat_match::26638,2024-09-14 16:30:00+00:00,0,0.490395757855326,0.2390999172655697,0.2705043248791042,0.5047535,0.269537,0.22570954,-0.01832757198404064
ENG_PL,ENG_PL::understat_match::26639,2024-09-14 19:00:00+00:00,2,0.3759535912595007,0.2320498382071367,0.3919965705333625,0.37731344,0.22163986,0.4010467,-0.0049493905785668035
ENG_PL,ENG_PL::understat_match::26640,2024-09-15 13:00:00+00:00,2,0.2676018390811976,0.2460804481553579,0.4863177127634445,0.29740593,0.24560906,0.45698497,0.023917671718201805
ENG_PL,ENG_PL::understat_match::26641,2024-09-15 15:30:00+00:00,2,0.248179398918698,0.2310037805511794,0.5208168205301226,0.17639613,0.20273992,0.6208639,-0.05817489479155233
ENG_PL,ENG_PL::understat_match::26642,2024-09-21 11:30:00+00:00,2,0.2726329264952447,0.2293900293688948,0.4979770441358603,0.2638681,0.19548635,0.54064554,-0.022861434959862398
ENG_PL,ENG_PL::understat_match::26647,2024-09-21 14:00:00+00:00,0,0.5747358739854982,0.2235548948854449,0.201709231129057,0.6888169,0.18170106,0.12948203,-0.05396783793971022
ENG_PL,ENG_PL::understat_match::26648,2024-09-21 14:00:00+00:00,0,0.4782251791412732,0.2329614319500463,0.2888133889086804,0.6727602,0.1985771,0.1286627,-0.11601107567511063
ENG_PL,ENG_PL::understat_match::26646,2024-09-21 14:00:00+00:00,0,0.315625007784673,0.2417070952343809,0.4426678969809458,0.2718581,0.21032159,0.5178203,0.06700224845560387
ENG_PL,ENG_PL::understat_match::26644,2024-09-21 14:00:00+00:00,1,0.3929163666528655,0.2641191211143476,0.3429645122327868,0.30775446,0.22339329,0.4688522,0.02126366995025364
ENG_PL,ENG_PL::understat_match::26643,2024-09-21 14:00:00+00:00,1,0.4664361472936283,0.272039564679027,0.2615242880273444,0.55953157,0.25769874,0.18276967,0.030261345868032696
ENG_PL,ENG_PL::understat_match::26645,2024-09-21 14:00:00+00:00,0,0.6712566331625225,0.1773113898133712,0.1514319770241063,0.82259876,0.084260054,0.093141206,-0.04542868025538367
ENG_PL,ENG_PL::understat_match::26649,2024-09-21 16:30:00+00:00,1,0.3874804666874638,0.2590896991875497,0.3534298341249865,0.40977728,0.23222657,0.3579961,0.010512458595113294
ENG_PL,ENG_PL::understat_match::26650,2024-09-22 13:00:00+00:00,1,0.4806731182417619,0.2615666520770582,0.2577602296811797,0.5487861,0.23490898,0.21630488,0.025233507024366608
ENG_PL,ENG_PL::understat_match::26651,2024-09-22 15:30:00+00:00,1,0.4430811584339668,0.2785695768834414,0.2783492646825916,0.4668689,0.30572027,0.22741078,-0.002058490337355695
ENG_PL,ENG_PL::understat_match::26652,2024-09-28 11:30:00+00:00,1,0.2305100063641937,0.2273301125041299,0.5421598811316765,0.22151382,0.16861464,0.60987157,0.0369697324589737
ENG_PL,ENG_PL::understat_match::26653,2024-09-28 14:00:00+00:00,2,0.4297278307871751,0.272823638889457,0.2974485303233677,0.2828297,0.32792214,0.38924813,-0.11261704620862134
ENG_PL,ENG_PL::understat_match::26654,2024-09-28 14:00:00+00:00,0,0.4145716585735114,0.2686598988900788,0.3167684425364097,0.33720344,0.2306438,0.43215272,0.09149334223458583
ENG_PL,ENG_PL::understat_match::26655,2024-09-28 14:00:00+00:00,0,0.7021733846066638,0.1892818556902832,0.1085447597030528,0.82026565,0.13040368,0.049330663,-0.03287235409598057
ENG_PL,ENG_PL::understat_match::26656,2024-09-28 14:00:00+00:00,1,0.5515801878908656,0.2231355379817131,0.2252842741274213,0.53580916,0.25709617,0.20709462,-0.012507025302911645
ENG_PL,ENG_PL::understat_match::26657,2024-09-28 14:00:00+00:00,0,0.4610995073595997,0.2435102527376766,0.2953902399027237,0.521946,0.25904223,0.21901175,-0.05058367946530282
ENG_PL,ENG_PL::understat_match::26658,2024-09-28 16:30:00+00:00,2,0.1494797477419317,0.1928162223561607,0.6577040299019073,0.14789033,0.17183845,0.6802712,-0.007706338180590022
ENG_PL,ENG_PL::understat_match::26659,2024-09-29 13:00:00+00:00,1,0.2057758980860044,0.2209427327840766,0.573281369129919,0.18092604,0.14459322,0.67448074,0.05833162351925117
ENG_PL,ENG_PL::understat_match::26660,2024-09-29 15:30:00+00:00,2,0.3784579549617643,0.2315984853869418,0.3899435596512937,0.37911278,0.25617212,0.36471513,0.0159570604796182
ENG_PL,ENG_PL::understat_match::26661,2024-09-30 19:00:00+00:00,0,0.5966412286781778,0.2128402690647645,0.1905185022570575,0.6505568,0.1992564,0.1501868,-0.027164490989906545
ENG_PL,ENG_PL::understat_match::26662,2024-10-05 11:30:00+00:00,2,0.2105734409101703,0.2292031953253929,0.5602233637644366,0.2401531,0.17790057,0.5819463,-0.002651132753449595
ENG_PL,ENG_PL::understat_match::26663,2024-10-05 14:00:00+00:00,0,0.3024660641841104,0.2434321334816727,0.4541018023342169,0.22956108,0.16642475,0.60401416,0.1328236005733846
ENG_PL,ENG_PL::understat_match::26664,2024-10-05 14:00:00+00:00,0,0.7109516329154436,0.1835525349877282,0.1054958320968281,0.77316135,0.15240669,0.07443197,-0.018841220343198864
ENG_PL,ENG_PL::understat_match::26665,2024-10-05 14:00:00+00:00,0,0.5160623397372687,0.2366866546935342,0.247251005569197,0.5667237,0.24409856,0.18917777,-0.03590607435743226
ENG_PL,ENG_PL::understat_match::26666,2024-10-05 14:00:00+00:00,0,0.7832821940953592,0.1448405649292163,0.0718772409754245,0.87839437,0.06520865,0.05639696,-0.01708219877210006
ENG_PL,ENG_PL::understat_match::26667,2024-10-05 14:00:00+00:00,0,0.5496848779949215,0.2369632794703915,0.2133518425346868,0.5467759,0.2597997,0.19342448,-0.0027387947947049573
ENG_PL,ENG_PL::understat_match::26669,2024-10-05 16:30:00+00:00,1,0.3334017407668779,0.2395865285636683,0.4270117306694537,0.2762215,0.2041985,0.51958,0.026382984519741526
ENG_PL,ENG_PL::understat_match::26668,2024-10-06 13:00:00+00:00,1,0.5341391240489637,0.2409809676363889,0.2248799083146473,0.55135703,0.27056688,0.17807615,-8.495412262152224e-05
ENG_PL,ENG_PL::understat_match::26670,2024-10-06 13:00:00+00:00,1,0.4860357939113576,0.2262024918677723,0.2877617142208699,0.49928433,0.21412435,0.2865913,0.0061909052028754075
ENG_PL,ENG_PL::understat_match::26671,2024-10-06 15:30:00+00:00,0,0.3856157238184703,0.242936909697969,0.3714473664835607,0.35153404,0.25284004,0.39562592,0.030793404709641925
ENG_PL,ENG_PL::understat_match::26672,2024-10-19 11:30:00+00:00,0,0.6336505325249274,0.1924108015182203,0.1739386659568522,0.79933524,0.09824695,0.102417804,-0.056855417620442814
ENG_PL,ENG_PL::understat_match::26676,2024-10-19 14:00:00+00:00,2,0.4495492882156372,0.2404285869855136,0.3100221247988491,0.48750433,0.27238554,0.24011007,0.06846450735943965
ENG_PL,ENG_PL::understat_match::26675,2024-10-19 14:00:00+00:00,0,0.4147667973702763,0.2381463216370308,0.3470868809926928,0.32772544,0.29125363,0.38102096,0.06708140411080307
ENG_PL,ENG_PL::understat_match::26678,2024-10-19 14:00:00+00:00,2,0.4239933132554921,0.2556553508713001,0.3203513358732074,0.4517871,0.2989064,0.24930651,0.06297984558827174
ENG_PL,ENG_PL::understat_match::26673,2024-10-19 14:00:00+00:00,2,0.4015273401890699,0.2568865507062655,0.3415861091046646,0.3406049,0.24824256,0.41115257,-0.06599001431210155
ENG_PL,ENG_PL::understat_match::26674,2024-10-19 14:00:00+00:00,2,0.2703813473637782,0.236652099092985,0.4929665535432367,0.27749017,0.19632465,0.5261852,-0.014343857930219667
ENG_PL,ENG_PL::understat_match::26680,2024-10-19 16:30:00+00:00,0,0.2228789355905949,0.2337017380588765,0.5434193263505283,0.20417339,0.20110829,0.5947183,0.043904093415282786
ENG_PL,ENG_PL::understat_match::26681,2024-10-20 13:00:00+00:00,2,0.1254256873446105,0.1995336814758202,0.6750406311795691,0.10724876,0.14849226,0.744259,-0.02221221166570806
ENG_PL,ENG_PL::understat_match::26679,2024-10-20 15:30:00+00:00,0,0.5853671308645813,0.2036429900030562,0.2109898791323625,0.72287047,0.15416552,0.12296405,-0.06225810851560215
ENG_PL,ENG_PL::understat_match::26677,2024-10-21 19:00:00+00:00,0,0.4323107991690565,0.2830903331283381,0.284598867702605,0.30095372,0.35443407,0.34461227,0.10207787969214924
ENG_PL,ENG_PL::understat_match::26682,2024-10-25 19:00:00+00:00,2,0.3087497663694177,0.2639044708061806,0.4273457628244017,0.2633665,0.2376561,0.49897742,-0.051436881132995604
ENG_PL,ENG_PL::understat_match::26683,2024-10-26 14:00:00+00:00,0,0.7978976164301304,0.1343108130153064,0.0677915705545632,0.8771705,0.06671957,0.05610995,-0.0136028318587515
ENG_PL,ENG_PL::understat_match::26684,2024-10-26 14:00:00+00:00,1,0.4351830974471412,0.2437936669240306,0.3210232356288281,0.5141755,0.21917662,0.26664788,0.021518646900748867
ENG_PL,ENG_PL::understat_match::26685,2024-10-26 14:00:00+00:00,0,0.6852111548350284,0.1780457179570853,0.1367431272078862,0.8163444,0.11362981,0.07002583,-0.03957885018123984
ENG_PL,ENG_PL::understat_match::26686,2024-10-26 14:00:00+00:00,1,0.6016788379185958,0.2239142916180428,0.1744068704633614,0.65276843,0.20869343,0.13853815,0.026432129038248153
ENG_PL,ENG_PL::understat_match::26687,2024-10-26 16:30:00+00:00,1,0.3889001709812497,0.2638559357349094,0.3472438932838411,0.3996203,0.23477252,0.3656072,0.010771670806930422
ENG_PL,ENG_PL::understat_match::26688,2024-10-27 14:00:00+00:00,0,0.4843806854353631,0.2238809708506989,0.291738343713938,0.43841046,0.2581354,0.3034541,0.028246349633389345
ENG_PL,ENG_PL::understat_match::26689,2024-10-27 14:00:00+00:00,0,0.2955774016216237,0.2516916987856851,0.4527308995926913,0.22945283,0.21061988,0.5599273,0.10304251768445444
ENG_PL,ENG_PL::understat_match::26690,2024-10-27 14:00:00+00:00,0,0.3747614121699972,0.2399530779818428,0.38528550984816,0.29897833,0.22867206,0.47234967,0.0875886768626225
ENG_PL,ENG_PL::understat_match::26691,2024-10-27 16:30:00+00:00,1,0.4582789323307736,0.2459129005947049,0.2958081670745213,0.555548,0.29581612,0.14863588,0.01660208126986462
ENG_PL,ENG_PL::understat_match::26694,2024-11-02 12:30:00+00:00,0,0.2762053704482944,0.2411460144115272,0.4826486151401783,0.25480723,0.18996237,0.55523044,0.05338234059865088
ENG_PL,ENG_PL::understat_match::26692,2024-11-02 15:00:00+00:00,0,0.2092010438406366,0.2337946463724633,0.5570043097869001,0.18563525,0.18090215,0.6334626,0.06442401262404307
ENG_PL,ENG_PL::understat_match::26695,2024-11-02 15:00:00+00:00,1,0.381063519258737,0.234069329100847,0.384867151640416,0.43506214,0.18273968,0.38219818,0.02101120546366292
ENG_PL,ENG_PL::understat_match::26696,2024-11-02 15:00:00+00:00,0,0.6088130292789736,0.2077127136487929,0.1834742570722333,0.72412807,0.17646043,0.09941149,-0.050351041031229005
ENG_PL,ENG_PL::understat_match::26698,2024-11-02 15:00:00+00:00,0,0.4990268838632964,0.2492174514007732,0.2517556647359306,0.4254287,0.32892296,0.24564837,0.03806017137926851
ENG_PL,ENG_PL::understat_match::26699,2024-11-02 15:00:00+00:00,0,0.3345186432595123,0.2571243405863816,0.408357016154106,0.27279535,0.25397927,0.47322538,0.07157397592847892
ENG_PL,ENG_PL::understat_match::26701,2024-11-02 17:30:00+00:00,1,0.3418701237564778,0.2835751399143511,0.3745547363291711,0.27459922,0.25326198,0.47213873,0.0205766565043691
ENG_PL,ENG_PL::understat_match::26700,2024-11-03 14:00:00+00:00,0,0.519610954211201,0.2275857711943675,0.2528032745944317,0.6202297,0.25240153,0.1273687,-0.06711743409274154
ENG_PL,ENG_PL::understat_match::26697,2024-11-03 16:30:00+00:00,1,0.349815537782339,0.2316489419134911,0.4185355203041699,0.30293855,0.23446059,0.46260083,0.004114199309201982
ENG_PL,ENG_PL::understat_match::26693,2024-11-04 20:00:00+00:00,0,0.4222734836292533,0.2546868212531334,0.3230396951176132,0.45108938,0.19859664,0.35031396,-0.007049917174443587
ENG_PL,ENG_PL::understat_match::26702,2024-11-09 15:00:00+00:00,0,0.4371961962985199,0.2425741108143691,0.3202296928871108,0.4444189,0.26106015,0.29452094,-0.011941111366286256
ENG_PL,ENG_PL::understat_match::26706,2024-11-09 15:00:00+00:00,2,0.3882140518032772,0.2769192025076992,0.3348667456890236,0.31115493,0.23965234,0.4491927,-0.09645319570715294
ENG_PL,ENG_PL::understat_match::26710,2024-11-09 15:00:00+00:00,1,0.3986030083028784,0.2560293423143585,0.3453676493827626,0.3610052,0.28825486,0.35073996,-0.012409954868090711
ENG_PL,ENG_PL::understat_match::26711,2024-11-09 15:00:00+00:00,0,0.468820053809519,0.2556943138174888,0.2754856323729924,0.46138492,0.24260147,0.2960136,0.009842890361574125
ENG_PL,ENG_PL::understat_match::26703,2024-11-09 17:30:00+00:00,0,0.2541484545372888,0.2519855585816161,0.4938659868810953,0.21383211,0.2534611,0.53270674,0.05081917091951238
ENG_PL,ENG_PL::understat_match::26707,2024-11-09 20:00:00+00:00,0,0.6394820986494469,0.1948230736112745,0.1656948277392784,0.8164741,0.093151025,0.09037496,-0.05778927482750221
ENG_PL,ENG_PL::understat_match::26704,2024-11-10 14:00:00+00:00,2,0.3833969533598094,0.2604325585543516,0.3561704880858389,0.32423466,0.32746542,0.34829992,-0.015834276544546555
ENG_PL,ENG_PL::understat_match::26708,2024-11-10 14:00:00+00:00,0,0.5968113230085749,0.2060419068452482,0.1971467701461769,0.66112983,0.22730793,0.11156218,-0.03707441578650471
ENG_PL,ENG_PL::understat_match::26709,2024-11-10 14:00:00+00:00,2,0.793670380067123,0.1244719156849627,0.0818577042479142,0.8786051,0.074455395,0.04693951,0.1036866769064726
ENG_PL,ENG_PL::understat_match::26705,2024-11-10 16:30:00+00:00,1,0.3039213379857756,0.2551405447148012,0.4409381172994231,0.26092932,0.2551966,0.48387405,0.007711816451664133
ENG_PL,ENG_PL::understat_match::26719,2024-11-23 12:30:00+00:00,2,0.2327059431294376,0.225602385607305,0.5416916712632573,0.17287768,0.16201316,0.66510916,-0.0610800050509554
ENG_PL,ENG_PL::understat_match::26716,2024-11-23 15:00:00+00:00,1,0.5048195054417917,0.2479319776131946,0.2472485169450139,0.55026823,0.2804047,0.16932708,0.0077461129767104064
ENG_PL,ENG_PL::understat_match::26715,2024-11-23 15:00:00+00:00,1,0.3900519687232452,0.2588051255746664,0.3511429057020881,0.37320492,0.22806725,0.3987279,0.011411958558224855
ENG_PL,ENG_PL::understat_match::26717,2024-11-23 15:00:00+00:00,2,0.5561433553201341,0.2419309555279976,0.2019256891518682,0.56890607,0.24405889,0.18703504,0.019174064874876884
ENG_PL,ENG_PL::understat_match::26712,2024-11-23 15:00:00+00:00,2,0.4112801021085557,0.2472366667358795,0.3414832311555645,0.36837304,0.24872853,0.38289845,-0.043141320082981216
ENG_PL,ENG_PL::understat_match::26714,2024-11-23 15:00:00+00:00,0,0.6278195022303147,0.2250025459285367,0.1471779518411486,0.7478445,0.16271697,0.089438476,-0.04429902000483407
ENG_PL,ENG_PL::understat_match::26720,2024-11-23 17:30:00+00:00,2,0.618573424606776,0.2039432147897917,0.1774833606034322,0.7004276,0.19388995,0.10568251,0.11561795614944026
ENG_PL,ENG_PL::understat_match::26721,2024-11-24 14:00:00+00:00,2,0.1285965012897778,0.1785946173859925,0.6928088813242297,0.15487576,0.1743863,0.670738,0.010748276151380798
ENG_PL,ENG_PL::understat_match::26718,2024-11-24 16:30:00+00:00,1,0.2647487678212212,0.2170317422203666,0.518219489958412,0.22000052,0.16627052,0.61372894,0.04321004575460158
ENG_PL,ENG_PL::understat_match::26713,2024-11-25 20:00:00+00:00,2,0.6052391697229793,0.2057076112077307,0.18905321906929,0.56111515,0.24862899,0.19025588,-0.02670669402768011
ENG_PL,ENG_PL::understat_match::26723,2024-11-29 20:00:00+00:00,1,0.647722046438271,0.2024729230373648,0.1498050305243642,0.73293537,0.16183294,0.10523173,0.053141284857488674
ENG_PL,ENG_PL::understat_match::26731,2024-11-30 15:00:00+00:00,2,0.2886498083430241,0.2534341963566587,0.4579159953003173,0.24816348,0.24544391,0.5063926,-0.03597020086865807
ENG_PL,ENG_PL::understat_match::26728,2024-11-30 15:00:00+00:00,0,0.6080251736767404,0.2126752140330162,0.1792996122902432,0.6395686,0.22410873,0.13632265,-0.018648992329711525
ENG_PL,ENG_PL::understat_match::26722,2024-11-30 15:00:00+00:00,0,0.599052066138367,0.2141504362208029,0.1867974976408301,0.70294607,0.17823926,0.11881474,-0.046647288522081956
ENG_PL,ENG_PL::understat_match::26725,2024-11-30 15:00:00+00:00,1,0.3262415023100508,0.2541842311797879,0.4195742665101613,0.30307972,0.2520758,0.4448445,0.0036339257900040722
ENG_PL,ENG_PL::understat_match::26730,2024-11-30 17:30:00+00:00,2,0.1656852852155523,0.219321380027583,0.6149933347568649,0.18622485,0.1678646,0.6459105,-0.007811360621369751
ENG_PL,ENG_PL::understat_match::26724,2024-12-01 13:30:00+00:00,0,0.507445640095513,0.2279117636026245,0.2646425963018626,0.48665944,0.28240803,0.23093258,0.0021014335468739764
ENG_PL,ENG_PL::understat_match::26727,2024-12-01 13:30:00+00:00,0,0.4620845968999937,0.2466228285464948,0.2912925745535114,0.45808268,0.27064103,0.27127632,-0.003469565214938991
ENG_PL,ENG_PL::understat_match::26729,2024-12-01 13:30:00+00:00,1,0.5331800617300333,0.2267554058752528,0.2400645323947139,0.64943576,0.23241946,0.11814478,0.04690651434455881
ENG_PL,ENG_PL::understat_match::26726,2024-12-01 16:00:00+00:00,0,0.4310213207721362,0.2406508811141694,0.3283277981136945,0.5282037,0.28403977,0.18775652,-0.08684581919321974
ENG_PL,ENG_PL::understat_match::26737,2024-12-03 19:30:00+00:00,2,0.3010546160452063,0.2479145724506921,0.4510308115041015,0.28423682,0.25619704,0.45956615,-0.00957085006200567
ENG_PL,ENG_PL::understat_match::26738,2024-12-03 20:15:00+00:00,0,0.3568291701311604,0.2517018459519943,0.3914689839168452,0.3203822,0.2760993,0.4035185,0.028895420061445187
ENG_PL,ENG_PL::understat_match::26741,2024-12-04 19:30:00+00:00,2,0.2005286876310244,0.2205401745953351,0.5789311377736401,0.19448113,0.15697733,0.64854157,-0.028082390242890554
ENG_PL,ENG_PL::understat_match::26740,2024-12-04 19:30:00+00:00,1,0.2779534434428242,0.2267925972601756,0.4952539592970003,0.34940434,0.2622862,0.38830948,-0.02483348014712511
ENG_PL,ENG_PL::understat_match::26735,2024-12-04 19:30:00+00:00,0,0.4893317401208832,0.2630244970426674,0.2476437628364493,0.5756694,0.23264392,0.19168667,-0.052654633206851986
ENG_PL,ENG_PL::understat_match::26739,2024-12-04 19:30:00+00:00,0,0.6221420091341322,0.2192823612420754,0.1585756296237922,0.7257321,0.18681324,0.08745463,-0.042525841801809336
ENG_PL,ENG_PL::understat_match::26733,2024-12-04 20:15:00+00:00,0,0.6750387943156196,0.1910246207302377,0.1339365849541426,0.7384011,0.16464002,0.09695883,-0.022851896878112718
ENG_PL,ENG_PL::understat_match::26734,2024-12-04 20:15:00+00:00,0,0.4720855843671397,0.2380648625800594,0.2898495530528007,0.6188539,0.24543448,0.1357116,-0.0995082116197262
ENG_PL,ENG_PL::understat_match::26736,2024-12-05 19:30:00+00:00,0,0.3847370017113181,0.2623414585440011,0.3529215397446808,0.40705377,0.2831554,0.3097908,-0.02777328321988415
ENG_PL,ENG_PL::understat_match::26732,2024-12-05 20:15:00+00:00,0,0.393726774608028,0.2360826108050281,0.3701906145869439,0.3818596,0.26522398,0.35291636,0.0010196188205977563
ENG_PL,ENG_PL::understat_match::26742,2024-12-07 15:00:00+00:00,0,0.6748075536029654,0.1837904679461692,0.1414019784508651,0.8217374,0.09861806,0.079644494,-0.043811919578586184
ENG_PL,ENG_PL::understat_match::26743,2024-12-07 15:00:00+00:00,0,0.3929235403769812,0.2412243064778846,0.3658521531451342,0.4060496,0.29750574,0.29644468,-0.030866562939238562
ENG_PL,ENG_PL::understat_match::26747,2024-12-07 15:00:00+00:00,1,0.2280153064912397,0.2429289805464824,0.5290557129622778,0.29263952,0.19926581,0.5080947,0.005953577744911287
ENG_PL,ENG_PL::understat_match::26744,2024-12-07 17:30:00+00:00,2,0.421629230462149,0.2623599769160807,0.31601079262177,0.4887977,0.31524605,0.1959563,0.11989856305859004
ENG_PL,ENG_PL::understat_match::26749,2024-12-08 14:00:00+00:00,1,0.2191642247379382,0.2535635180207868,0.5272722572412749,0.21885225,0.21034029,0.57080746,0.023834235187743025
ENG_PL,ENG_PL::understat_match::26750,2024-12-08 14:00:00+00:00,2,0.2347229701594581,0.2212933887904686,0.5439836410500732,0.23322195,0.13205414,0.63472396,-0.03761334364965177
ENG_PL,ENG_PL::understat_match::26751,2024-12-08 14:00:00+00:00,1,0.2451619862279859,0.2344746976629829,0.5203633161090311,0.1828891,0.15775755,0.6593534,0.068656439237547
ENG_PL,ENG_PL::understat_match::26745,2024-12-08 16:30:00+00:00,2,0.4072235009356912,0.2270245408143473,0.3657519582499613,0.5843269,0.24504514,0.17062794,0.23059719463541967
ENG_PL,ENG_PL::understat_match::26746,2024-12-09 20:00:00+00:00,0,0.4780907834125586,0.252265658250109,0.2696435583373323,0.47062355,0.24719484,0.28218162,0.007384505471201397
ENG_PL,ENG_PL::understat_match::26760,2024-12-14 15:00:00+00:00,0,0.6669902502367607,0.1839092189781151,0.1491005307851238,0.8144111,0.09971655,0.0858723,-0.04565458121909395
ENG_PL,ENG_PL::understat_match::26758,2024-12-14 15:00:00+00:00,2,0.5201912380349069,0.2379535403384002,0.2418552216266929,0.5255684,0.2641965,0.21023509,0.02728415420775626
ENG_PL,ENG_PL::understat_match::26752,2024-12-14 15:00:00+00:00,1,0.6804765871616995,0.1860744146576213,0.1334489981806791,0.79453856,0.12057504,0.084886365,0.07882010244803139
ENG_PL,ENG_PL::understat_match::26755,2024-12-14 15:00:00+00:00,1,0.7035661900423058,0.1886671587643413,0.1077666511933527,0.75972456,0.1719229,0.06835258,0.03761721764510223
ENG_PL,ENG_PL::understat_match::26761,2024-12-14 17:30:00+00:00,0,0.3809293279583016,0.2682746248826822,0.3507960471590162,0.3080286,0.25385875,0.43811262,0.08223035382836552
ENG_PL,ENG_PL::understat_match::26756,2024-12-15 14:00:00+00:00,2,0.4940185724499944,0.2557764691327165,0.2502049584172891,0.49252224,0.2813231,0.22615473,0.01758388689632029
ENG_PL,ENG_PL::understat_match::26753,2024-12-15 16:30:00+00:00,2,0.6834309479096458,0.1795596209154455,0.1370094311749085,0.79722166,0.09640591,0.10637238,0.11115102628068374
ENG_PL,ENG_PL::understat_match::26757,2024-12-15 19:00:00+00:00,0,0.5703852438091974,0.2104367413040542,0.2191780148867483,0.59015894,0.2337834,0.1760577,-0.016820916759965138
ENG_PL,ENG_PL::understat_match::26759,2024-12-15 19:00:00+00:00,2,0.2002595431758793,0.2044098145163621,0.5953306423077583,0.188793,0.18438959,0.6268174,-0.014476563225664568
ENG_PL,ENG_PL::understat_match::26754,2024-12-16 20:00:00+00:00,1,0.5798601101685072,0.212297406106994,0.2078424837244985,0.5177217,0.2817848,0.20049351,-0.03560142412400191
ENG_PL,ENG_PL::understat_match::26762,2024-12-21 12:30:00+00:00,0,0.2747349175633101,0.2379447774116883,0.4873203050250015,0.35602298,0.18894774,0.45502925,-0.07086625223226245
ENG_PL,ENG_PL::understat_match::26766,2024-12-21 15:00:00+00:00,2,0.4199204777600132,0.2644649466302431,0.3156145756097436,0.36799255,0.29752862,0.33447886,-0.03318985277020625
ENG_PL,ENG_PL::understat_match::26767,2024-12-21 15:00:00+00:00,1,0.3217570347490402,0.2467821253114326,0.4314608399395271,0.2931506,0.25967348,0.44717598,-0.00189123294197438
ENG_PL,ENG_PL::understat_match::26771,2024-12-21 15:00:00+00:00,2,0.2102033236918866,0.2034575129087659,0.5863391633993474,0.1802161,0.14685483,0.67292905,-0.037923736836054156
ENG_PL,ENG_PL::understat_match::26765,2024-12-21 17:30:00+00:00,2,0.2060375670422114,0.2536666904881961,0.5402957424695922,0.22905377,0.1949795,0.5759667,-0.010754814909824995
ENG_PL,ENG_PL::understat_match::26763,2024-12-22 14:00:00+00:00,1,0.6229585267614375,0.2107770706582742,0.1662644025802883,0.68074083,0.19117302,0.12808615,0.032046483105505175
ENG_PL,ENG_PL::understat_match::26764,2024-12-22 14:00:00+00:00,1,0.2903657284343647,0.2444092868079843,0.4652249847576509,0.28565386,0.19899242,0.5153537,0.02322053062794366
ENG_PL,ENG_PL::understat_match::26769,2024-12-22 14:00:00+00:00,2,0.3881300464088165,0.2424641126939372,0.3694058408972462,0.44027582,0.22272936,0.33699477,0.042562364645268025
ENG_PL,ENG_PL::understat_match::26770,2024-12-22 14:00:00+00:00,2,0.3793914432593384,0.2647910947477382,0.3558174619929233,0.3810836,0.23826747,0.3806489,-0.015044261003863246
ENG_PL,ENG_PL::understat_match::26768,2024-12-22 16:30:00+00:00,2,0.3031058901054276,0.2221737665033122,0.4747203433912602,0.44298464,0.28315458,0.27386078,0.17786080680992186
ENG_PL,ENG_PL::understat_match::26777,2024-12-26 12:30:00+00:00,1,0.6541059434884505,0.2028488835878329,0.1430451729237166,0.71339124,0.17740604,0.10920268,0.03626789989275128
ENG_PL,ENG_PL::understat_match::26772,2024-12-26 15:00:00+00:00,1,0.4716374271776575,0.2462829420463722,0.2820796307759703,0.4921945,0.30301407,0.2047914,-0.008907911529966256
ENG_PL,ENG_PL::understat_match::26775,2024-12-26 15:00:00+00:00,2,0.5425801494743351,0.2297191812135153,0.2277006693121495,0.5658689,0.26442114,0.16970992,0.059374884335494926
ENG_PL,ENG_PL::understat_match::26778,2024-12-26 15:00:00+00:00,0,0.4704769632227976,0.2330696545671799,0.2964533822100225,0.52196205,0.25979495,0.21824299,-0.04606448056087209
ENG_PL,ENG_PL::understat_match::26779,2024-12-26 15:00:00+00:00,0,0.368681665421716,0.2528710616948053,0.3784472728834786,0.31021816,0.25062266,0.43915915,0.06343728927977532
ENG_PL,ENG_PL::understat_match::26780,2024-12-26 15:00:00+00:00,2,0.3074625924245369,0.2438476593032723,0.4486897482721906,0.24142948,0.21364209,0.5449284,-0.06654895706995251
ENG_PL,ENG_PL::understat_match::26781,2024-12-26 17:30:00+00:00,0,0.3020490449045159,0.2608047796591425,0.4371461754363417,0.31515858,0.23551324,0.44932815,-0.003664360514394005
ENG_PL,ENG_PL::understat_match::26776,2024-12-26 20:00:00+00:00,0,0.8342913272656421,0.1077578941757518,0.057950778558606,0.87111336,0.07272719,0.056159478,-0.005526004317573946
ENG_PL,ENG_PL::understat_match::26774,2024-12-27 19:30:00+00:00,1,0.4713365668329784,0.2428870960868944,0.2857763370801274,0.5448217,0.24445549,0.21072282,0.018704244319840024
ENG_PL,ENG_PL::understat_match::26773,2024-12-27 20:15:00+00:00,0,0.8438560109989258,0.1056185978460934,0.0505253911549807,0.89069784,0.07427908,0.035023123,-0.006880090264990207
ENG_PL,ENG_PL::understat_match::26788,2024-12-29 14:30:00+00:00,2,0.1287501669412579,0.1837891910900088,0.6874606419687332,0.17116581,0.14736515,0.681469,0.008251130770115973
ENG_PL,ENG_PL::understat_match::26784,2024-12-29 15:00:00+00:00,0,0.611298939232366,0.2154410963108132,0.1732599644568207,0.6748074,0.20049697,0.124695614,-0.0299041647330843
ENG_PL,ENG_PL::understat_match::26785,2024-12-29 15:00:00+00:00,2,0.3550656219573799,0.2911600706438074,0.3537743073988127,0.37501022,0.2752946,0.3496952,0.009924875291307533
ENG_PL,ENG_PL::understat_match::26786,2024-12-29 15:00:00+00:00,1,0.3797105729652695,0.2595212493650685,0.3607681776696619,0.43193224,0.244225,0.3238427,0.008552899533760788
ENG_PL,ENG_PL::understat_match::26790,2024-12-29 15:00:00+00:00,1,0.6145209518975946,0.2088639943667956,0.1766150537356096,0.729843,0.1697645,0.10039245,0.06696030157334493
ENG_PL,ENG_PL::understat_match::26791,2024-12-29 17:15:00+00:00,2,0.1528521280204981,0.1844444651426303,0.6627034068368715,0.22228013,0.22308509,0.55463475,0.05531293538000581
ENG_PL,ENG_PL::understat_match::26787,2024-12-30 19:45:00+00:00,0,0.1660771188767766,0.1831590657595432,0.6507638153636802,0.2247179,0.16854942,0.6067327,-0.07486702606074414
ENG_PL,ENG_PL::understat_match::26782,2024-12-30 19:45:00+00:00,1,0.4152270935560917,0.2506286955991005,0.3341442108448078,0.4760651,0.24269785,0.2812371,0.010833186512486825
ENG_PL,ENG_PL::understat_match::26789,2024-12-30 20:00:00+00:00,2,0.342596424972147,0.2401308260567531,0.4172727489710999,0.33881435,0.24934688,0.4118388,0.0018927177405656248
ENG_PL,ENG_PL::understat_match::26783,2025-01-01 17:30:00+00:00,2,0.1940243274091078,0.2313516079245225,0.5746240646663697,0.236288,0.17748277,0.5862292,0.004224068585656882
ENG_PL,ENG_PL::understat_match::26800,2025-01-04 12:30:00+00:00,2,0.4089176286709557,0.2251263254321439,0.3659560458969002,0.56319976,0.20742118,0.22937904,0.17091262083135894
ENG_PL,ENG_PL::understat_match::26792,2025-01-04 15:00:00+00:00,0,0.5150332391592342,0.2440217512157835,0.2409450096249824,0.52308863,0.31092253,0.16598886,-0.01912526154280661
ENG_PL,ENG_PL::understat_match::26793,2025-01-04 15:00:00+00:00,0,0.6145035101139766,0.2088242331420504,0.176672256743973,0.6788466,0.19100423,0.13014914,-0.02987115583148836
ENG_PL,ENG_PL::understat_match::26795,2025-01-04 15:00:00+00:00,1,0.3249724386053272,0.2456753168296461,0.4293522445650264,0.33603862,0.27043575,0.39352566,-0.011083041961087808
ENG_PL,ENG_PL::understat_match::26798,2025-01-04 15:00:00+00:00,0,0.7099017593627468,0.169669304201592,0.1204289364356613,0.846035,0.06754772,0.08641728,-0.033743477705655306
ENG_PL,ENG_PL::understat_match::26799,2025-01-04 15:00:00+00:00,2,0.2465812925536606,0.2278644383373435,0.5255542691089957,0.21137424,0.18444397,0.60418177,-0.04227498324055637
ENG_PL,ENG_PL::understat_match::26794,2025-01-04 17:30:00+00:00,1,0.2173568417054113,0.2502455104411717,0.5323976478534167,0.23539713,0.18327981,0.5813231,0.03132852696724364
ENG_PL,ENG_PL::understat_match::26796,2025-01-05 14:00:00+00:00,1,0.6037847322158674,0.2174244149059293,0.1787908528782033,0.72237355,0.17072165,0.10690481,0.06836500205033871
ENG_PL,ENG_PL::understat_match::26797,2025-01-05 16:30:00+00:00,1,0.6892708999962304,0.1760873597221774,0.1346417402815922,0.8322256,0.072318494,0.09545584,0.10424426899392383
ENG_PL,ENG_PL::understat_match::26801,2025-01-06 20:00:00+00:00,2,0.2795973223571615,0.290537436304019,0.4298652413388192,0.3188383,0.21802776,0.463134,-0.0066726346775540235
ENG_PL,ENG_PL::understat_match::26803,2025-01-14 19:30:00+00:00,1,0.2618712461624161,0.2333537033416438,0.5047750504959402,0.2821826,0.20351899,0.5142984,0.010377737301149464
ENG_PL,ENG_PL::understat_match::26808,2025-01-14 19:30:00+00:00,0,0.3420780635556483,0.2604301684183709,0.3974917680259807,0.3299741,0.27935922,0.39066666,0.005347074346326752
ENG_PL,ENG_PL::understat_match::26809,2025-01-14 19:30:00+00:00,1,0.4764806608614801,0.2296482034564589,0.2938711356820612,0.5631421,0.24042359,0.19643424,0.021160700985920294
ENG_PL,ENG_PL::understat_match::26807,2025-01-14 20:00:00+00:00,1,0.2216556674783038,0.2376168718094815,0.5407274607122147,0.24789304,0.2194198,0.5326872,0.0018445714815324976
ENG_PL,ENG_PL::understat_match::26804,2025-01-15 19:30:00+00:00,2,0.3242185863806469,0.2625710382656928,0.4132103753536603,0.30071738,0.22109853,0.4781841,-0.043358490590051535
ENG_PL,ENG_PL::understat_match::26806,2025-01-15 19:30:00+00:00,2,0.269437583555831,0.253307914764931,0.477254501679238,0.21291423,0.21194208,0.5751437,-0.06001205938643728
ENG_PL,ENG_PL::understat_match::26810,2025-01-15 19:30:00+00:00,0,0.6293335430607144,0.2101743186391114,0.1604921383001743,0.6522054,0.20397618,0.14381838,-0.010753272143699408
ENG_PL,ENG_PL::understat_match::26802,2025-01-15 20:00:00+00:00,0,0.6344224619614282,0.2022143705710907,0.1633631674674813,0.70828676,0.1908628,0.10085043,-0.03253351592381473
ENG_PL,ENG_PL::understat_match::26805,2025-01-16 19:30:00+00:00,2,0.2163745613093544,0.2292058489175908,0.5544195897730548,0.21531236,0.1411828,0.64350486,-0.03595582669703862
ENG_PL,ENG_PL::understat_match::26811,2025-01-16 20:00:00+00:00,0,0.6597555648240784,0.1891195220187305,0.1511249131571911,0.7363398,0.12062483,0.14303532,-0.024314602976852062
ENG_PL,ENG_PL::understat_match::26819,2025-01-18 12:30:00+00:00,2,0.4808406298533335,0.2321920042544949,0.2869673658921714,0.52825165,0.2521616,0.21958679,0.07423571346371
ENG_PL,ENG_PL::understat_match::26813,2025-01-18 15:00:00+00:00,2,0.2081601011788784,0.2085352606743224,0.5833046381467992,0.27676126,0.23010893,0.49312985,0.05827427734008914
ENG_PL,ENG_PL::understat_match::26817,2025-01-18 15:00:00+00:00,2,0.2696537115144855,0.2546710505463603,0.4756752379391541,0.28146878,0.23110771,0.48742354,-0.0028351392858075586
ENG_PL,ENG_PL::understat_match::26821,2025-01-18 15:00:00+00:00,2,0.3315365695793157,0.2523121000938494,0.4161513303268347,0.26295906,0.27131134,0.4657296,-0.048101715362410286
ENG_PL,ENG_PL::understat_match::26812,2025-01-18 17:30:00+00:00,1,0.6349925695774387,0.2135283328247209,0.1514790975978403,0.7177575,0.1767363,0.10550616,0.05007296793093652
ENG_PL,ENG_PL::understat_match::26815,2025-01-19 14:00:00+00:00,0,0.3033076907488451,0.2442105356296136,0.4524817736215412,0.34609506,0.20551117,0.44839376,-0.03073564334010187
ENG_PL,ENG_PL::understat_match::26818,2025-01-19 14:00:00+00:00,2,0.3769233894201698,0.256228148091781,0.366848462488049,0.44016835,0.30227876,0.25755286,0.10101190934748355
ENG_PL,ENG_PL::understat_match::26820,2025-01-19 14:00:00+00:00,0,0.6405820303294132,0.2073098517536004,0.1521081179169864,0.55122244,0.30317122,0.14560635,0.0351421723189452
ENG_PL,ENG_PL::understat_match::26816,2025-01-19 16:30:00+00:00,2,0.1188181586465931,0.1734094465416441,0.7077723948117626,0.21023598,0.14631853,0.6434455,0.035907778935068774
ENG_PL,ENG_PL::understat_match::26814,2025-01-20 20:00:00+00:00,0,0.6281443539650521,0.208687068392657,0.1631685776422908,0.6645128,0.20327048,0.13221668,-0.017433850001120507
ENG_PL,ENG_PL::understat_match::26827,2025-01-25 15:00:00+00:00,0,0.8494292381488122,0.1001752056814952,0.0503955561696925,0.89961976,0.062810786,0.03756948,-0.006861804439461621
ENG_PL,ENG_PL::understat_match::26829,2025-01-25 15:00:00+00:00,2,0.1482859408992163,0.1776612313633434,0.6740528277374402,0.18933739,0.17475086,0.6359117,0.020089305764644516
ENG_PL,ENG_PL::understat_match::26822,2025-01-25 15:00:00+00:00,0,0.4484270884872964,0.2599701672734472,0.2916027442392565,0.50414145,0.25422075,0.2416378,-0.042500148272861776
ENG_PL,ENG_PL::understat_match::26824,2025-01-25 15:00:00+00:00,2,0.4902187068910944,0.2591549183437944,0.2506263747651109,0.48801234,0.29455197,0.21743572,0.024343846440811168
ENG_PL,ENG_PL::understat_match::26831,2025-01-25 15:00:00+00:00,2,0.1217196592916557,0.2088811592493022,0.669399181459042,0.19309187,0.16435538,0.64255273,0.020470220858627867
ENG_PL,ENG_PL::understat_match::26828,2025-01-25 17:30:00+00:00,0,0.4939683520020679,0.2273060168160924,0.2787256311818394,0.6521998,0.21533243,0.1324678,-0.09762166326759764
ENG_PL,ENG_PL::understat_match::26825,2025-01-26 14:00:00+00:00,2,0.4091663244106959,0.2508689610708338,0.3399647145184702,0.45997137,0.20508729,0.33494133,0.02540651916350367
ENG_PL,ENG_PL::understat_match::26830,2025-01-26 14:00:00+00:00,2,0.6566664295261886,0.1824325691996513,0.1609010012741602,0.76323456,0.12110426,0.115661144,0.11464208203692083
ENG_PL,ENG_PL::understat_match::26823,2025-01-26 16:30:00+00:00,1,0.5535179983400565,0.2236618271820724,0.222820174477871,0.5740036,0.23679455,0.18920183,0.004623228876290103
ENG_PL,ENG_PL::understat_match::26826,2025-01-26 19:00:00+00:00,2,0.4223456981410596,0.2583926352834355,0.3192616665755047,0.41396028,0.27731216,0.30872753,0.003720063702869869
ENG_PL,ENG_PL::understat_match::26840,2025-02-01 12:30:00+00:00,0,0.354306853340431,0.2768676540001499,0.368825492659419,0.40088987,0.23908378,0.36002636,-0.03219998021632442
ENG_PL,ENG_PL::understat_match::26832,2025-02-01 15:00:00+00:00,2,0.2427238245499512,0.2185915705653163,0.5386846048847325,0.2836623,0.2740602,0.44227752,0.0598959380492739
ENG_PL,ENG_PL::understat_match::26836,2025-02-01 15:00:00+00:00,0,0.499706532368868,0.2519928414288162,0.2483006262023157,0.5085876,0.20333089,0.2880815,0.00626517969194515
ENG_PL,ENG_PL::understat_match::26837,2025-02-01 15:00:00+00:00,2,0.4492420191846544,0.2417612173573694,0.308996763457976,0.47402954,0.21869624,0.3072742,0.012634572015212564
ENG_PL,ENG_PL::understat_match::26839,2025-02-01 15:00:00+00:00,2,0.4827958745231936,0.2468379889391048,0.2703661365377016,0.530465,0.2986193,0.17091566,0.10165821546207965
ENG_PL,ENG_PL::understat_match::26841,2025-02-01 17:30:00+00:00,0,0.2745284684135812,0.2585795129751692,0.4668920186112496,0.28768268,0.23727717,0.47504017,-0.005619003282475277
ENG_PL,ENG_PL::understat_match::26834,2025-02-02 14:00:00+00:00,2,0.3911104674327551,0.2264013488684397,0.3824881836988052,0.43778816,0.26216376,0.30004805,0.07365143757474651
ENG_PL,ENG_PL::understat_match::26838,2025-02-02 14:00:00+00:00,2,0.4042654615656796,0.259954592947537,0.3357799454867835,0.42288613,0.28170234,0.29541147,0.03532937673938308
ENG_PL,ENG_PL::understat_match::26833,2025-02-02 16:30:00+00:00,0,0.4844790894295877,0.2538222874337323,0.2616986231366799,0.5071201,0.24229622,0.2505837,-0.014262580566424488
ENG_PL,ENG_PL::understat_match::26835,2025-02-03 20:00:00+00:00,0,0.6381865971904325,0.1914106634680367,0.1704027393415308,0.74316007,0.13117735,0.12566258,-0.03909410078269078
ENG_PL,ENG_PL::understat_match::26748,2025-02-12 19:30:00+00:00,1,0.1699512802785456,0.2093112167745505,0.6207375029469039,0.26356465,0.18655407,0.5498813,-0.021181370486684448
ENG_PL,ENG_PL::understat_match::26843,2025-02-14 20:00:00+00:00,0,0.3452819667666147,0.2457822366049484,0.4089357966284367,0.34041598,0.30923203,0.350352,-0.019043299387422996
ENG_PL,ENG_PL::understat_match::26846,2025-02-15 12:30:00+00:00,2,0.0976782299631739,0.1722276319830405,0.7300941380537854,0.122249305,0.11414563,0.76360506,-0.005781374888074058
ENG_PL,ENG_PL::understat_match::26842,2025-02-15 15:00:00+00:00,1,0.6288744188786157,0.2049715977357646,0.1661539833856194,0.7454441,0.1751955,0.07936042,0.06944741063630261
ENG_PL,ENG_PL::understat_match::26845,2025-02-15 15:00:00+00:00,0,0.396962224869598,0.2789012358308602,0.3241365392995419,0.43801805,0.23045945,0.33152255,-0.021494100909775854
ENG_PL,ENG_PL::understat_match::26848,2025-02-15 15:00:00+00:00,0,0.5323175997988091,0.2206233730432724,0.2470590271579184,0.6491943,0.21334624,0.1374595,-0.06890262451567095
ENG_PL,ENG_PL::understat_match::26849,2025-02-15 15:00:00+00:00,2,0.1613440758181452,0.1877319012909163,0.6509240228909384,0.2163215,0.18916,0.5945185,0.031662151426012794
ENG_PL,ENG_PL::understat_match::26851,2025-02-15 15:00:00+00:00,2,0.3332372977721612,0.2398347722325483,0.4269279299952906,0.29905552,0.22248125,0.4784632,-0.03901194606452668
ENG_PL,ENG_PL::understat_match::26844,2025-02-15 17:30:00+00:00,2,0.438557365914467,0.2705085049258687,0.2909341291596641,0.43616068,0.29301366,0.27082565,0.013412219746663678
ENG_PL,ENG_PL::understat_match::26847,2025-02-16 14:00:00+00:00,0,0.7515609859921022,0.156278194972474,0.0921608190354238,0.8349091,0.08785209,0.077238806,-0.018497358461730132
ENG_PL,ENG_PL::understat_match::26850,2025-02-16 16:30:00+00:00,0,0.4852563420262816,0.2246997117441787,0.2900439462295397,0.4470895,0.28795016,0.2649604,0.01341374530607159
ENG_PL,ENG_PL::understat_match::26884,2025-02-19 19:30:00+00:00,1,0.2257278430583371,0.2189169262268891,0.5553552307147736,0.3205586,0.22623794,0.45320344,-0.025610656377120483
ENG_PL,ENG_PL::understat_match::26858,2025-02-21 20:00:00+00:00,2,0.2486751899099145,0.2292658270024624,0.5220589830876229,0.21684553,0.15725209,0.6259024,-0.05164797855479478
ENG_PL,ENG_PL::understat_match::26855,2025-02-22 12:30:00+00:00,1,0.3811726124862368,0.2630325812229195,0.3557948062908435,0.40699232,0.22724521,0.36576253,0.013771213412725414
ENG_PL,ENG_PL::understat_match::26852,2025-02-22 15:00:00+00:00,2,0.5700342585648637,0.2305090318505653,0.1994567095845708,0.6073595,0.25029582,0.14234468,0.06932483717048848
ENG_PL,ENG_PL::understat_match::26853,2025-02-22 15:00:00+00:00,2,0.735743281532707,0.1697976791085046,0.0944590393587885,0.86546224,0.07686753,0.05767025,0.1378438360567571
ENG_PL,ENG_PL::understat_match::26856,2025-02-22 15:00:00+00:00,2,0.4158496412299244,0.2708103976100533,0.3133399611600223,0.42361918,0.2782478,0.298133,0.01381877056779357
ENG_PL,ENG_PL::understat_match::26857,2025-02-22 15:00:00+00:00,2,0.1992863379970631,0.2047358931375593,0.5959777688653775,0.21151,0.14728652,0.64120346,-0.014738785825175793
ENG_PL,ENG_PL::understat_match::26861,2025-02-22 15:00:00+00:00,2,0.1806785097281476,0.2104698861870816,0.6088516040847708,0.2020531,0.18406509,0.6138818,0.0021354538231628806
ENG_PL,ENG_PL::understat_match::26854,2025-02-22 17:30:00+00:00,0,0.3466969544229838,0.2377985274971706,0.4155045180798455,0.4720585,0.24150407,0.2864374,-0.11934013595083215
ENG_PL,ENG_PL::understat_match::26860,2025-02-23 14:00:00+00:00,0,0.4761242004119858,0.2466787877840936,0.2771970118039206,0.5645664,0.25310707,0.1823266,-0.06421931059653513
ENG_PL,ENG_PL::understat_match::26859,2025-02-23 16:30:00+00:00,2,0.3645091568470494,0.2398045167167608,0.3956863264361897,0.45568496,0.28085247,0.26346263,0.12603713301642128
ENG_PL,ENG_PL::understat_match::26863,2025-02-25 19:30:00+00:00,0,0.4169060543384875,0.2490831404349531,0.3340108052265593,0.48102805,0.23852254,0.28044936,-0.05178901109876555
ENG_PL,ENG_PL::understat_match::26867,2025-02-25 19:30:00+00:00,2,0.3045065570011008,0.2823159836834188,0.4131774593154802,0.36892617,0.27501166,0.35606217,0.05683875175033276
ENG_PL,ENG_PL::understat_match::26868,2025-02-25 19:30:00+00:00,0,0.3961551654761325,0.2557670034360315,0.3480778310878359,0.4417199,0.28577182,0.2725083,-0.04992466266478851
ENG_PL,ENG_PL::understat_match::26869,2025-02-25 20:15:00+00:00,0,0.7877667246716523,0.1278297481092668,0.0844035272190808,0.804808,0.11076462,0.08442741,-0.0034695155877914746
ENG_PL,ENG_PL::understat_match::26862,2025-02-26 19:30:00+00:00,1,0.4544553822134119,0.2530932167238681,0.2924514010627199,0.48633277,0.27974612,0.23392114,-0.00040943159175277355
ENG_PL,ENG_PL::understat_match::26864,2025-02-26 19:30:00+00:00,1,0.195372990859691,0.2511116403938501,0.5535153687464589,0.22041479,0.2295364,0.5500488,0.0032932614439939445
ENG_PL,ENG_PL::understat_match::26865,2025-02-26 19:30:00+00:00,2,0.2707072486070435,0.2230351303659946,0.5062576210269619,0.33908564,0.27050444,0.39040995,0.08475757620377022
ENG_PL,ENG_PL::understat_match::26871,2025-02-26 19:30:00+00:00,0,0.5970582900900597,0.2161742276390429,0.1867674822708974,0.739384,0.16866367,0.091952294,-0.060434091180750354
ENG_PL,ENG_PL::understat_match::26870,2025-02-26 20:15:00+00:00,0,0.6055388599718041,0.2004408309024543,0.1940203091257415,0.7461627,0.12376975,0.13006753,-0.05594627060069418
ENG_PL,ENG_PL::understat_match::26866,2025-02-27 20:00:00+00:00,0,0.5083110586564706,0.2381669767877808,0.2535219645557486,0.48330104,0.24131507,0.27538386,0.018391348389143136
ENG_PL,ENG_PL::understat_match::26878,2025-03-08 12:30:00+00:00,0,0.2442031988185076,0.2442069796589814,0.511589821522511,0.27838063,0.19427846,0.5273409,-0.017065012639910393
ENG_PL,ENG_PL::understat_match::26873,2025-03-08 15:00:00+00:00,0,0.439200979683821,0.2668692921508155,0.2939297281653633,0.44636315,0.30495742,0.24867947,-0.01626751103337659
ENG_PL,ENG_PL::understat_match::26875,2025-03-08 15:00:00+00:00,0,0.6340507167049831,0.2097647825907572,0.1561845007042596,0.73189926,0.17114289,0.0969578,-0.038516821564882966
ENG_PL,ENG_PL::understat_match::26876,2025-03-08 15:00:00+00:00,0,0.8821542985445807,0.0803845754727134,0.0374611259827057,0.87385994,0.06147628,0.064663835,0.0024008858995319578
ENG_PL,ENG_PL::understat_match::26872,2025-03-08 17:30:00+00:00,2,0.4216318437030585,0.2382738415960162,0.3400943147009252,0.41564295,0.28235453,0.30200252,0.02335528780252838
ENG_PL,ENG_PL::understat_match::26881,2025-03-08 20:00:00+00:00,1,0.3443033184279228,0.2835260384006626,0.3721706431714147,0.36804625,0.25672936,0.3752244,0.009597798275557984
ENG_PL,ENG_PL::understat_match::26874,2025-03-09 14:00:00+00:00,0,0.7091938071821006,0.1686017793495138,0.1222044134683857,0.80045885,0.10574124,0.09379986,-0.025443535054086308
ENG_PL,ENG_PL::understat_match::26879,2025-03-09 14:00:00+00:00,1,0.4044144440370416,0.2288974651350109,0.3666880908279474,0.4492077,0.23087022,0.31992212,0.003063248326350937
ENG_PL,ENG_PL::understat_match::26877,2025-03-09 16:30:00+00:00,1,0.1744357788796909,0.22989698326609,0.595667237854219,0.21835092,0.18359932,0.59804976,0.010046669533460506
ENG_PL,ENG_PL::understat_match::26880,2025-03-10 20:00:00+00:00,2,0.2699118388065051,0.2313145665020748,0.4987735946914198,0.25105956,0.22496054,0.5239799,-0.017227136502840135
ENG_PL,ENG_PL::understat_match::26885,2025-03-15 15:00:00+00:00,1,0.4573388796800456,0.2601803780531824,0.2824807422667718,0.4945933,0.20638822,0.29901847,0.02254018451076706
ENG_PL,ENG_PL::understat_match::26887,2025-03-15 15:00:00+00:00,2,0.2288416436299321,0.2454698437076138,0.525688512662454,0.22621195,0.16740856,0.60637945,-0.03561547375852736
ENG_PL,ENG_PL::understat_match::26889,2025-03-15 15:00:00+00:00,1,0.5409456370776063,0.2345890538884974,0.2244653090338964,0.7161717,0.18049283,0.10333546,0.09028662310329
ENG_PL,ENG_PL::understat_match::26891,2025-03-15 15:00:00+00:00,2,0.2565911626805408,0.247481007869387,0.4959278294500722,0.27289748,0.22544226,0.5016602,0.0014438783130147903
ENG_PL,ENG_PL::understat_match::26882,2025-03-15 17:30:00+00:00,2,0.479170870734329,0.2336003171662257,0.2872288120994452,0.47646406,0.29989892,0.22363704,0.0460550224664511
ENG_PL,ENG_PL::understat_match::26883,2025-03-16 13:30:00+00:00,0,0.5667737699187582,0.230632314434466,0.2025939156467757,0.70427936,0.19091518,0.1048055,-0.06514718979593692
ENG_PL,ENG_PL::understat_match::26886,2025-03-16 13:30:00+00:00,0,0.4051975247566237,0.2499139556993666,0.3448885195440097,0.4641576,0.24192542,0.293917,-0.04961192086837657
ENG_PL,ENG_PL::understat_match::26888,2025-03-16 19:00:00+00:00,2,0.2575579854901563,0.244000694764097,0.4984413197457467,0.20285408,0.17784977,0.61929613,-0.06590600654731404
ENG_PL,ENG_PL::understat_match::26892,2025-04-01 18:45:00+00:00,0,0.602883436094518,0.2411607044339692,0.1559558594715127,0.57485783,0.25096658,0.17417559,0.014529607529628993
ENG_PL,ENG_PL::understat_match::26895,2025-04-01 18:45:00+00:00,0,0.3871957865976878,0.2710775876419501,0.341726625760362,0.41135827,0.2503032,0.33833852,-0.015667032121627983
ENG_PL,ENG_PL::understat_match::26894,2025-04-01 19:00:00+00:00,0,0.4364500352302812,0.2590654182437406,0.3044845465259782,0.38693133,0.2581913,0.35487735,0.045745863891177796
ENG_PL,ENG_PL::understat_match::26900,2025-04-02 18:45:00+00:00,1,0.1677050583821992,0.2007897890125251,0.6315051526052756,0.20280263,0.1872132,0.60998416,-0.006857081766693918
ENG_PL,ENG_PL::understat_match::26898,2025-04-02 18:45:00+00:00,0,0.7554724314986923,0.1551630016764565,0.0893645668248512,0.8576376,0.0893208,0.053041585,-0.022349642440775835
ENG_PL,ENG_PL::understat_match::26899,2025-04-02 18:45:00+00:00,0,0.4931483237270659,0.2279186063226109,0.2789330699503233,0.54753566,0.25048414,0.2019802,-0.04459114188223562
ENG_PL,ENG_PL::understat_match::26896,2025-04-02 18:45:00+00:00,2,0.6804716948133581,0.1835756999970717,0.1359526051895701,0.7841748,0.1483639,0.067461275,0.13746944693255259
ENG_PL,ENG_PL::understat_match::26893,2025-04-02 18:45:00+00:00,2,0.4653403494339109,0.2447524573136859,0.289907193252403,0.49341154,0.2935899,0.21299863,0.07102638307449738
ENG_PL,ENG_PL::understat_match::26901,2025-04-02 19:00:00+00:00,0,0.6672899492172106,0.1969294900039784,0.1357805607788109,0.738969,0.15807651,0.10295448,-0.02519777600970939
ENG_PL,ENG_PL::understat_match::26897,2025-04-03 19:00:00+00:00,0,0.5031787769845347,0.217686513007051,0.2791347100084141,0.5151658,0.28397366,0.2008605,-0.024669188762770577
ENG_PL,ENG_PL::understat_match::26905,2025-04-05 11:30:00+00:00,1,0.1802112702082906,0.2521309139988614,0.5676578157928478,0.1844753,0.16574846,0.6497762,0.05076438802978436
ENG_PL,ENG_PL::understat_match::26904,2025-04-05 14:00:00+00:00,0,0.3730512319111085,0.262176685422274,0.3647720826666177,0.45084667,0.27814573,0.27100757,-0.07555446731888482
ENG_PL,ENG_PL::understat_match::26907,2025-04-05 14:00:00+00:00,2,0.3175433106322349,0.2701279350850319,0.4123287542827334,0.38435555,0.2757734,0.33987105,0.06865408494009889
ENG_PL,ENG_PL::understat_match::26911,2025-04-05 14:00:00+00:00,1,0.2807051267693033,0.2377903404907337,0.4815045327399628,0.33038968,0.21636055,0.45324975,0.0019753472810346007
ENG_PL,ENG_PL::understat_match::26902,2025-04-05 16:30:00+00:00,0,0.4251575704990398,0.2599124477249672,0.3149299817759931,0.5123305,0.2773159,0.21035361,-0.073777250817008
ENG_PL,ENG_PL::understat_match::26903,2025-04-06 13:00:00+00:00,1,0.3282515603442097,0.235569545531301,0.4361788941244892,0.3543636,0.24364078,0.4019956,-0.005413525268511243
ENG_PL,ENG_PL::understat_match::26906,2025-04-06 13:00:00+00:00,0,0.2108223792986356,0.2362754398885943,0.55290218081277,0.27944013,0.21847302,0.5020868,-0.07860220810941992
ENG_PL,ENG_PL::understat_match::26910,2025-04-06 13:00:00+00:00,0,0.7217385889883955,0.1577795961741461,0.1204818148374583,0.77159435,0.12346004,0.10494558,-0.014381279311338244
ENG_PL,ENG_PL::understat_match::26909,2025-04-06 15:30:00+00:00,1,0.2310401408458655,0.2296076688591833,0.5393521902949511,0.28066158,0.20548168,0.51385677,-0.0007303298498728128
ENG_PL,ENG_PL::understat_match::26908,2025-04-07 19:00:00+00:00,2,0.1833040698973158,0.2140810897479862,0.6026148403546979,0.18198664,0.15298568,0.6650277,-0.02309487587044612
ENG_PL,ENG_PL::understat_match::26917,2025-04-12 11:30:00+00:00,0,0.5570077991056331,0.2322619465963241,0.2107302542980427,0.72399247,0.17905444,0.09695312,-0.07753463468960957
ENG_PL,ENG_PL::understat_match::26920,2025-04-12 14:00:00+00:00,2,0.4038890752860697,0.2813314826664226,0.3147794420475077,0.37416536,0.26653746,0.3592972,-0.041076875272307856
ENG_PL,ENG_PL::understat_match::26921,2025-04-12 14:00:00+00:00,2,0.1737346892603524,0.2006307520988752,0.6256345586407724,0.16631156,0.17023785,0.6634506,-0.014704095378542004
ENG_PL,ENG_PL::understat_match::26914,2025-04-12 14:00:00+00:00,1,0.6601077286723325,0.2032940029719502,0.1365982683557175,0.6796234,0.1930721,0.12730452,0.011846566868463554
ENG_PL,ENG_PL::understat_match::26913,2025-04-12 16:30:00+00:00,1,0.6437946221731521,0.2093082646203118,0.1468971132065361,0.65860903,0.18454397,0.15684697,0.01115828095142199
ENG_PL,ENG_PL::understat_match::26915,2025-04-13 13:00:00+00:00,1,0.7181546366554762,0.166071401302755,0.1157739620417689,0.7904699,0.1120474,0.09748269,0.05259791561146443
ENG_PL,ENG_PL::understat_match::26916,2025-04-13 13:00:00+00:00,0,0.7312287239948141,0.1621039932769912,0.1066672827281946,0.86069536,0.059984818,0.07931979,-0.028959244844421576
ENG_PL,ENG_PL::understat_match::26919,2025-04-13 13:00:00+00:00,0,0.2982992706157003,0.247431582810958,0.4542691465733418,0.30597058,0.21861146,0.475418,0.004477356630975093
ENG_PL,ENG_PL::understat_match::26918,2025-04-13 15:30:00+00:00,0,0.522947952783738,0.2267974225910259,0.250254624625236,0.51352954,0.28921252,0.19725797,-0.007320915132016714
ENG_PL,ENG_PL::understat_match::26912,2025-04-14 19:00:00+00:00,0,0.4464930157404617,0.2547748164428571,0.298732167816681,0.4278529,0.30146992,0.27067718,0.002503783537904536
ENG_PL,ENG_PL::understat_match::26890,2025-04-16 18:30:00+00:00,0,0.5034025361843366,0.2325118309034247,0.2640856329122388,0.5583603,0.31173593,0.12990381,-0.05221481177169551
ENG_PL,ENG_PL::understat_match::26923,2025-04-19 14:00:00+00:00,0,0.3622823953576508,0.2530338389312349,0.3846837657111142,0.35084867,0.28232422,0.36682713,0.0006471218535512024
ENG_PL,ENG_PL::understat_match::26924,2025-04-19 14:00:00+00:00,1,0.3668884088487579,0.2464106243169882,0.3867009668342539,0.40727478,0.23077072,0.36195448,0.006369536876731446
ENG_PL,ENG_PL::understat_match::26925,2025-04-19 14:00:00+00:00,2,0.2308928071102608,0.2486462016820723,0.520460991207667,0.23773448,0.19032794,0.57193756,-0.021757006945372803
ENG_PL,ENG_PL::understat_match::26931,2025-04-19 14:00:00+00:00,1,0.5948897602596707,0.2164061151500608,0.1887041245902685,0.6139202,0.18347554,0.2026042,0.01422171433542041
ENG_PL,ENG_PL::understat_match::26922,2025-04-19 16:30:00+00:00,0,0.3516763196167685,0.238799637171891,0.4095240432113405,0.43617743,0.24431916,0.3195034,-0.08402760467749432
ENG_PL,ENG_PL::understat_match::26926,2025-04-20 13:00:00+00:00,2,0.3414616132654586,0.2562757979162325,0.4022625888183086,0.38044035,0.26441094,0.35514867,0.043341025507618064
ENG_PL,ENG_PL::understat_match::26927,2025-04-20 13:00:00+00:00,2,0.0909652305708161,0.1695577949434585,0.7394769744857252,0.12011237,0.12963049,0.75025713,0.000325779801803594
ENG_PL,ENG_PL::understat_match::26929,2025-04-20 13:00:00+00:00,2,0.4717140810009509,0.2561671889853227,0.2721187300137263,0.4891122,0.25566557,0.25522223,0.020799697266002892
ENG_PL,ENG_PL::understat_match::26928,2025-04-20 15:30:00+00:00,2,0.099840288608033,0.1610332470332293,0.7391264643587377,0.12382829,0.14017075,0.7360009,0.003502928375697087
ENG_PL,ENG_PL::understat_match::26930,2025-04-21 19:00:00+00:00,2,0.4544017399349174,0.2447583417438463,0.3008399183212364,0.4963839,0.27122197,0.23239413,0.07015501968516757
ENG_PL,ENG_PL::understat_match::26937,2025-04-22 19:00:00+00:00,0,0.5733987660325824,0.2181046564277113,0.2084965775397061,0.6498204,0.24545349,0.10472609,-0.04593305552845224
ENG_PL,ENG_PL::understat_match::26933,2025-04-23 19:00:00+00:00,1,0.6261239307679011,0.2234539569075714,0.1504221123245275,0.72337097,0.19066055,0.08596847,0.057999076347562045
ENG_PL,ENG_PL::understat_match::26935,2025-04-26 11:30:00+00:00,0,0.5163145919779603,0.2453734800930059,0.2383119279290337,0.5497383,0.2850471,0.16521457,-0.030356338057617532
ENG_PL,ENG_PL::understat_match::26934,2025-04-26 14:00:00+00:00,0,0.5400266155798154,0.2361132557135266,0.2238601287066579,0.64710987,0.20252569,0.15036444,-0.05727397731353512
ENG_PL,ENG_PL::understat_match::26938,2025-04-26 14:00:00+00:00,0,0.7252784591780411,0.1601103477808563,0.1146111930411023,0.7902199,0.116757184,0.0930229,-0.01797334681097533
ENG_PL,ENG_PL::understat_match::26940,2025-04-26 14:00:00+00:00,2,0.186727475398254,0.2326953866692362,0.5805771379325098,0.22558896,0.19082038,0.5835907,0.006752217008832953
ENG_PL,ENG_PL::understat_match::26941,2025-04-26 14:00:00+00:00,0,0.5098501030886562,0.2561883663195153,0.2339615305918282,0.5341199,0.20601322,0.25986692,-0.005204926599806758
ENG_PL,ENG_PL::understat_match::26932,2025-04-27 13:00:00+00:00,1,0.5002428853320433,0.2367316606857746,0.263025453982182,0.4653508,0.29604968,0.23859948,-0.022972110271135826
ENG_PL,ENG_PL::understat_match::26936,2025-04-27 15:30:00+00:00,0,0.6545763621572326,0.1827048251815686,0.1627188126611987,0.7843418,0.09818258,0.117475554,-0.042742962103146265
ENG_PL,ENG_PL::understat_match::26939,2025-05-01 18:30:00+00:00,2,0.3699151942677622,0.2596343610446734,0.3704504446875643,0.39776146,0.21460634,0.38763222,1.9311035687197275e-05
ENG_PL,ENG_PL::understat_match::26942,2025-05-02 19:00:00+00:00,0,0.6609146061742933,0.2009736584891385,0.138111735336568,0.7054567,0.19262794,0.10191537,-0.018455622204677266
ENG_PL,ENG_PL::understat_match::26946,2025-05-03 11:30:00+00:00,0,0.4291127805807282,0.2618018881728108,0.3090853312464607,0.4558285,0.290268,0.25390354,-0.030428166604084927
ENG_PL,ENG_PL::understat_match::26950,2025-05-03 14:00:00+00:00,1,0.6009188378675383,0.2271257152723448,0.1719554468601167,0.6280095,0.19882375,0.1731668,0.016855264134737646
ENG_PL,ENG_PL::understat_match::26951,2025-05-03 14:00:00+00:00,0,0.4429359852508056,0.2535415873069598,0.3035224274422344,0.4213771,0.24953777,0.32908514,0.020327649583961382
ENG_PL,ENG_PL::understat_match::26945,2025-05-03 16:30:00+00:00,2,0.5853487837734932,0.2300081595461209,0.1846430566803856,0.75404364,0.14425671,0.10169966,0.18404259184102734
ENG_PL,ENG_PL::understat_match::26944,2025-05-04 13:00:00+00:00,1,0.3726549009046581,0.2428131830574674,0.3845319160378744,0.43067524,0.26818207,0.30114266,-0.0052841936941704915
ENG_PL,ENG_PL::understat_match::26947,2025-05-04 13:00:00+00:00,0,0.4452561880160527,0.2442765528738579,0.3104672591100892,0.5088686,0.30835357,0.1827778,-0.06475639268768318
ENG_PL,ENG_PL::understat_match::26943,2025-05-04 13:00:00+00:00,1,0.3184765047114549,0.2369778492060828,0.4445456460824622,0.35404938,0.22887227,0.41707838,0.00012861140043285424
ENG_PL,ENG_PL::understat_match::26948,2025-05-04 15:30:00+00:00,0,0.2731872284594111,0.2306600902410148,0.4961526812995739,0.3485634,0.2765134,0.37492323,-0.10474361008781125
ENG_PL,ENG_PL::understat_match::26949,2025-05-05 19:00:00+00:00,1,0.4543779651170113,0.2602859398438911,0.2853360950390978,0.52296424,0.22891022,0.24812551,0.02359093159972267
ENG_PL,ENG_PL::understat_match::26953,2025-05-10 14:00:00+00:00,2,0.4239185832916844,0.2867238049249977,0.2893576117833181,0.39980683,0.28249884,0.31769437,-0.029666505237121443
ENG_PL,ENG_PL::understat_match::26954,2025-05-10 14:00:00+00:00,2,0.1991145123010173,0.2130379183377262,0.5878475693612564,0.2238908,0.16523847,0.6108707,-0.003983764527472053
ENG_PL,ENG_PL::understat_match::26959,2025-05-10 14:00:00+00:00,1,0.0900125251448738,0.1509369017179887,0.7590505731371373,0.10789747,0.124049075,0.7680535,0.008643974672503607
ENG_PL,ENG_PL::understat_match::26961,2025-05-10 14:00:00+00:00,2,0.2961487617561235,0.2692186713491351,0.4346325668947416,0.33161715,0.2372972,0.43108562,0.013144525256817668
ENG_PL,ENG_PL::understat_match::26955,2025-05-10 16:30:00+00:00,2,0.4374282249979876,0.2415337959198699,0.3210379790821423,0.4126303,0.2953219,0.29204783,0.009563598800241213
ENG_PL,ENG_PL::understat_match::26957,2025-05-11 11:00:00+00:00,0,0.4232997702304704,0.2332119909602684,0.3434882388092614,0.47810623,0.28277558,0.23911817,-0.06050834809478059
ENG_PL,ENG_PL::understat_match::26956,2025-05-11 13:15:00+00:00,2,0.4708124463852415,0.2475307355851159,0.2816568180296427,0.52648365,0.22779335,0.24572298,0.05421876559452554
ENG_PL,ENG_PL::understat_match::26958,2025-05-11 13:15:00+00:00,1,0.5716730181699031,0.2384313573432394,0.1898956244868576,0.5739153,0.20289002,0.22319466,0.008162121264582045
ENG_PL,ENG_PL::understat_match::26960,2025-05-11 13:15:00+00:00,2,0.4249793594127513,0.2374406719471423,0.3375799686401062,0.4206607,0.28995532,0.28938398,0.03126138159661562
ENG_PL,ENG_PL::understat_match::26952,2025-05-11 15:30:00+00:00,1,0.3992742039907095,0.2620047724971843,0.338721023512106,0.43809673,0.29439545,0.2675078,-0.005331328357778942
ENG_PL,ENG_PL::understat_match::26963,2025-05-16 18:30:00+00:00,0,0.4621640617849228,0.2311095161873513,0.3067264220277258,0.500023,0.25789708,0.24207996,-0.03738445834637441
ENG_PL,ENG_PL::understat_match::26966,2025-05-16 19:15:00+00:00,0,0.5354694279040342,0.2255766716640955,0.2389539004318704,0.5410932,0.27597702,0.1829298,-0.014414412056624859
ENG_PL,ENG_PL::understat_match::26968,2025-05-18 11:00:00+00:00,0,0.6216365288115414,0.2232568665145384,0.1551066046739201,0.6499288,0.17644925,0.17362188,-0.007261276710977441
ENG_PL,ENG_PL::understat_match::26971,2025-05-18 13:15:00+00:00,2,0.3687561495843562,0.2702693990744096,0.3609744513412341,0.3694606,0.2523655,0.37817386,-0.010582945789281373
ENG_PL,ENG_PL::understat_match::26969,2025-05-18 14:00:00+00:00,0,0.4106681862410106,0.2598882591840359,0.3294435545749536,0.43007565,0.28370634,0.2862181,-0.024555250968368164
ENG_PL,ENG_PL::understat_match::26964,2025-05-18 14:00:00+00:00,2,0.4251832885400235,0.2606536161929924,0.3141630952669841,0.4034864,0.28572038,0.31079328,-0.006672914429308119
ENG_PL,ENG_PL::understat_match::26962,2025-05-18 15:30:00+00:00,0,0.540835946749178,0.235715178684784,0.2234488745660379,0.7435049,0.15675731,0.09973778,-0.09251182418681259
ENG_PL,ENG_PL::understat_match::26965,2025-05-19 19:00:00+00:00,0,0.2469754973223349,0.2335602072935266,0.5194642953841384,0.31276295,0.25483125,0.43240583,-0.08880974297297817
ENG_PL,ENG_PL::understat_match::26967,2025-05-20 19:00:00+00:00,0,0.5097862756870063,0.2534157665422543,0.2367979577707393,0.5245916,0.24820992,0.22719847,-0.009375247507871026
ENG_PL,ENG_PL::understat_match::26970,2025-05-20 19:00:00+00:00,0,0.5438941256373041,0.229716097482466,0.2263897768802297,0.6776127,0.18064807,0.14173916,-0.06763067238036294
ENG_PL,ENG_PL::understat_match::26981,2025-05-25 15:00:00+00:00,2,0.2577594113575641,0.2603506363011006,0.4818899523413353,0.25321344,0.23583545,0.5109511,-0.015796033452567332
ENG_PL,ENG_PL::understat_match::26980,2025-05-25 15:00:00+00:00,2,0.2924238697481201,0.2530812992797125,0.4544948309721674,0.27778357,0.2399476,0.48226887,-0.01893915548509248
ENG_PL,ENG_PL::understat_match::26979,2025-05-25 15:00:00+00:00,0,0.6839843130550464,0.1869209384928123,0.1290947484521412,0.67808545,0.1732175,0.14869703,0.004604207360482379
ENG_PL,ENG_PL::understat_match::26977,2025-05-25 15:00:00+00:00,2,0.0783867620756548,0.1519575463324491,0.7696556915918961,0.12567152,0.13132732,0.74300116,0.011319374239583898
ENG_PL,ENG_PL::understat_match::26978,2025-05-25 15:00:00+00:00,1,0.3162251234716103,0.2611580330721233,0.4226168434562663,0.33484674,0.22166969,0.44348356,0.015098353204976267
ENG_PL,ENG_PL::understat_match::26975,2025-05-25 15:00:00+00:00,1,0.6245197950307888,0.1979969161836542,0.1774832887855567,0.7341626,0.116312176,0.14952523,0.06991362412946231
ENG_PL,ENG_PL::understat_match::26974,2025-05-25 15:00:00+00:00,0,0.3501912522728728,0.2516882828458754,0.3981204648812518,0.3547906,0.27789298,0.36731645,-0.01476739249372594
ENG_PL,ENG_PL::understat_match::26973,2025-05-25 15:00:00+00:00,2,0.535244497765306,0.2398775332048245,0.2248779690298692,0.5487466,0.2911302,0.16012318,0.05960748530733362
ENG_PL,ENG_PL::understat_match::26972,2025-05-25 15:00:00+00:00,2,0.2948813856025474,0.257382326977488,0.4477362874199645,0.28638104,0.23340233,0.48021665,-0.019880691161932418
ENG_PL,ENG_PL::understat_match::26976,2025-05-25 15:00:00+00:00,2,0.3820691396051776,0.2420139338078867,0.3759169265869356,0.3814584,0.26740947,0.3511321,0.015541741611255822
ENG_PL,ENG_PL::understat_match::28778,2025-08-15 19:00:00+00:00,0,0.5912229734460139,0.2074127985096475,0.2013642280443386,0.6447686,0.21797697,0.13725446,-0.031309042099904136
ENG_PL,ENG_PL::understat_match::28779,2025-08-16 11:30:00+00:00,1,0.3505112812119881,0.2444537124652461,0.4050350063227657,0.31872675,0.2798779,0.40139532,-0.01210328546672551
ENG_PL,ENG_PL::understat_match::28781,2025-08-16 14:00:00+00:00,0,0.4632442258001608,0.2527364416321896,0.2840193325676496,0.43610692,0.22431365,0.33957946,0.032257937342189985
ENG_PL,ENG_PL::understat_match::28780,2025-08-16 14:00:00+00:00,1,0.4313183724010292,0.2670868032159063,0.3015948243830643,0.39161006,0.28718424,0.32120568,-0.010231708024299124
ENG_PL,ENG_PL::understat_match::28782,2025-08-16 14:00:00+00:00,0,0.5473110209802734,0.2239070050436413,0.2287819739760853,0.66625667,0.1955631,0.13818021,-0.06339505367877488
ENG_PL,ENG_PL::understat_match::28783,2025-08-16 16:30:00+00:00,2,0.1997362020370678,0.2401907728474549,0.5600730251154773,0.1943369,0.14272767,0.66293544,-0.04102547005700015
ENG_PL,ENG_PL::understat_match::28784,2025-08-17 13:00:00+00:00,1,0.4730142303203205,0.239801530243593,0.2871842394360865,0.51620954,0.26366043,0.22013001,0.004356135529086341
ENG_PL,ENG_PL::understat_match::28785,2025-08-17 13:00:00+00:00,0,0.3553806411203517,0.2588891240425169,0.3857302348371314,0.29843476,0.22897942,0.47258583,0.0756045920334214
ENG_PL,ENG_PL::understat_match::28786,2025-08-17 15:30:00+00:00,2,0.2130940418319222,0.2399757489191763,0.5469302092489013,0.28947008,0.19942942,0.5111005,0.03606716978257021
ENG_PL,ENG_PL::understat_match::28787,2025-08-18 19:00:00+00:00,0,0.3376730322219042,0.2759546564258346,0.3863723113522612,0.27714452,0.23813745,0.484718,0.08475551555341976
ENG_PL,ENG_PL::understat_match::28788,2025-08-22 19:00:00+00:00,2,0.2560750241152968,0.2414277663113346,0.5024972095733686,0.2463255,0.16826154,0.5854129,-0.04026239907428161
ENG_PL,ENG_PL::understat_match::28789,2025-08-23 11:30:00+00:00,2,0.6123031811554107,0.2021712796691437,0.1855255391754454,0.6712532,0.19961901,0.12912776,0.08535770963973155
ENG_PL,ENG_PL::understat_match::28791,2025-08-23 14:00:00+00:00,0,0.3089543273347906,0.306567933126449,0.3844777395387603,0.3642524,0.23012209,0.40562555,-0.028330082072350105
ENG_PL,ENG_PL::understat_match::28792,2025-08-23 14:00:00+00:00,0,0.5445759193502986,0.2412688448311661,0.2141552358185353,0.50526506,0.2912543,0.2034806,0.016446730292421108
ENG_PL,ENG_PL::understat_match::28790,2025-08-23 14:00:00+00:00,0,0.4094639532516782,0.2483880082663377,0.3421480384819838,0.40753332,0.24193157,0.35053512,0.004046759704357583
ENG_PL,ENG_PL::understat_match::28793,2025-08-23 16:30:00+00:00,0,0.647461502925108,0.2102291112167576,0.1423093858581345,0.6790042,0.22056273,0.10043306,-0.015705117436138907
ENG_PL,ENG_PL::understat_match::28794,2025-08-24 13:00:00+00:00,1,0.4630150205898386,0.2592411189600113,0.2777438604501501,0.48092306,0.25687498,0.26220196,0.004256147718116804
ENG_PL,ENG_PL::understat_match::28795,2025-08-24 13:00:00+00:00,0,0.3404002460517357,0.277372612106681,0.3822271418415829,0.3042956,0.21608444,0.47962004,0.06643525732012867
ENG_PL,ENG_PL::understat_match::28796,2025-08-24 15:30:00+00:00,1,0.4316351153747448,0.2648187346358279,0.3035461499894272,0.3991133,0.2721982,0.3286885,-0.005560791117349834
ENG_PL,ENG_PL::understat_match::28797,2025-08-25 19:00:00+00:00,2,0.3219382832525005,0.2306655818619479,0.4473961348855516,0.42928305,0.23646879,0.3342482,0.1092470641617248
ENG_PL,ENG_PL::understat_match::28798,2025-08-30 11:30:00+00:00,0,0.4886923008818215,0.2512511117080784,0.2600565874101003,0.496979,0.25580758,0.24721344,-0.007460193464560588
ENG_PL,ENG_PL::understat_match::28802,2025-08-30 14:00:00+00:00,0,0.5380614824017707,0.2398569128006961,0.222081604797533,0.58655286,0.2550852,0.15836191,-0.03334519959666368
ENG_PL,ENG_PL::understat_match::28801,2025-08-30 14:00:00+00:00,0,0.3288394480653029,0.289712830182605,0.3814477217520922,0.24318857,0.344886,0.4119254,0.07324362314892863
ENG_PL,ENG_PL::understat_match::28800,2025-08-30 14:00:00+00:00,2,0.3341114176491978,0.2908846263883203,0.3750039559624817,0.36858603,0.23202172,0.39939225,-0.0028325787952173664
ENG_PL,ENG_PL::understat_match::28799,2025-08-30 14:00:00+00:00,2,0.3637968647970964,0.2376129007850295,0.3985902344178741,0.32174692,0.23065083,0.4476022,-0.04268876871345298
ENG_PL,ENG_PL::understat_match::28803,2025-08-30 16:30:00+00:00,1,0.2423942810282638,0.2426508653149025,0.5149548536568336,0.21351556,0.27012357,0.5163609,-0.005858017532070936
ENG_PL,ENG_PL::understat_match::28804,2025-08-31 13:00:00+00:00,2,0.4861942662218375,0.2573928163161245,0.256412917462038,0.47283417,0.23031412,0.29685163,-0.03565846111158444
ENG_PL,ENG_PL::understat_match::28805,2025-08-31 13:00:00+00:00,0,0.2943955207476852,0.2523194916492631,0.4532849876030518,0.291585,0.23454966,0.4738653,0.011527602296064976
ENG_PL,ENG_PL::understat_match::28806,2025-08-31 15:30:00+00:00,0,0.4085198243994511,0.2526633359352693,0.3388168396652795,0.49947745,0.281712,0.21881062,-0.08312238077698264
ENG_PL,ENG_PL::understat_match::28807,2025-08-31 18:00:00+00:00,2,0.411066988787052,0.2551476381008719,0.333785373112076,0.4249362,0.29778934,0.2772744,0.045042471882165425
ENG_PL,ENG_PL::understat_match::28808,2025-09-13 11:30:00+00:00,0,0.6177943461097247,0.2310756302936647,0.1511300235966103,0.60106015,0.26894528,0.12999456,0.003565072462552832
ENG_PL,ENG_PL::understat_match::28809,2025-09-13 14:00:00+00:00,0,0.6116789550596666,0.2201928959118338,0.1681281490284994,0.6702256,0.20290656,0.1268678,-0.027106860216396356
ENG_PL,ENG_PL::understat_match::28810,2025-09-13 14:00:00+00:00,0,0.453417712038328,0.2489098875733233,0.2976724003883487,0.41611052,0.27474317,0.3091463,0.02456865004877476
ENG_PL,ENG_PL::understat_match::28811,2025-09-13 14:00:00+00:00,1,0.4426834250252104,0.3017810005323846,0.2555355744424049,0.45264587,0.35663933,0.19071479,-0.010003307003334627
ENG_PL,ENG_PL::understat_match::28812,2025-09-13 14:00:00+00:00,1,0.3688119133938711,0.2730767456378599,0.3581113409682687,0.3148071,0.23282549,0.4523674,0.01973691465934138
ENG_PL,ENG_PL::understat_match::28813,2025-09-13 14:00:00+00:00,0,0.4457554493005561,0.2883094818235278,0.265935068875916,0.5513921,0.27462423,0.1739837,-0.07319454502140874
ENG_PL,ENG_PL::understat_match::28814,2025-09-13 16:30:00+00:00,2,0.3401942196727278,0.2426605374304202,0.4171452428968519,0.251667,0.24482596,0.503507,-0.07280512408324638
ENG_PL,ENG_PL::understat_match::28815,2025-09-13 19:00:00+00:00,1,0.3371835811728783,0.2418055958791531,0.4210108229479686,0.32029185,0.26481256,0.41489556,-0.008108829591521621
ENG_PL,ENG_PL::understat_match::28816,2025-09-14 13:00:00+00:00,2,0.1212875533351754,0.1696833585577218,0.7090290881071027,0.14085169,0.12926313,0.72988516,-0.003286758455888203
ENG_PL,ENG_PL::understat_match::28817,2025-09-14 15:30:00+00:00,0,0.596790145453699,0.2138516615990743,0.1893581929472264,0.67876285,0.21161218,0.10962497,-0.041611885434050505
ENG_PL,ENG_PL::understat_match::28818,2025-09-20 11:30:00+00:00,0,0.6261486682833197,0.2112499720741233,0.1626013596425568,0.6734426,0.21235745,0.114199966,-0.023261330413438377
ENG_PL,ENG_PL::understat_match::28819,2025-09-20 14:00:00+00:00,2,0.2858208087048679,0.2494873871449949,0.4646918041501373,0.25135505,0.22077832,0.52786666,-0.04107955982553968
ENG_PL,ENG_PL::understat_match::28820,2025-09-20 14:00:00+00:00,2,0.3443934483443487,0.3020789119755198,0.3535276396801316,0.44499764,0.21893899,0.33606333,0.05115068352157548
ENG_PL,ENG_PL::understat_match::28821,2025-09-20 14:00:00+00:00,1,0.469008134397813,0.240113063983587,0.2908788016186,0.52142507,0.27789375,0.20068122,0.0037889712216168936
ENG_PL,ENG_PL::understat_match::28822,2025-09-20 14:00:00+00:00,1,0.284930139009276,0.27024091703251,0.4448289439582139,0.26123658,0.21311884,0.52564454,0.032744411112536204
ENG_PL,ENG_PL::understat_match::28824,2025-09-20 16:30:00+00:00,0,0.3202469901362875,0.2427411669989352,0.4370118428647773,0.3383942,0.27641922,0.3851866,-0.033476291595081364
ENG_PL,ENG_PL::understat_match::28825,2025-09-20 19:00:00+00:00,0,0.404475880404602,0.2663600221524533,0.3291640974429448,0.40724683,0.25881743,0.3339357,-6.42901950586583e-05
ENG_PL,ENG_PL::understat_match::28823,2025-09-21 13:00:00+00:00,1,0.3795678140219364,0.2508121626158064,0.3696200233622569,0.31386322,0.26824132,0.41789547,-0.0037719859676256795
ENG_PL,ENG_PL::understat_match::28826,2025-09-21 13:00:00+00:00,1,0.2926631623952939,0.3102768658520903,0.3970599717526157,0.30897498,0.18290158,0.50812346,0.05517331963765294
ENG_PL,ENG_PL::understat_match::28827,2025-09-21 15:30:00+00:00,1,0.4693215509775766,0.2587625371075375,0.2719159119148859,0.5003476,0.27471527,0.22493716,0.003371722159959234
ENG_PL,ENG_PL::understat_match::28828,2025-09-27 11:30:00+00:00,0,0.4355981492038904,0.2443506953858341,0.3200511554102755,0.43596032,0.27492318,0.28911647,-0.009626540991545307
ENG_PL,ENG_PL::understat_match::28829,2025-09-27 14:00:00+00:00,2,0.4759242149549815,0.2454219066617248,0.2786538783832937,0.50401264,0.26606712,0.22992027,0.0501037267999081
ENG_PL,ENG_PL::understat_match::28830,2025-09-27 14:00:00+00:00,0,0.2712873418384897,0.2328844741417862,0.4958281840197238,0.30943528,0.26545906,0.4251057,-0.059636621361859266
ENG_PL,ENG_PL::understat_match::28832,2025-09-27 14:00:00+00:00,1,0.2675254691178581,0.276929054333851,0.455545476548291,0.2644551,0.3174945,0.4180504,-0.017194454389957176
ENG_PL,ENG_PL::understat_match::28833,2025-09-27 14:00:00+00:00,0,0.7320404006439378,0.1678953077497645,0.1000642916062976,0.848428,0.09964434,0.051927663,-0.028072331559244518
ENG_PL,ENG_PL::understat_match::28834,2025-09-27 16:30:00+00:00,2,0.4067402618664824,0.3247693080449051,0.2684904300886124,0.519275,0.30198628,0.17873873,0.12178637261188846
ENG_PL,ENG_PL::understat_match::28835,2025-09-27 19:00:00+00:00,1,0.4952319944500146,0.2466235889717849,0.2581444165782005,0.4405674,0.28048933,0.2789433,-0.019992132944682578
ENG_PL,ENG_PL::understat_match::28831,2025-09-28 13:00:00+00:00,0,0.3971282089855538,0.2735929977071479,0.3292787933072982,0.36782017,0.26203457,0.37014523,0.03238996368096825
ENG_PL,ENG_PL::understat_match::28836,2025-09-28 15:30:00+00:00,2,0.3071308490455673,0.2697777306524838,0.4230914203019488,0.292239,0.24814485,0.4596162,-0.024867247921870866
ENG_PL,ENG_PL::understat_match::28837,2025-09-29 19:00:00+00:00,1,0.506334526979276,0.258614625470604,0.2350508475501201,0.5041521,0.25600722,0.23984064,3.466566583798514e-05
ENG_PL,ENG_PL::understat_match::28838,2025-10-03 19:00:00+00:00,0,0.4509651479761287,0.267659802425441,0.2813750495984301,0.3676999,0.2880887,0.34421143,0.06883686386797858
ENG_PL,ENG_PL::understat_match::28844,2025-10-04 11:30:00+00:00,2,0.3856462607922742,0.2649961055850562,0.3493576336226695,0.38741726,0.23384689,0.3787358,-0.01799862019733056
ENG_PL,ENG_PL::understat_match::28839,2025-10-04 14:00:00+00:00,0,0.7161264075287878,0.1821728503497396,0.1017007421214724,0.71020144,0.21057442,0.079224154,-0.000333796910990114
ENG_PL,ENG_PL::understat_match::28845,2025-10-04 14:00:00+00:00,0,0.4392157284098795,0.2845398008867318,0.2762444707033887,0.43405446,0.3956093,0.17033619,-0.020740610192740927
ENG_PL,ENG_PL::understat_match::28842,2025-10-04 16:30:00+00:00,0,0.3209325867200492,0.2314830431451296,0.4475843701348211,0.45202318,0.25678903,0.29118776,-0.13819770482219218
ENG_PL,ENG_PL::understat_match::28840,2025-10-05 13:00:00+00:00,0,0.6001421188277222,0.2241833514149706,0.1756745297573073,0.7062693,0.19647937,0.09725131,-0.04750617041659137
ENG_PL,ENG_PL::understat_match::28843,2025-10-05 13:00:00+00:00,0,0.359415623540176,0.2680103184839991,0.372574057975825,0.3040762,0.22631451,0.46960932,0.0778415141285716
ENG_PL,ENG_PL::understat_match::28846,2025-10-05 13:00:00+00:00,0,0.5620813756343364,0.2361608151990619,0.2017578091666017,0.5580173,0.26007813,0.18190454,-0.002020486521719128
ENG_PL,ENG_PL::understat_match::28847,2025-10-05 13:00:00+00:00,1,0.2976945552514123,0.2709754543815244,0.4313299903670633,0.26633367,0.22650667,0.50715965,0.02673846278552916
ENG_PL,ENG_PL::understat_match::28841,2025-10-05 15:30:00+00:00,2,0.2783976819798881,0.2402727349752276,0.481329583044884,0.26632816,0.21977104,0.51390076,-0.019650583911825226
ENG_PL,ENG_PL::understat_match::28854,2025-10-18 11:30:00+00:00,2,0.2859050546729763,0.253132449823499,0.4609624955035247,0.24594283,0.20458798,0.5494692,-0.054418614641703694
ENG_PL,ENG_PL::understat_match::28853,2025-10-18 14:00:00+00:00,0,0.5854069989946009,0.2342635717890877,0.1803294292163114,0.63440233,0.23389134,0.13170631,-0.026698921084641558
ENG_PL,ENG_PL::understat_match::28850,2025-10-18 14:00:00+00:00,1,0.4133024153988262,0.2494611064273923,0.3372364781737814,0.47281888,0.26854917,0.2586319,0.002950424249841821
ENG_PL,ENG_PL::understat_match::28855,2025-10-18 14:00:00+00:00,0,0.3881424958923651,0.3152086847994168,0.296648819308218,0.37438935,0.25512645,0.37048417,0.03313856218733047
ENG_PL,ENG_PL::understat_match::28848,2025-10-18 14:00:00+00:00,0,0.3516484702396567,0.2565970729952849,0.3917544567650582,0.4143728,0.29750082,0.28812632,-0.07392762599838931
ENG_PL,ENG_PL::understat_match::28849,2025-10-18 14:00:00+00:00,0,0.265405293616624,0.2835764231009501,0.4510182832824259,0.32089943,0.23324448,0.44585606,-0.04154081464444176
ENG_PL,ENG_PL::understat_match::28851,2025-10-18 16:30:00+00:00,2,0.2297503202118964,0.2722120914976473,0.4980375882904561,0.19650622,0.16556545,0.63792837,-0.06752044489461492
ENG_PL,ENG_PL::understat_match::28856,2025-10-19 13:00:00+00:00,2,0.3959820036556242,0.2500858505479503,0.3539321457964255,0.36775434,0.23630214,0.39594358,-0.03703896833650533
ENG_PL,ENG_PL::understat_match::28852,2025-10-19 15:30:00+00:00,2,0.6476160092841492,0.1888221068565544,0.1635618838592965,0.75041664,0.12757912,0.12200428,0.10748320579920734
ENG_PL,ENG_PL::understat_match::28857,2025-10-20 19:00:00+00:00,2,0.2998027313447078,0.2528987830781147,0.4472984855771776,0.2544483,0.21787441,0.52767736,-0.05376398595609605
ENG_PL,ENG_PL::understat_match::28864,2025-10-24 19:00:00+00:00,0,0.5222423051473941,0.2596619871613935,0.2180957076912125,0.53690434,0.19794893,0.2651467,0.004471115941341225
ENG_PL,ENG_PL::understat_match::28866,2025-10-25 14:00:00+00:00,0,0.5100713755307762,0.2565525549111133,0.2333760695581105,0.51609445,0.24943341,0.23447214,-0.002676335081465836
ENG_PL,ENG_PL::understat_match::28862,2025-10-25 14:00:00+00:00,2,0.5430774896622923,0.2584980625896022,0.1984244477481055,0.53065485,0.3275485,0.14179662,0.040325517040306624
ENG_PL,ENG_PL::understat_match::28865,2025-10-25 16:30:00+00:00,0,0.3872719333037051,0.252588819010212,0.3601392476860826,0.4082492,0.30559096,0.28615978,-0.03653973924940823
ENG_PL,ENG_PL::understat_match::28861,2025-10-25 19:00:00+00:00,0,0.284438279350616,0.2282670470656779,0.487294673583706,0.30269438,0.26602438,0.43128118,-0.03862303322186972
ENG_PL,ENG_PL::understat_match::28858,2025-10-26 14:00:00+00:00,0,0.5308973533920108,0.2422902040984854,0.2268124425095037,0.49481905,0.2875333,0.21764757,0.01553856454583144
ENG_PL,ENG_PL::understat_match::28859,2025-10-26 14:00:00+00:00,0,0.5868634701504714,0.2259179260048176,0.187218603844711,0.6670517,0.22410442,0.10884388,-0.041515504968191674
ENG_PL,ENG_PL::understat_match::28860,2025-10-26 14:00:00+00:00,0,0.2612989608599922,0.2514344256014595,0.4872666135385481,0.260721,0.21165669,0.52762234,0.020905384637349644
ENG_PL,ENG_PL::understat_match::28867,2025-10-26 14:00:00+00:00,2,0.5019876066615429,0.2705517218686667,0.2274606714697906,0.49949726,0.34029523,0.16020751,0.052970186134218
ENG_PL,ENG_PL::understat_match::28863,2025-10-26 16:30:00+00:00,2,0.413264119745747,0.2636581484945657,0.3230777317596872,0.37901834,0.26421613,0.35676554,-0.03580273980969706
ENG_PL,ENG_PL::understat_match::28871,2025-11-01 15:00:00+00:00,0,0.4841177057282891,0.2761493911120328,0.2397329031596778,0.47598964,0.29262856,0.23138179,0.0022589882775286008
ENG_PL,ENG_PL::understat_match::28870,2025-11-01 15:00:00+00:00,0,0.4527160176156807,0.2378321050195507,0.3094518773647684,0.48064297,0.27022326,0.24913375,-0.03174043425205486
ENG_PL,ENG_PL::understat_match::28874,2025-11-01 15:00:00+00:00,1,0.3492873372078799,0.2597408330346494,0.3909718297574706,0.30142292,0.22615191,0.47242516,0.019590348917857048
ENG_PL,ENG_PL::understat_match::28868,2025-11-01 15:00:00+00:00,0,0.4101616750289352,0.2796948450578683,0.3101434799131964,0.4174739,0.3027674,0.27975866,-0.013248329592256608
ENG_PL,ENG_PL::understat_match::28869,2025-11-01 15:00:00+00:00,2,0.1046348873628551,0.1919097662762643,0.7034553463608804,0.09448089,0.11559078,0.7899284,-0.0229152237640962
ENG_PL,ENG_PL::understat_match::28876,2025-11-01 17:30:00+00:00,2,0.3463289051293508,0.2377081830333638,0.4159629118372854,0.42069736,0.2823416,0.29696107,0.10510348861000868
ENG_PL,ENG_PL::understat_match::28872,2025-11-01 20:00:00+00:00,0,0.6092433814429528,0.2062586135121724,0.1844980050448748,0.6533462,0.22475189,0.121901944,-0.025850649069917256
ENG_PL,ENG_PL::understat_match::28877,2025-11-02 14:00:00+00:00,0,0.2043046730578248,0.2284205705221986,0.5672747564199767,0.1789578,0.19336948,0.6276727,0.0565758208305166
ENG_PL,ENG_PL::understat_match::28873,2025-11-02 16:30:00+00:00,0,0.5491223319229599,0.2338303417409776,0.2170473263360625,0.6560294,0.22133516,0.12263541,-0.058522497365324
ENG_PL,ENG_PL::understat_match::28875,2025-11-03 20:00:00+00:00,1,0.3732128469746046,0.3119718864904923,0.314815266534903,0.38737893,0.23463795,0.3779831,0.02726858690967232
ENG_PL,ENG_PL::understat_match::28886,2025-11-08 12:30:00+00:00,1,0.4021495053451989,0.2395238295826705,0.3583266650721304,0.37702268,0.26572028,0.35725704,-0.010171774713408632
ENG_PL,ENG_PL::understat_match::28887,2025-11-08 15:00:00+00:00,0,0.4975038440730729,0.2531418871343524,0.2493542687925747,0.5145467,0.27075416,0.2146992,-0.016459649780465657
ENG_PL,ENG_PL::understat_match::28882,2025-11-08 15:00:00+00:00,0,0.3749408241790589,0.2871158068953981,0.337943368925543,0.3544679,0.24740429,0.39812776,0.03515637030837182
ENG_PL,ENG_PL::understat_match::28885,2025-11-08 17:30:00+00:00,1,0.1914133729235884,0.2843941449820871,0.5241924820943245,0.18953443,0.14913616,0.6613294,0.08093153029473243
ENG_PL,ENG_PL::understat_match::28880,2025-11-08 20:00:00+00:00,0,0.610558123741698,0.2207812405164438,0.1686606357418582,0.64382374,0.2241912,0.1319851,-0.017914900313528742
ENG_PL,ENG_PL::understat_match::28878,2025-11-09 14:00:00+00:00,0,0.3836131137581074,0.2654583800260034,0.3509285062158891,0.3934449,0.27652013,0.33003497,-0.013125716633874518
ENG_PL,ENG_PL::understat_match::28879,2025-11-09 14:00:00+00:00,0,0.3721527481230184,0.2519338880868617,0.3759133637901199,0.36926457,0.29551074,0.33522466,-0.012650129117091513
ENG_PL,ENG_PL::understat_match::28881,2025-11-09 14:00:00+00:00,1,0.4509354534292239,0.2482179011452878,0.3008466454254881,0.49308878,0.25994918,0.24696204,0.005137661897702678
ENG_PL,ENG_PL::understat_match::28884,2025-11-09 14:00:00+00:00,0,0.3749226675224029,0.2886356121234336,0.3364417203541633,0.37470505,0.26268315,0.3626118,0.009283186202808491
ENG_PL,ENG_PL::understat_match::28883,2025-11-09 16:30:00+00:00,0,0.4428454926349662,0.2377746323365962,0.3193798750284374,0.5510821,0.2551017,0.19381618,-0.08666631618788903
ENG_PL,ENG_PL::understat_match::28891,2025-11-22 12:30:00+00:00,2,0.1696519783175998,0.200413129148093,0.629934892534307,0.1460605,0.13516639,0.71877307,-0.03265387726583163
ENG_PL,ENG_PL::understat_match::28897,2025-11-22 15:00:00+00:00,2,0.2621865534158845,0.2592300959899661,0.4785833505941494,0.2754576,0.22498056,0.49956188,-0.007150940503898556
ENG_PL,ENG_PL::understat_match::28894,2025-11-22 15:00:00+00:00,2,0.6742012739057188,0.188272173775844,0.1375265523184369,0.7215457,0.17018177,0.10827249,0.058699113369847344
ENG_PL,ENG_PL::understat_match::28888,2025-11-22 15:00:00+00:00,1,0.5969354282625413,0.218345814001902,0.1847187577355566,0.5566142,0.27203333,0.17135243,-0.0256359370661573
ENG_PL,ENG_PL::understat_match::28890,2025-11-22 15:00:00+00:00,0,0.4244938477479274,0.2556526399298028,0.3198535123222696,0.45845783,0.27123642,0.27030572,-0.033590238065272976
ENG_PL,ENG_PL::understat_match::28892,2025-11-22 15:00:00+00:00,0,0.4459261584936977,0.2920273243093654,0.2620465171969366,0.43699908,0.31397805,0.24902284,0.0016581047906554236
ENG_PL,ENG_PL::understat_match::28896,2025-11-22 17:30:00+00:00,0,0.3550635342234642,0.2580710276466446,0.3868654381298912,0.39027056,0.28701478,0.32271463,-0.04484657724285884
ENG_PL,ENG_PL::understat_match::28893,2025-11-23 14:00:00+00:00,2,0.3690554434320203,0.2858016297487158,0.3451429268192639,0.35407954,0.22656448,0.41935593,-0.05125995733454841
ENG_PL,ENG_PL::understat_match::28889,2025-11-23 16:30:00+00:00,0,0.6775094983022311,0.1938372163360049,0.1286532853617639,0.6350406,0.26120692,0.10375252,0.011704082906885703
ENG_PL,ENG_PL::understat_match::28895,2025-11-24 20:00:00+00:00,2,0.44420297175446,0.2599496754625069,0.2958473527830329,0.48449224,0.26786074,0.24764702,0.05381023400461138
ENG_PL,ENG_PL::understat_match::28899,2025-11-29 15:00:00+00:00,0,0.6901975447606441,0.1848355399248539,0.124966915314502,0.70516694,0.20258567,0.09224741,-0.008079089410115287
ENG_PL,ENG_PL::understat_match::28903,2025-11-29 15:00:00+00:00,0,0.6238117366083907,0.2196224684154656,0.1565657949761436,0.74355656,0.1830822,0.07336124,-0.047442671117003635
ENG_PL,ENG_PL::understat_match::28905,2025-11-29 15:00:00+00:00,0,0.285904232555751,0.275402855502424,0.4386929119418249,0.27410156,0.17941155,0.5464869,0.06159613161250077
ENG_PL,ENG_PL::understat_match::28902,2025-11-29 17:30:00+00:00,2,0.3117065365942875,0.2653594421601152,0.4229340212455971,0.3026982,0.24219266,0.45510918,-0.020816919901234132
ENG_PL,ENG_PL::understat_match::28906,2025-11-29 20:00:00+00:00,2,0.3850745234092793,0.2614488287876588,0.3534766478030619,0.3506596,0.2833359,0.3660045,-0.020681168195862076
ENG_PL,ENG_PL::understat_match::28901,2025-11-30 12:00:00+00:00,2,0.4843978966461898,0.2359489064806876,0.2796531968731227,0.58592105,0.2308291,0.18324983,0.12842173749231434
ENG_PL,ENG_PL::understat_match::28907,2025-11-30 14:05:00+00:00,2,0.1660881897414597,0.1947313064884211,0.6391805037701191,0.17476697,0.2063121,0.6189209,0.008994381289166117
ENG_PL,ENG_PL::understat_match::28898,2025-11-30 14:05:00+00:00,0,0.5284435513400204,0.2562222804139727,0.2153341682460067,0.51889545,0.26305476,0.2180498,0.005136501121163872
ENG_PL,ENG_PL::understat_match::28904,2025-11-30 14:05:00+00:00,2,0.3351537744959497,0.2744156174741775,0.3904306080298726,0.33366287,0.24600455,0.42033252,-0.018278817789686014
ENG_PL,ENG_PL::understat_match::28900,2025-11-30 16:30:00+00:00,1,0.3012437310926963,0.2599697898087641,0.4387864790985394,0.30917704,0.24992724,0.44089577,0.003349066583597071
ENG_PL,ENG_PL::understat_match::28912,2025-12-02 19:30:00+00:00,2,0.2679145191055909,0.2583137827639379,0.4737716981304712,0.31872255,0.23943637,0.44184107,0.03221552094535329
ENG_PL,ENG_PL::understat_match::28908,2025-12-02 19:30:00+00:00,2,0.5077702975190828,0.2521156359050131,0.2401140665759041,0.4492487,0.30877298,0.24197829,-0.029417997442562516
ENG_PL,ENG_PL::understat_match::28916,2025-12-02 20:15:00+00:00,1,0.5766017734878224,0.2163796783270377,0.2070185481851398,0.62679785,0.22056632,0.15263586,0.020423478881215096
ENG_PL,ENG_PL::understat_match::28909,2025-12-03 19:30:00+00:00,0,0.5865852889200912,0.2331835099671899,0.1802312011127188,0.5996382,0.27260736,0.12775439,-0.013392128886555416
ENG_PL,ENG_PL::understat_match::28910,2025-12-03 19:30:00+00:00,2,0.4671313477792496,0.2595999218161215,0.2732687304046289,0.48647326,0.30427808,0.2092486,0.057796939606802544
ENG_PL,ENG_PL::understat_match::28911,2025-12-03 19:30:00+00:00,2,0.1836863222812987,0.214997776656193,0.6013159010625082,0.13058677,0.14400001,0.7254132,-0.050119430730007575
ENG_PL,ENG_PL::understat_match::28917,2025-12-03 19:30:00+00:00,2,0.3474319302638984,0.2853331666550934,0.3672349030810081,0.4317055,0.2869963,0.2812982,0.09090068136444229
ENG_PL,ENG_PL::understat_match::28913,2025-12-03 20:15:00+00:00,0,0.2816372466024357,0.2508085053087229,0.4675542480888414,0.2801105,0.18538043,0.53450906,0.034644399102124857
ENG_PL,ENG_PL::understat_match::28914,2025-12-03 20:15:00+00:00,1,0.7137406331525853,0.1787879561816295,0.107471410665785,0.8356148,0.113022506,0.051362716,0.08995721273845281
ENG_PL,ENG_PL::understat_match::28915,2025-12-04 20:00:00+00:00,1,0.5788037298746285,0.2210872489559857,0.2001090211693859,0.63342446,0.22384463,0.14273089,0.023270638513882558
ENG_PL,ENG_PL::understat_match::28919,2025-12-06 12:30:00+00:00,0,0.2158595405226583,0.2545237724996,0.5296166869777417,0.24838561,0.19984701,0.5517674,-0.012999330384691032
ENG_PL,ENG_PL::understat_match::28918,2025-12-06 15:00:00+00:00,1,0.3861858688636127,0.246336570563249,0.3674775605731379,0.40377963,0.29364678,0.3025736,-0.014795268164014885
ENG_PL,ENG_PL::understat_match::28921,2025-12-06 15:00:00+00:00,0,0.4298998547584989,0.2779278211612955,0.2921723240802056,0.42703,0.26858073,0.3043893,0.00528429503821129
ENG_PL,ENG_PL::understat_match::28924,2025-12-06 15:00:00+00:00,0,0.6790387788159258,0.2031745001953835,0.1177867209886907,0.8229902,0.12639126,0.050618522,-0.041497552463101134
ENG_PL,ENG_PL::understat_match::28925,2025-12-06 15:00:00+00:00,0,0.7320090033202745,0.1659945985847866,0.1019963980949386,0.7625445,0.15446614,0.082989365,-0.009475050683134728
ENG_PL,ENG_PL::understat_match::28926,2025-12-06 15:00:00+00:00,0,0.350439976632922,0.2486118073083189,0.4009482160587592,0.35252282,0.31804904,0.32942814,-0.027469050290900188
ENG_PL,ENG_PL::understat_match::28923,2025-12-06 17:30:00+00:00,1,0.2420322305341214,0.2370683599024559,0.5208994095634226,0.25736222,0.16988452,0.57275325,0.032182900580596474
ENG_PL,ENG_PL::understat_match::28920,2025-12-07 14:00:00+00:00,1,0.5982676943344606,0.2200220569273666,0.1817102487381727,0.5493813,0.27219984,0.17841884,-0.02864486183391432
ENG_PL,ENG_PL::understat_match::28922,2025-12-07 16:30:00+00:00,2,0.3855759542105916,0.2645637330012581,0.3498603127881504,0.43066862,0.2603366,0.30899477,0.045806630330077536
ENG_PL,ENG_PL::understat_match::28927,2025-12-08 20:00:00+00:00,2,0.2983438588839988,0.2632448759344815,0.4384112651815197,0.32230583,0.24273472,0.4349595,0.009380440463018863
ENG_PL,ENG_PL::understat_match::28931,2025-12-13 15:00:00+00:00,0,0.5370642086152951,0.2402774884698992,0.2226583029148057,0.5427211,0.2645007,0.1927782,-0.008809410944915441
ENG_PL,ENG_PL::understat_match::28933,2025-12-13 15:00:00+00:00,0,0.588764353776224,0.2118979814522193,0.1993376647715564,0.59389997,0.23792501,0.16817504,-0.007825089242290112
ENG_PL,ENG_PL::understat_match::28930,2025-12-13 17:30:00+00:00,2,0.2415471904712743,0.2634606365614546,0.494992172967271,0.24940947,0.18111886,0.56947166,-0.03290910724007673
ENG_PL,ENG_PL::understat_match::28928,2025-12-13 20:00:00+00:00,0,0.7341100554255793,0.178614680625527,0.0872752639488937,0.69493973,0.21466349,0.0903968,0.011459453506764292
ENG_PL,ENG_PL::understat_match::28936,2025-12-14 14:00:00+00:00,0,0.2359058076019058,0.2674415442959765,0.4966526481021175,0.22851859,0.16083585,0.6106456,0.06878389031643212
ENG_PL,ENG_PL::understat_match::28937,2025-12-14 14:00:00+00:00,2,0.2923260968823555,0.2516207205073801,0.4560531826102643,0.22006647,0.24520555,0.534728,-0.05821269593590639
ENG_PL,ENG_PL::understat_match::28932,2025-12-14 14:00:00+00:00,2,0.3035141541638169,0.2454436394554066,0.4510422063807765,0.35640597,0.26780087,0.37579316,0.06159194864393641
ENG_PL,ENG_PL::understat_match::28935,2025-12-14 14:00:00+00:00,0,0.381639826738963,0.2648019139623953,0.3535582592986417,0.41230693,0.28102845,0.3066646,-0.033973219560469836
ENG_PL,ENG_PL::understat_match::28929,2025-12-14 16:30:00+00:00,1,0.4930200931471264,0.2521743078754859,0.2548055989773877,0.51170415,0.26958388,0.21871197,0.00084067759920467
ENG_PL,ENG_PL::understat_match::28934,2025-12-15 20:00:00+00:00,1,0.4114521459180483,0.2485557276909616,0.3399921263909902,0.48538715,0.2626958,0.251917,0.007087687401382159
ENG_PL,ENG_PL::understat_match::28945,2025-12-20 12:30:00+00:00,1,0.4280868470212118,0.2438856456842923,0.3280275072944957,0.48706928,0.259934,0.25299674,0.0051917050189390634
ENG_PL,ENG_PL::understat_match::28947,2025-12-20 15:00:00+00:00,2,0.2698958164223443,0.2630368249675087,0.4670673586101471,0.2934954,0.22671108,0.47979352,-5.3328895241400165e-05
ENG_PL,ENG_PL::understat_match::28938,2025-12-20 15:00:00+00:00,1,0.6640216929927768,0.1950928946713898,0.1408854123358335,0.6336176,0.25386274,0.112519704,-0.02332079592719566
ENG_PL,ENG_PL::understat_match::28940,2025-12-20 15:00:00+00:00,1,0.5345610051342228,0.2631496257675339,0.2022893690982433,0.5609153,0.26929423,0.16979045,0.008389161507679876
ENG_PL,ENG_PL::understat_match::28944,2025-12-20 15:00:00+00:00,0,0.7244990598356104,0.1685191002254816,0.1069818399389081,0.77086484,0.10358185,0.12555331,-0.009539664454730978
ENG_PL,ENG_PL::understat_match::28946,2025-12-20 17:30:00+00:00,2,0.243395703557145,0.2203254566159118,0.536278839826943,0.24087425,0.26370475,0.495421,0.019170797152950697
ENG_PL,ENG_PL::understat_match::28943,2025-12-20 20:00:00+00:00,0,0.3576215649731658,0.2654055122023745,0.3769729228244596,0.38630623,0.19171235,0.4219814,-3.512148165696338e-05
ENG_PL,ENG_PL::understat_match::28941,2025-12-20 20:00:00+00:00,2,0.2043912496822062,0.2574409567106868,0.5381677936071071,0.19815616,0.18500735,0.6168364,-0.03449231404816455
ENG_PL,ENG_PL::understat_match::28939,2025-12-21 16:30:00+00:00,0,0.4151137300432327,0.2454607329922557,0.3394255369645115,0.49465525,0.24734803,0.2579967,-0.06768300614881431
ENG_PL,ENG_PL::understat_match::28942,2025-12-22 20:00:00+00:00,0,0.4459754202089031,0.274312313075174,0.2797122667159228,0.4090945,0.2776177,0.31328782,0.031068175138398046
ENG_PL,ENG_PL::understat_match::28954,2025-12-26 20:00:00+00:00,0,0.3734098967936838,0.2441665635461543,0.3824235396601616,0.44555044,0.28926513,0.26518443,-0.08056292057930048
ENG_PL,ENG_PL::understat_match::28955,2025-12-27 12:30:00+00:00,2,0.2239973686264463,0.2450342478332062,0.5309683835403475,0.26371333,0.20468338,0.5316033,0.00938736620794034
ENG_PL,ENG_PL::understat_match::28957,2025-12-27 15:00:00+00:00,2,0.315631372132893,0.2674848128061294,0.4168838150609777,0.29309818,0.23769705,0.46920475,-0.0359987711492466
ENG_PL,ENG_PL::understat_match::28950,2025-12-27 15:00:00+00:00,1,0.2750017880624442,0.2712655408245117,0.4537326711130439,0.26875588,0.20705496,0.5241892,0.03275234734257246
ENG_PL,ENG_PL::understat_match::28953,2025-12-27 15:00:00+00:00,0,0.7294760593028495,0.1689534254446403,0.1015705152525101,0.7709682,0.12521507,0.10381676,-0.010133144495677891
ENG_PL,ENG_PL::understat_match::28948,2025-12-27 15:00:00+00:00,0,0.6136786551866059,0.2236048730948486,0.1627164717185453,0.57475895,0.2489561,0.17628498,0.01809275593094012
ENG_PL,ENG_PL::understat_match::28949,2025-12-27 15:00:00+00:00,0,0.4219430586096397,0.2520650358402746,0.3259919055500857,0.45387682,0.25847062,0.28765258,-0.029713017487817656
ENG_PL,ENG_PL::understat_match::28951,2025-12-27 17:30:00+00:00,2,0.5099084439236355,0.2327033214663141,0.2573882346100502,0.5689211,0.2350618,0.19601716,0.07929038988655823
ENG_PL,ENG_PL::understat_match::28956,2025-12-28 14:00:00+00:00,1,0.311340781755596,0.3024459202864112,0.3862132979579927,0.3276199,0.2200954,0.45228472,0.032901227926774995
ENG_PL,ENG_PL::understat_match::28952,2025-12-28 16:30:00+00:00,2,0.504234015550111,0.2369114521324066,0.2588545323174822,0.5134789,0.26004684,0.22647426,0.029227020051710628
ENG_PL,ENG_PL::understat_match::28965,2025-12-30 19:30:00+00:00,2,0.3918963728280771,0.2885435278413932,0.3195600993305295,0.447995,0.27489653,0.27710846,0.05334526080119151
ENG_PL,ENG_PL::understat_match::28960,2025-12-30 19:30:00+00:00,2,0.185666931761205,0.2268202575813984,0.5875128106573964,0.1693025,0.15282622,0.6778713,-0.036093824424465626
ENG_PL,ENG_PL::understat_match::28961,2025-12-30 19:30:00+00:00,1,0.4764468229016097,0.2333520377652954,0.2902011393330947,0.57002944,0.24135165,0.18861891,0.024646186085824168
ENG_PL,ENG_PL::understat_match::28967,2025-12-30 19:30:00+00:00,1,0.2906328185958134,0.2505583724029061,0.4588088090012803,0.23392142,0.23832507,0.52775353,0.01913501647331134
ENG_PL,ENG_PL::understat_match::28964,2025-12-30 20:15:00+00:00,1,0.5826844849311226,0.2306164802574027,0.1866990348114746,0.6265601,0.23283178,0.14060816,0.018985228512877678
ENG_PL,ENG_PL::understat_match::28958,2025-12-30 20:15:00+00:00,0,0.6245404629744773,0.2204784785794911,0.1549810584460316,0.6058595,0.26325548,0.13088503,0.003744305811766352
ENG_PL,ENG_PL::understat_match::28962,2026-01-01 17:30:00+00:00,1,0.467499712513614,0.2620753113759695,0.2704249761104166,0.5109504,0.23758163,0.251468,0.016310402507447447
ENG_PL,ENG_PL::understat_match::28963,2026-01-01 17:30:00+00:00,1,0.5678078825685781,0.2235035773167064,0.2086885401147155,0.67765814,0.20919357,0.11314832,0.05303319439235671
ENG_PL,ENG_PL::understat_match::28959,2026-01-01 20:00:00+00:00,1,0.4883382489714652,0.2422763645655314,0.2693853864630032,0.5038831,0.26217225,0.23394465,-0.001207214225285247
ENG_PL,ENG_PL::understat_match::28966,2026-01-01 20:00:00+00:00,1,0.1769233054988195,0.2483335997025739,0.5747430947986063,0.1722655,0.12698247,0.700752,0.07954865737672098
ENG_PL,ENG_PL::understat_match::28972,2026-01-03 12:30:00+00:00,0,0.483697319301714,0.2558129761714516,0.2604897045268344,0.52424,0.24439523,0.23136473,-0.02727307293384501
ENG_PL,ENG_PL::understat_match::28970,2026-01-03 15:00:00+00:00,0,0.4026684322640377,0.2803064203142145,0.3170251474217478,0.37150598,0.26363787,0.36485615,0.03540739190245565
ENG_PL,ENG_PL::understat_match::28973,2026-01-03 15:00:00+00:00,0,0.631026214543998,0.2108660697549702,0.1581077157010318,0.60970056,0.26710254,0.12319685,0.0031857122221776862
ENG_PL,ENG_PL::understat_match::28971,2026-01-03 17:30:00+00:00,2,0.2693358011433254,0.252646256917552,0.4780179419391224,0.2301941,0.276004,0.4938019,-0.017890595607504084
ENG_PL,ENG_PL::understat_match::28976,2026-01-04 12:30:00+00:00,1,0.4348204188844283,0.2548102858289076,0.3103692952866639,0.5011926,0.21347791,0.28532943,0.02360452846839528
ENG_PL,ENG_PL::understat_match::28968,2026-01-04 15:00:00+00:00,0,0.4871968855610135,0.2437825599346749,0.2690205545043115,0.53052145,0.23777935,0.23169926,-0.030622226952060738
ENG_PL,ENG_PL::understat_match::28969,2026-01-04 15:00:00+00:00,1,0.503083369830047,0.2697741724667883,0.2271424577031649,0.5314682,0.27249098,0.19604078,0.008101943386005783
ENG_PL,ENG_PL::understat_match::28974,2026-01-04 15:00:00+00:00,2,0.3595178463257993,0.2710978332297001,0.3693843204445006,0.35070398,0.22590886,0.4233871,-0.03572678823851949
ENG_PL,ENG_PL::understat_match::28975,2026-01-04 15:15:00+00:00,1,0.2589264968916896,0.2475532999579678,0.4935202031503424,0.31261653,0.22823045,0.45915303,-0.0010272498696154986
ENG_PL,ENG_PL::understat_match::28977,2026-01-04 17:30:00+00:00,1,0.5729487831816938,0.2138712458993461,0.2131799709189601,0.67368174,0.1851641,0.14115417,0.050027786489012654
ENG_PL,ENG_PL::understat_match::28987,2026-01-06 20:00:00+00:00,2,0.3451647227294798,0.2747154929351458,0.3801197843353743,0.35782543,0.28024277,0.3619318,0.015889948143750054
ENG_PL,ENG_PL::understat_match::28984,2026-01-07 19:30:00+00:00,0,0.3417190781821703,0.2560086602945546,0.4022722615232751,0.39695692,0.26808077,0.33496228,-0.05964802039179745
ENG_PL,ENG_PL::understat_match::28985,2026-01-07 19:30:00+00:00,1,0.5856494012380704,0.2213967780143797,0.1929538207475497,0.657716,0.1920782,0.15020585,0.037467852421138065
ENG_PL,ENG_PL::understat_match::28983,2026-01-07 19:30:00+00:00,1,0.4558175252612324,0.2429536858964433,0.3012287888423243,0.54283124,0.26383603,0.19333276,0.016767451488048896
ENG_PL,ENG_PL::understat_match::28979,2026-01-07 19:30:00+00:00,0,0.505231060771041,0.240658467104012,0.2541104721249471,0.4714677,0.29406992,0.23446241,0.012475280457974136
ENG_PL,ENG_PL::understat_match::28981,2026-01-07 19:30:00+00:00,0,0.5704022201208699,0.2476997606298163,0.1818980192493138,0.5583376,0.2604749,0.18118748,0.005126711085625374
ENG_PL,ENG_PL::understat_match::28978,2026-01-07 19:30:00+00:00,1,0.4738046960227913,0.2813928713328393,0.2448024326443695,0.54505247,0.2622236,0.1927239,0.02490279293345457
ENG_PL,ENG_PL::understat_match::28982,2026-01-07 20:15:00+00:00,1,0.2281178059954849,0.2355986231778977,0.5362835708266174,0.17313091,0.15962778,0.6672413,0.06777373553870364
ENG_PL,ENG_PL::understat_match::28986,2026-01-07 20:15:00+00:00,0,0.5068265135700849,0.2498728606977474,0.2433006257321678,0.5546707,0.2502321,0.19509718,-0.03301708430143202
ENG_PL,ENG_PL::understat_match::28980,2026-01-08 20:00:00+00:00,1,0.4782671451421763,0.2500960059076848,0.2716368489501386,0.52358764,0.2809342,0.19547814,0.0049148424767713195
ENG_PL,ENG_PL::understat_match::28993,2026-01-17 12:30:00+00:00,0,0.3036355538029198,0.2416105225927941,0.454753923604286,0.35858834,0.2874454,0.35396627,-0.07751177818583388
ENG_PL,ENG_PL::understat_match::28996,2026-01-17 15:00:00+00:00,2,0.5377932245806462,0.2399532298194703,0.2222535455998834,0.5070806,0.25828275,0.23463668,-0.025599657286076494
ENG_PL,ENG_PL::understat_match::28995,2026-01-17 15:00:00+00:00,0,0.2569874811500718,0.2673668804211883,0.4756456384287397,0.21957934,0.16143729,0.6189834,0.10694523305167619
ENG_PL,ENG_PL::understat_match::28992,2026-01-17 15:00:00+00:00,1,0.7929327902823099,0.1365858134448503,0.0704813962728398,0.8076929,0.1087016,0.08360552,0.012823822145105912
ENG_PL,ENG_PL::understat_match::28991,2026-01-17 15:00:00+00:00,0,0.4539783729994038,0.2717257010475539,0.2742959259530422,0.42075208,0.24663453,0.33261347,0.03639098110530303
ENG_PL,ENG_PL::understat_match::28990,2026-01-17 15:00:00+00:00,0,0.4707320454701846,0.2318795692877778,0.2973883852420376,0.55315846,0.232508,0.2143335,-0.061479097714617736
ENG_PL,ENG_PL::understat_match::28994,2026-01-17 17:30:00+00:00,1,0.1848745181221801,0.2513744319839739,0.563751049893846,0.18418404,0.18961518,0.6262008,0.03702868222691305
ENG_PL,ENG_PL::understat_match::28997,2026-01-18 14:00:00+00:00,1,0.2304840743896747,0.2620449342805431,0.5074709913297822,0.2695341,0.22851901,0.50194687,0.006974789108974894
ENG_PL,ENG_PL::understat_match::28988,2026-01-18 16:30:00+00:00,2,0.4874785758218837,0.2549041847683557,0.2576172394097605,0.49304137,0.25528896,0.25166965,0.007160291782766004
ENG_PL,ENG_PL::understat_match::28989,2026-01-19 20:00:00+00:00,1,0.4034597937115732,0.2540915223195051,0.3424486839689215,0.38861892,0.3024435,0.30893755,-0.016791917330604117
ENG_PL,ENG_PL::understat_match::29007,2026-01-24 12:30:00+00:00,0,0.4395258219380183,0.2773387650052478,0.2831354130567337,0.4750971,0.25270298,0.27219996,-0.022340550131761783
ENG_PL,ENG_PL::understat_match::29005,2026-01-24 15:00:00+00:00,0,0.6804363454766118,0.2003955537132964,0.1191681008100917,0.73347944,0.19041075,0.076109834,-0.019748025526864804
ENG_PL,ENG_PL::understat_match::29001,2026-01-24 15:00:00+00:00,1,0.2555434863103502,0.2574679817160065,0.4869885319736433,0.22924289,0.22493435,0.54582274,0.02400723125190385
ENG_PL,ENG_PL::understat_match::29004,2026-01-24 15:00:00+00:00,0,0.368945529072858,0.2747180492188243,0.3563364217083178,0.40980223,0.24271499,0.34748283,-0.028063842128963234
ENG_PL,ENG_PL::understat_match::28998,2026-01-24 17:30:00+00:00,0,0.3119741186310976,0.245746014992068,0.4422798663768343,0.3333774,0.30252287,0.3640997,-0.046018384777914756
ENG_PL,ENG_PL::understat_match::29000,2026-01-25 14:00:00+00:00,2,0.5532481205240746,0.2407812795306151,0.2059705999453102,0.52673936,0.26190126,0.21135941,-0.018578896963631353
ENG_PL,ENG_PL::understat_match::29002,2026-01-25 14:00:00+00:00,2,0.3925366288737564,0.239777985753582,0.3676853853726614,0.43989623,0.28360507,0.27649868,0.0815280397417325
ENG_PL,ENG_PL::understat_match::29006,2026-01-25 14:00:00+00:00,2,0.514449483641741,0.2396010395286191,0.2459494768296399,0.51632357,0.23972414,0.2439523,0.002473863023670475
ENG_PL,ENG_PL::understat_match::28999,2026-01-25 16:30:00+00:00,2,0.6145599199630616,0.21721183509387,0.1682282449430684,0.61602795,0.23820144,0.14577064,0.0198350703875827
ENG_PL,ENG_PL::understat_match::29003,2026-01-26 20:00:00+00:00,1,0.3450707786186018,0.2829491733288607,0.3719800480525373,0.35938662,0.25343943,0.38717392,0.010809707198525115
ENG_PL,ENG_PL::understat_match::29010,2026-01-31 15:00:00+00:00,1,0.4842881437851607,0.262498098953068,0.2532137572617712,0.48548648,0.26728645,0.24722709,-0.0009169338241911684
ENG_PL,ENG_PL::understat_match::29015,2026-01-31 15:00:00+00:00,2,0.2462835221358434,0.2690915137418808,0.4846249641222758,0.2583082,0.1707718,0.57092,-0.037717109563971424
ENG_PL,ENG_PL::understat_match::29017,2026-01-31 15:00:00+00:00,2,0.2517681486945285,0.2686827851751655,0.4795490661303058,0.28890052,0.23343658,0.4776629,0.011021580935717284
ENG_PL,ENG_PL::understat_match::29009,2026-01-31 17:30:00+00:00,0,0.6304601619811501,0.1990540951291277,0.170485742889722,0.6339437,0.21481381,0.15124248,-0.004376778298990386
ENG_PL,ENG_PL::understat_match::29014,2026-01-31 20:00:00+00:00,0,0.5055597190032368,0.2371648445388356,0.2572754364579275,0.60129046,0.23652694,0.16218257,-0.06269468102427533
ENG_PL,ENG_PL::understat_match::29013,2026-02-01 14:00:00+00:00,1,0.3376378453529305,0.2645797606050936,0.3977823940419758,0.31529582,0.24028543,0.4444188,0.012344681357841503
ENG_PL,ENG_PL::understat_match::29008,2026-02-01 14:00:00+00:00,2,0.3907747586540483,0.250475858756865,0.3587493825890867,0.47649392,0.26740107,0.256105,0.10825947828863264
ENG_PL,ENG_PL::understat_match::29012,2026-02-01 14:00:00+00:00,0,0.5145005076668148,0.2470534932894164,0.2384459990437689,0.48362723,0.25255284,0.26381996,0.021837771585139137
ENG_PL,ENG_PL::understat_match::29016,2026-02-01 16:30:00+00:00,1,0.269955077758829,0.2449638214338269,0.485081100807344,0.25578058,0.24803297,0.4961864,0.0017226320192895161
ENG_PL,ENG_PL::understat_match::29011,2026-02-02 20:00:00+00:00,0,0.4609807367579427,0.2825767309151853,0.256442532326872,0.4871087,0.24172534,0.271166,-0.009858039441852262
ENG_PL,ENG_PL::understat_match::29023,2026-02-06 20:00:00+00:00,0,0.4866027113364954,0.2660721147459096,0.2473251739175948,0.45316553,0.26258793,0.28424653,0.027538763874137923
ENG_PL,ENG_PL::understat_match::29025,2026-02-07 12:30:00+00:00,0,0.5100102538872174,0.2360344114306817,0.2539553346821009,0.57741666,0.23292404,0.18965931,-0.045017966798600595
ENG_PL,ENG_PL::understat_match::29018,2026-02-07 15:00:00+00:00,1,0.4684352739268702,0.2431173865944267,0.2884473394787031,0.4621125,0.2697814,0.26810607,-0.008602320511841954
ENG_PL,ENG_PL::understat_match::29019,2026-02-07 15:00:00+00:00,0,0.7313499918710001,0.1850700279942974,0.0835799801347025,0.75499994,0.17737724,0.067622855,-0.007280279929936448
ENG_PL,ENG_PL::understat_match::29021,2026-02-07 15:00:00+00:00,2,0.3130259783000982,0.2648488740432557,0.4221251476566461,0.25699896,0.24970977,0.49329123,-0.05456119808777038
ENG_PL,ENG_PL::understat_match::29022,2026-02-07 15:00:00+00:00,2,0.4105077087579827,0.2854117076542394,0.3040805835877777,0.36579642,0.27853698,0.35566658,-0.05192395613397072
ENG_PL,ENG_PL::understat_match::29027,2026-02-07 15:00:00+00:00,2,0.255984281117778,0.2541313997115464,0.4898843191706756,0.30049214,0.23512353,0.46438435,0.025716862121788142
ENG_PL,ENG_PL::understat_match::29026,2026-02-07 17:30:00+00:00,2,0.4646212011205956,0.2474870931450263,0.2878917057343783,0.5096542,0.2515742,0.23877156,0.05812254293396513
ENG_PL,ENG_PL::understat_match::29020,2026-02-08 14:00:00+00:00,2,0.431692121057192,0.2513892705781504,0.3169186083646574,0.4172149,0.27159476,0.3111903,-0.002215645560739943
ENG_PL,ENG_PL::understat_match::29024,2026-02-08 16:30:00+00:00,2,0.4582946265014705,0.2422709842543254,0.2994343892442042,0.5730937,0.23673731,0.19016898,0.14171827481086813
ENG_PL,ENG_PL::understat_match::29030,2026-02-10 19:30:00+00:00,1,0.4899433738608846,0.2328838440576197,0.2771727820814955,0.570825,0.23054172,0.19863333,0.024213545509746248
ENG_PL,ENG_PL::understat_match::29032,2026-02-10 19:30:00+00:00,2,0.319489157713398,0.2637697141922122,0.4167411280943897,0.37876707,0.26909962,0.3521333,0.06046577835469005
ENG_PL,ENG_PL::understat_match::29036,2026-02-10 19:30:00+00:00,2,0.319177418962475,0.2542410195847847,0.4265815614527404,0.3368238,0.29213992,0.3710363,0.03918134150297631
ENG_PL,ENG_PL::understat_match::29037,2026-02-10 20:15:00+00:00,1,0.2675152383180531,0.2403519777634674,0.4921327839184792,0.32134026,0.27056247,0.4080972,-0.021978067864788037
ENG_PL,ENG_PL::understat_match::29034,2026-02-11 19:30:00+00:00,1,0.4388324137006755,0.2894815774049518,0.2716860088943727,0.4607623,0.25313267,0.286105,0.013885403583196343
ENG_PL,ENG_PL::understat_match::29033,2026-02-11 19:30:00+00:00,0,0.6118108683213727,0.2199107757098545,0.1682783559687728,0.7006738,0.19628897,0.103037186,-0.039397785861406756
ENG_PL,ENG_PL::understat_match::29028,2026-02-11 19:30:00+00:00,0,0.4257119691139965,0.2575450549726951,0.3167429759133084,0.4805983,0.27302295,0.24637876,-0.04982611351232302
ENG_PL,ENG_PL::understat_match::29031,2026-02-11 19:30:00+00:00,2,0.6574015953618373,0.2004039367216495,0.1421944679165131,0.69215393,0.21624362,0.091602415,0.0681279969222649
ENG_PL,ENG_PL::understat_match::29035,2026-02-11 20:15:00+00:00,2,0.1774595800652983,0.2385371871548821,0.5840032327798195,0.22072493,0.13719603,0.64207906,-0.01385915877699459
ENG_PL,ENG_PL::understat_match::29029,2026-02-12 20:00:00+00:00,1,0.2369727140070109,0.2532092470677789,0.5098180389252104,0.2682712,0.2485008,0.483228,-0.005295894895873843
ENG_PL,ENG_PL::understat_match::29087,2026-02-18 20:00:00+00:00,1,0.1350639360776804,0.2320734376652163,0.6328626262571033,0.18665391,0.16712385,0.64622223,0.016842743884934175
ENG_PL,ENG_PL::understat_match::29038,2026-02-21 15:00:00+00:00,1,0.4356057614738016,0.2567880609291314,0.3076061775970667,0.47800612,0.24940681,0.27258706,0.009209810458314732
ENG_PL,ENG_PL::understat_match::29039,2026-02-21 15:00:00+00:00,2,0.453216101581203,0.2547134035757496,0.2920704948430471,0.47749907,0.24950244,0.27299845,0.024983752293755046
ENG_PL,ENG_PL::understat_match::29040,2026-02-21 15:00:00+00:00,1,0.7276696868246251,0.1650148838356595,0.1073154293397155,0.75590116,0.13239387,0.11170497,0.021422390406861835
ENG_PL,ENG_PL::understat_match::29047,2026-02-21 17:30:00+00:00,1,0.2700617590667721,0.2434651805404428,0.4864730603927847,0.28225452,0.24639831,0.4713472,-0.0038768204848510512
ENG_PL,ENG_PL::understat_match::29043,2026-02-21 20:00:00+00:00,0,0.4929735803019181,0.242452391551608,0.2645740281464738,0.55511725,0.2622167,0.18266611,-0.04789382712720969
ENG_PL,ENG_PL::understat_match::29041,2026-02-22 14:00:00+00:00,0,0.5654380104437796,0.2440628072116547,0.1904991823445658,0.58258927,0.23932777,0.17808294,-0.00959440402466838
ENG_PL,ENG_PL::understat_match::29044,2026-02-22 14:00:00+00:00,2,0.2182438216365858,0.2354285643388523,0.5463276140245622,0.2658441,0.22755638,0.5065995,0.0303340637524388
ENG_PL,ENG_PL::understat_match::29045,2026-02-22 14:00:00+00:00,2,0.3133944511385413,0.2975207857389319,0.3890847631225267,0.32974935,0.21369384,0.4565569,-0.033684181377308886
ENG_PL,ENG_PL::understat_match::29046,2026-02-22 16:30:00+00:00,2,0.1911841024686898,0.2389593789878085,0.5698565185435016,0.20975593,0.1798972,0.61034685,-0.012873826116438614
ENG_PL,ENG_PL::understat_match::29042,2026-02-23 20:00:00+00:00,2,0.3257346375839925,0.2653584901758024,0.408906872240205,0.31960845,0.24413167,0.43625987,-0.01777081979218373
ENG_PL,ENG_PL::understat_match::29057,2026-02-27 20:00:00+00:00,0,0.2671748082856514,0.2752739080360391,0.4575512836783095,0.31554207,0.1669965,0.5174614,-0.005068481710549078
ENG_PL,ENG_PL::understat_match::29048,2026-02-28 12:30:00+00:00,1,0.5853074983758348,0.2389896417216398,0.1757028599025254,0.6014353,0.26149333,0.13707137,0.0035283113293845814
ENG_PL,ENG_PL::understat_match::29056,2026-02-28 15:00:00+00:00,2,0.540487491761046,0.246012777334496,0.2134997309044579,0.5263931,0.25785837,0.21574852,-0.009284675401178943
ENG_PL,ENG_PL::understat_match::29054,2026-02-28 15:00:00+00:00,0,0.7047463634256016,0.1750236066185142,0.1202300299558844,0.76548564,0.10729321,0.12722112,-0.015223880824048401
ENG_PL,ENG_PL::understat_match::29051,2026-02-28 15:00:00+00:00,2,0.1932239764438424,0.2302338507352342,0.5765421728209232,0.12418539,0.14244413,0.7333705,-0.06506936290686446
ENG_PL,ENG_PL::understat_match::29053,2026-02-28 17:30:00+00:00,2,0.2857457957845642,0.2529956328801507,0.4612585713352847,0.2726192,0.22266641,0.50471437,-0.02613196960348102
ENG_PL,ENG_PL::understat_match::29050,2026-03-01 14:00:00+00:00,0,0.48742810738617,0.260887619626634,0.251684272987196,0.4486806,0.27898687,0.27233255,0.026021584655061047
ENG_PL,ENG_PL::understat_match::29052,2026-03-01 14:00:00+00:00,0,0.4161829525981315,0.2646140705049254,0.3192029768969426,0.4139003,0.28342822,0.30267152,-0.0038049891841767103
ENG_PL,ENG_PL::understat_match::29055,2026-03-01 14:00:00+00:00,0,0.4609141361653302,0.2451678101189874,0.2939180537156823,0.49173847,0.2508132,0.25744832,-0.026195985587471465
ENG_PL,ENG_PL::understat_match::29049,2026-03-01 16:30:00+00:00,0,0.5990137907412157,0.2193977695833872,0.181588439675397,0.66452765,0.1822885,0.15318383,-0.028878662444080147
ENG_PL,ENG_PL::understat_match::29058,2026-03-03 19:30:00+00:00,1,0.4232904483224412,0.2469602069137807,0.3297493447637782,0.44989717,0.28704268,0.2630602,-0.00815066326477476
ENG_PL,ENG_PL::understat_match::29061,2026-03-03 19:30:00+00:00,0,0.5831216565133913,0.239417141797754,0.1774612016888546,0.6499999,0.20793448,0.14206563,-0.03129867130788257
ENG_PL,ENG_PL::understat_match::29063,2026-03-03 19:30:00+00:00,2,0.5378418129856167,0.2572714486634679,0.2048867383509152,0.5523439,0.2587762,0.18887989,0.020760339884700052
ENG_PL,ENG_PL::understat_match::29067,2026-03-03 20:15:00+00:00,0,0.1638456122769472,0.2235069209392465,0.6126474667838061,0.23551634,0.17627022,0.58821344,-0.07203037807006474
ENG_PL,ENG_PL::understat_match::29059,2026-03-04 19:30:00+00:00,2,0.3666896525092006,0.2436709078243337,0.3896394396664653,0.4562579,0.2888089,0.2549332,0.12814726687931255
ENG_PL,ENG_PL::understat_match::29060,2026-03-04 19:30:00+00:00,2,0.2187792868411602,0.2595131987073754,0.5217075144514645,0.20137933,0.20541131,0.5932094,-0.035297907979365745
ENG_PL,ENG_PL::understat_match::29062,2026-03-04 19:30:00+00:00,2,0.4747893774352898,0.258889162184678,0.2663214603800322,0.53070164,0.24888575,0.22041261,0.06284578548181458
ENG_PL,ENG_PL::understat_match::29064,2026-03-04 19:30:00+00:00,1,0.634424898419332,0.2113210192467606,0.1542540823339074,0.6425586,0.22892226,0.12851919,0.0015547136041481058
ENG_PL,ENG_PL::understat_match::29065,2026-03-04 20:15:00+00:00,0,0.4352700163257868,0.2504417293397051,0.3142882543345079,0.44777295,0.28130436,0.27092272,-0.01967162914939638
ENG_PL,ENG_PL::understat_match::29066,2026-03-05 20:00:00+00:00,2,0.3615516050491787,0.2521556169082535,0.3862927780425677,0.34010118,0.27539146,0.38450736,-0.006428055410153344
ENG_PL,ENG_PL::understat_match::29076,2026-03-14 15:00:00+00:00,2,0.2579488221100102,0.2888953828583263,0.4531557950316635,0.2899172,0.20941316,0.50066966,-0.01609670287773793
ENG_PL,ENG_PL::understat_match::29070,2026-03-14 15:00:00+00:00,1,0.1850544338695499,0.2253064444735027,0.5896391216569474,0.1491807,0.14204818,0.7087711,0.07134596418894179
ENG_PL,ENG_PL::understat_match::29068,2026-03-14 17:30:00+00:00,0,0.6575475586731117,0.2163303894029406,0.1261220519239475,0.72791827,0.14645618,0.12562558,-0.02168509912778864
ENG_PL,ENG_PL::understat_match::29071,2026-03-14 17:30:00+00:00,2,0.4582222458073607,0.23438110378494,0.3073966504076992,0.48753765,0.27169526,0.24076712,0.062230250011268196
ENG_PL,ENG_PL::understat_match::29077,2026-03-14 20:00:00+00:00,1,0.2044073734339345,0.2254769931025754,0.5701156334634901,0.21784271,0.2099062,0.5722511,0.004056269006320723
ENG_PL,ENG_PL::understat_match::29072,2026-03-15 14:00:00+00:00,1,0.4308372913137898,0.2578836443039883,0.3112790643822218,0.48713604,0.2442631,0.26860085,0.01346626177080365
ENG_PL,ENG_PL::understat_match::29074,2026-03-15 14:00:00+00:00,0,0.4845518134818062,0.2462014018151948,0.2692467847029989,0.49203804,0.26216426,0.24579771,-0.009869403191419157
ENG_PL,ENG_PL::understat_match::29075,2026-03-15 14:00:00+00:00,1,0.3847980653756853,0.2790138379785289,0.3361880966457856,0.33124927,0.25280312,0.41594762,0.01082325434676698
ENG_PL,ENG_PL::understat_match::29073,2026-03-15 16:30:00+00:00,1,0.6536992156642726,0.1933463281826204,0.152954456153107,0.772988,0.12873352,0.098278455,0.07822570361875969
ENG_PL,ENG_PL::understat_match::29069,2026-03-16 20:00:00+00:00,1,0.5843599000371504,0.2372113754880733,0.1784287244747764,0.5543686,0.25680053,0.18883085,-0.015165825083095302
ENG_PL,ENG_PL::understat_match::29078,2026-03-20 20:00:00+00:00,1,0.4103836168136958,0.2501552442402612,0.3394611389460431,0.4355989,0.2740681,0.29033297,-0.00480444885674533
ENG_PL,ENG_PL::understat_match::29080,2026-03-21 12:30:00+00:00,0,0.2832962324682998,0.2533203223379762,0.4633834451937239,0.27743357,0.24362697,0.4789395,0.011548375710068781
ENG_PL,ENG_PL::understat_match::29082,2026-03-21 15:00:00+00:00,0,0.5734833459764743,0.2417842371051786,0.1847324169183467,0.55658287,0.26048118,0.18293591,0.007020896897268647
ENG_PL,ENG_PL::understat_match::29081,2026-03-21 17:30:00+00:00,0,0.2991420958477592,0.250508536759558,0.4503493673926826,0.30535275,0.24578992,0.4488574,-0.005004333299000241
ENG_PL,ENG_PL::understat_match::29083,2026-03-21 20:00:00+00:00,1,0.380801532107306,0.2600690390626791,0.3591294288300151,0.4178551,0.24065052,0.34149438,0.008618777561156754
ENG_PL,ENG_PL::understat_match::29085,2026-03-22 12:00:00+00:00,2,0.5946293888394109,0.2413604842579582,0.1640101269026309,0.5853108,0.25720775,0.15748142,-1.844414029283925e-05
ENG_PL,ENG_PL::understat_match::29086,2026-03-22 14:15:00+00:00,2,0.4401484410081825,0.2626047278466603,0.2972468311451571,0.38764483,0.288657,0.3236981,-0.0399699897941827
ENG_PL,ENG_PL::understat_match::29079,2026-03-22 14:15:00+00:00,0,0.5133786837689923,0.2440131372655949,0.2426081789654127,0.52941835,0.26768294,0.20289873,-0.016522022449204643
ENG_PL,ENG_PL::understat_match::29091,2026-04-10 19:00:00+00:00,0,0.4467443549411302,0.2752908315167944,0.2779648135420753,0.41720727,0.25832972,0.32446298,0.030783681765702786
ENG_PL,ENG_PL::understat_match::29092,2026-04-11 11:30:00+00:00,2,0.5963498924598373,0.228698468395806,0.1749516391443566,0.59628606,0.23909822,0.1646157,0.008542958055546945
ENG_PL,ENG_PL::understat_match::29093,2026-04-11 14:00:00+00:00,1,0.4921814479074516,0.2559292624170171,0.2518892896755313,0.4653507,0.267664,0.2669853,-0.008929190317318925
ENG_PL,ENG_PL::understat_match::29094,2026-04-11 14:00:00+00:00,2,0.2050304978790799,0.2424870969316653,0.5524824051892547,0.16343805,0.15249209,0.6840698,-0.05789283003219731
ENG_PL,ENG_PL::understat_match::29097,2026-04-11 16:30:00+00:00,0,0.6136286017902925,0.2145277354803116,0.1718436627293958,0.6678332,0.19715554,0.13501126,-0.025125142789923047
ENG_PL,ENG_PL::understat_match::29089,2026-04-12 13:00:00+00:00,1,0.3488002876405497,0.267764302094476,0.3834354102649742,0.2810464,0.230552,0.48840165,0.024419416989884923
ENG_PL,ENG_PL::understat_match::29090,2026-04-12 13:00:00+00:00,0,0.3365340757661165,0.2842780740424814,0.3791878501914019,0.34903684,0.26020908,0.3907541,-0.003764328256249283
ENG_PL,ENG_PL::understat_match::29096,2026-04-12 13:00:00+00:00,0,0.3895878969919423,0.2563837866380598,0.3540283163699979,0.42800945,0.28972295,0.28226757,-0.04554540707303151
ENG_PL,ENG_PL::understat_match::29095,2026-04-12 15:30:00+00:00,2,0.355687868104531,0.2410568518234901,0.4032552800719787,0.40365317,0.29672906,0.29961777,0.08542651847572696
ENG_PL,ENG_PL::understat_match::29088,2026-04-13 19:00:00+00:00,2,0.468258223862921,0.2634999433036393,0.2682418328334394,0.43933406,0.2812741,0.2793918,-0.0212226087075838
ENG_PL,ENG_PL::understat_match::29099,2026-04-18 11:30:00+00:00,1,0.487453891730955,0.253611096327328,0.258935011941717,0.45616674,0.25236085,0.29147238,-0.005807179033059828
ENG_PL,ENG_PL::understat_match::29103,2026-04-18 14:00:00+00:00,0,0.5577220755165682,0.255161492974994,0.1871164315084377,0.48423836,0.26564032,0.25012138,0.04897422194412289
ENG_PL,ENG_PL::understat_match::29105,2026-04-18 14:00:00+00:00,2,0.419557181462931,0.2483632512210473,0.3320795673160218,0.46169463,0.26069793,0.2776074,0.056433502991710516
ENG_PL,ENG_PL::understat_match::29107,2026-04-18 16:30:00+00:00,1,0.3361548678091032,0.2663312866239494,0.3975138455669473,0.3237613,0.25870478,0.41753387,0.004069286169050695
ENG_PL,ENG_PL::understat_match::29100,2026-04-18 19:00:00+00:00,2,0.4610558230788349,0.2368231278964872,0.3021210490246778,0.47996795,0.26779827,0.25223383,0.04495805331537639
ENG_PL,ENG_PL::understat_match::29098,2026-04-19 13:00:00+00:00,0,0.5060442502675202,0.2675887830922274,0.2263669666402523,0.44788188,0.30387646,0.24824165,0.0356120291188223
ENG_PL,ENG_PL::understat_match::29102,2026-04-19 13:00:00+00:00,2,0.252363603369637,0.2499930074748204,0.4976433891555425,0.28044164,0.22963968,0.48991874,0.011390442662922329
ENG_PL,ENG_PL::understat_match::29106,2026-04-19 13:00:00+00:00,0,0.5415400978695226,0.2501157327846111,0.2083441693458663,0.4863175,0.26058865,0.25309384,0.03716672102599744
ENG_PL,ENG_PL::understat_match::29104,2026-04-19 15:30:00+00:00,0,0.3454794985440244,0.2734586531360519,0.3810618483199238,0.36420348,0.29800066,0.33779585,-0.02763098457623131
ENG_PL,ENG_PL::understat_match::29101,2026-04-20 19:00:00+00:00,1,0.5261572920891067,0.2425011733932488,0.2313415345176445,0.5200559,0.27371383,0.20623027,-0.008685671632103653
ENG_PL,ENG_PL::understat_match::29110,2026-04-21 19:00:00+00:00,0,0.3719442916148153,0.2560874021421374,0.3719683062430473,0.3929962,0.31119847,0.29580534,-0.03842998724543906
ENG_PL,ENG_PL::understat_match::29108,2026-04-22 19:00:00+00:00,1,0.4451528819312023,0.2561086164602136,0.298738501608584,0.4379253,0.25820878,0.30386594,-0.001646356709826019
ENG_PL,ENG_PL::understat_match::29111,2026-04-22 19:00:00+00:00,2,0.1255815158139092,0.1888438415874276,0.6855746425986632,0.11701215,0.16861019,0.7143777,-0.009681032278656854
ENG_PL,ENG_PL::understat_match::29115,2026-04-24 19:00:00+00:00,2,0.3537479334833269,0.293776433657866,0.352475632858807,0.37065822,0.22954953,0.39979225,-0.02339427644165104
ENG_PL,ENG_PL::understat_match::29112,2026-04-25 11:30:00+00:00,0,0.3588722218086416,0.2660055394666302,0.3751222387247284,0.37122324,0.2348739,0.3939028,-0.0006209317221475552
ENG_PL,ENG_PL::understat_match::29113,2026-04-25 14:00:00+00:00,0,0.5539697061803126,0.2282119399196198,0.2178183539000673,0.67842704,0.19640385,0.12516911,-0.06365569343996764
ENG_PL,ENG_PL::understat_match::29116,2026-04-25 14:00:00+00:00,0,0.3561236324023616,0.2780630185049418,0.3658133490926966,0.38166365,0.24678192,0.37155443,-0.014001822042706946
ENG_PL,ENG_PL::understat_match::29117,2026-04-25 14:00:00+00:00,2,0.3052079260587599,0.2752104925710422,0.4195815813701979,0.2988996,0.2673565,0.43374386,-0.010025271683244852
ENG_PL,ENG_PL::understat_match::29109,2026-04-25 16:30:00+00:00,0,0.6085851880111267,0.2206111556432639,0.1708036563456093,0.6394179,0.2287016,0.13188046,-0.01748375581724322
ENG_PL,ENG_PL::understat_match::29114,2026-04-27 19:00:00+00:00,0,0.4291961415557074,0.2540293051844741,0.3167745532598182,0.4687351,0.26992533,0.26133958,-0.03781120464529583
ENG_PL,ENG_PL::understat_match::29124,2026-05-01 19:00:00+00:00,0,0.6464314980452245,0.2116933697906236,0.1418751321641519,0.6567808,0.21808824,0.12513104,-0.005841017684703034
ENG_PL,ENG_PL::understat_match::29121,2026-05-02 14:00:00+00:00,0,0.5458031548237225,0.2351044522566999,0.2190923929195774,0.56428343,0.24669342,0.18902312,-0.014358787788324529
ENG_PL,ENG_PL::understat_match::29126,2026-05-02 14:00:00+00:00,0,0.4107292385244988,0.2638610565317155,0.3254097049437856,0.39590666,0.28657117,0.31752217,0.006308793975819543
ENG_PL,ENG_PL::understat_match::29127,2026-05-02 14:00:00+00:00,1,0.3647226098010133,0.3037712959712341,0.3315060942277524,0.3787983,0.28771007,0.3334916,0.005892973444237726
ENG_PL,ENG_PL::understat_match::29119,2026-05-02 16:30:00+00:00,0,0.6474997347037322,0.2175592428698145,0.1349410224264531,0.6836511,0.19674638,0.119602546,-0.014042055451160954
ENG_PL,ENG_PL::understat_match::29118,2026-05-03 13:00:00+00:00,0,0.4605121537882448,0.2490401101362162,0.290447736075539,0.43123245,0.26311517,0.30565244,0.02075643850153902
ENG_PL,ENG_PL::understat_match::29125,2026-05-03 14:30:00+00:00,0,0.347656957397201,0.2494254720200964,0.4029175705827026,0.37799454,0.30159444,0.320411,-0.04916999623295548
ENG_PL,ENG_PL::understat_match::29120,2026-05-03 18:00:00+00:00,2,0.4860166017429171,0.247001939063549,0.2669814591935336,0.5125126,0.26209646,0.22539088,0.04458005614844407
ENG_PL,ENG_PL::understat_match::29122,2026-05-04 14:00:00+00:00,2,0.5637250042985854,0.2294236454051652,0.2068513502962493,0.62148327,0.21949695,0.1590198,0.07330926978678964
ENG_PL,ENG_PL::understat_match::29123,2026-05-04 19:00:00+00:00,1,0.24154201672615,0.2504760239634536,0.5079819593103962,0.2371884,0.21966644,0.5431452,0.017438402999229108
ENG_PL,ENG_PL::understat_match::29132,2026-05-09 11:30:00+00:00,1,0.5052389991879322,0.2240642502601869,0.2706967505518808,0.65407944,0.19967394,0.14624661,0.06033240236185322
ENG_PL,ENG_PL::understat_match::29128,2026-05-09 14:00:00+00:00,0,0.5828896648732758,0.2438523045265953,0.173258030600129,0.5430079,0.2730872,0.18390484,0.01933170022034214
ENG_PL,ENG_PL::understat_match::29131,2026-05-09 14:00:00+00:00,2,0.3159747760838493,0.2578599384924827,0.4261652854236679,0.32863256,0.25595367,0.41541377,0.010307060731272327
ENG_PL,ENG_PL::understat_match::29135,2026-05-09 14:00:00+00:00,1,0.243792887084633,0.2636998288022742,0.4925072841130927,0.22724704,0.16916703,0.6035859,0.05697939790487938
ENG_PL,ENG_PL::understat_match::29133,2026-05-09 16:30:00+00:00,0,0.5564307485660479,0.2252502146151417,0.2183190368188103,0.6753109,0.20749012,0.117199026,-0.06262914241515821
ENG_PL,ENG_PL::understat_match::29134,2026-05-10 13:00:00+00:00,1,0.3301665498351846,0.263160825231541,0.4066726249332745,0.31956807,0.23401263,0.44641927,0.013510682828186266
ENG_PL,ENG_PL::understat_match::29130,2026-05-10 13:00:00+00:00,1,0.4657381655250692,0.2669036858752694,0.2673581485996614,0.45778316,0.27267313,0.26954368,-0.0030865921558514975
ENG_PL,ENG_PL::understat_match::29129,2026-05-10 13:00:00+00:00,1,0.2216519325929493,0.2427652633861892,0.5355828040208614,0.15325722,0.14274634,0.7039965,0.0915601079199409
ENG_PL,ENG_PL::understat_match::29137,2026-05-10 15:30:00+00:00,2,0.166504190597904,0.2290419777173293,0.6044538316847665,0.14444809,0.17126438,0.68428755,-0.03182040736041719
ENG_PL,ENG_PL::understat_match::29136,2026-05-11 19:00:00+00:00,1,0.3514636812200808,0.2706399379980525,0.3778963807818665,0.3209073,0.22819395,0.45089877,0.019979397823112394
ENG_PL,ENG_PL::understat_match::29084,2026-05-13 19:00:00+00:00,0,0.5855434183097855,0.2186256287043884,0.195830952985826,0.6776496,0.21491922,0.10743116,-0.047336396978665304
ENG_PL,ENG_PL::understat_match::29140,2026-05-15 19:00:00+00:00,0,0.316474290275345,0.246899014685045,0.4366266950396096,0.40345955,0.30244678,0.2940937,-0.10774933555417177
ENG_PL,ENG_PL::understat_match::29145,2026-05-17 11:30:00+00:00,0,0.5255967219818077,0.25098017616287,0.2234231018553224,0.47638753,0.27672666,0.24688579,0.03007312607912857
ENG_PL,ENG_PL::understat_match::29147,2026-05-17 14:00:00+00:00,1,0.3146730756990691,0.288090360964314,0.3972365633366168,0.3290828,0.24299707,0.42792013,0.017297557264368796
ENG_PL,ENG_PL::understat_match::29144,2026-05-17 14:00:00+00:00,0,0.4050954612118749,0.275263156020103,0.3196413827680222,0.39951786,0.255059,0.34542307,0.01190694573847137
ENG_PL,ENG_PL::understat_match::29143,2026-05-17 14:00:00+00:00,2,0.4916435159547909,0.2745866447265857,0.2337698393186232,0.4444419,0.29720327,0.25835484,-0.04062788134457601
ENG_PL,ENG_PL::understat_match::29141,2026-05-17 14:00:00+00:00,1,0.4339866303634119,0.252885385056233,0.3131279845803552,0.4653999,0.24898931,0.2856108,0.005888527421175099
ENG_PL,ENG_PL::understat_match::29146,2026-05-17 16:30:00+00:00,0,0.5535192382307093,0.2313420404779064,0.2151387212913843,0.5606021,0.25256023,0.18683767,-0.008825467216617436
ENG_PL,ENG_PL::understat_match::29139,2026-05-18 19:00:00+00:00,0,0.8075165924751545,0.1338409429191204,0.0586424646057251,0.8242657,0.102768935,0.072965376,-0.002141162311787903
ENG_PL,ENG_PL::understat_match::29138,2026-05-19 18:30:00+00:00,1,0.3175637264418114,0.2446796529670198,0.4377566205911687,0.33156037,0.3067469,0.3616927,-0.02586183479596263
ENG_PL,ENG_PL::understat_match::29142,2026-05-19 19:15:00+00:00,0,0.5478030612988749,0.2283207996293078,0.2238761390718175,0.5996139,0.21834828,0.18203779,-0.030577900114920564
ENG_PL,ENG_PL::understat_match::29148,2026-05-24 15:00:00+00:00,2,0.4162540043164577,0.2616399088630281,0.3221060868205142,0.41621563,0.28668886,0.29709545,0.01725128976069723
ENG_PL,ENG_PL::understat_match::29149,2026-05-24 15:00:00+00:00,1,0.3572969243015572,0.2898254826922219,0.3528775930062204,0.32754025,0.238074,0.43438578,0.02189496477783312
ENG_PL,ENG_PL::understat_match::29150,2026-05-24 15:00:00+00:00,2,0.2462452444259956,0.2615517286841227,0.4922030268898815,0.29353598,0.25190452,0.45455948,0.032587108722936825
ENG_PL,ENG_PL::understat_match::29151,2026-05-24 15:00:00+00:00,0,0.3323949795730986,0.2608262388369369,0.4067787815899646,0.3147949,0.2650751,0.42013004,0.017424910163284346
ENG_PL,ENG_PL::understat_match::29152,2026-05-24 15:00:00+00:00,1,0.5352604976962018,0.2270595872230546,0.2376799150807435,0.6152785,0.2358124,0.14890918,0.028872993094290422
ENG_PL,ENG_PL::understat_match::29153,2026-05-24 15:00:00+00:00,2,0.6040328896321198,0.2121173765039495,0.1838497338639307,0.6954276,0.20455119,0.10002117,0.1313121581390344
ENG_PL,ENG_PL::understat_match::29154,2026-05-24 15:00:00+00:00,1,0.3080208314801763,0.2586946986617701,0.4332844698580536,0.32119548,0.25168738,0.42711714,0.001491649521399352
ENG_PL,ENG_PL::understat_match::29155,2026-05-24 15:00:00+00:00,0,0.2588531767708478,0.2580243322564745,0.4831224909726777,0.24988444,0.19610102,0.55401456,0.04344974993016071
ENG_PL,ENG_PL::understat_match::29156,2026-05-24 15:00:00+00:00,0,0.4294340819535856,0.2670760940794794,0.3034898239669346,0.35939223,0.2700723,0.3705355,0.06501166592408586
ENG_PL,ENG_PL::understat_match::29157,2026-05-24 15:00:00+00:00,0,0.332084193356254,0.272482276284346,0.3954335303593998,0.32321593,0.23283908,0.443945,0.026322314089884113
