match_id,date,season,model,outcome,p_home,p_draw,p_away,base_home,base_draw,base_away,training_cutoff,training_matches,training_max_date,new_team
ENG_PL::22275,2023-08-11 19:00:00+00:00,2023,frozen_dc,2,0.1319766061669145,0.2131807649646658,0.6548426288684194,0.4482456140350877,0.2350877192982456,0.3166666666666666,2023-08-11T00:00:00+00:00,3420,2023-05-28T15:30:00+00:00,False
ENG_PL::22276,2023-08-12 11:30:00+00:00,2023,frozen_dc,0,0.7213936489134541,0.176752411975684,0.1018539391108617,0.4482456140350877,0.2350877192982456,0.3166666666666666,2023-08-11T00:00:00+00:00,3420,2023-05-28T15:30:00+00:00,False
ENG_PL::22277,2023-08-12 14:00:00+00:00,2023,frozen_dc,1,0.3494220128401475,0.2673979503213628,0.3831800368384896,0.4482456140350877,0.2350877192982456,0.3166666666666666,2023-08-11T00:00:00+00:00,3420,2023-05-28T15:30:00+00:00,False
ENG_PL::22278,2023-08-12 14:00:00+00:00,2023,frozen_dc,0,0.5913427754291067,0.2208792887407689,0.1877779358301242,0.4482456140350877,0.2350877192982456,0.3166666666666666,2023-08-11T00:00:00+00:00,3420,2023-05-28T15:30:00+00:00,True
ENG_PL::22279,2023-08-12 14:00:00+00:00,2023,frozen_dc,2,0.4866088104117113,0.2510325913077802,0.2623585982805085,0.4482456140350877,0.2350877192982456,0.3166666666666666,2023-08-11T00:00:00+00:00,3420,2023-05-28T15:30:00+00:00,False
ENG_PL::22280,2023-08-12 14:00:00+00:00,2023,frozen_dc,2,0.3316837805122077,0.3105265198351671,0.3577896996526249,0.4482456140350877,0.2350877192982456,0.3166666666666666,2023-08-11T00:00:00+00:00,3420,2023-05-28T15:30:00+00:00,False
ENG_PL::22281,2023-08-12 16:30:00+00:00,2023,frozen_dc,0,0.5480301625847902,0.2436801077936025,0.2082897296216073,0.4482456140350877,0.2350877192982456,0.3166666666666666,2023-08-11T00:00:00+00:00,3420,2023-05-28T15:30:00+00:00,False
ENG_PL::22282,2023-08-13 13:00:00+00:00,2023,frozen_dc,1,0.4123407201723114,0.2657606450846563,0.3218986347430321,0.4482456140350877,0.2350877192982456,0.3166666666666666,2023-08-11T00:00:00+00:00,3420,2023-05-28T15:30:00+00:00,False
ENG_PL::22283,2023-08-13 15:30:00+00:00,2023,frozen_dc,1,0.3447779455231506,0.2436258821979248,0.4115961722789244,0.4482456140350877,0.2350877192982456,0.3166666666666666,2023-08-11T00:00:00+00:00,3420,2023-05-28T15:30:00+00:00,False
ENG_PL::22284,2023-08-14 19:00:00+00:00,2023,frozen_dc,0,0.6772566529603179,0.1963380556594181,0.1264052913802639,0.4482456140350877,0.2350877192982456,0.3166666666666666,2023-08-11T00:00:00+00:00,3420,2023-05-28T15:30:00+00:00,False
ENG_PL::22285,2023-08-18 18:45:00+00:00,2023,frozen_dc,0,0.3948729070680303,0.2901509808362041,0.3149761120957655,0.4482456140350877,0.2350877192982456,0.3166666666666666,2023-08-11T00:00:00+00:00,3420,2023-05-28T15:30:00+00:00,False
ENG_PL::22286,2023-08-19 14:00:00+00:00,2023,frozen_dc,2,0.2066056872372406,0.2471835349915886,0.5462107777711708,0.4482456140350877,0.2350877192982456,0.3166666666666666,2023-08-11T00:00:00+00:00,3420,2023-05-28T15:30:00+00:00,False
ENG_PL::22287,2023-08-19 14:00:00+00:00,2023,frozen_dc,2,0.289002370252796,0.2653039181193153,0.4456937116278884,0.4482456140350877,0.2350877192982456,0.3166666666666666,2023-08-11T00:00:00+00:00,3420,2023-05-28T15:30:00+00:00,False
ENG_PL::22288,2023-08-19 14:00:00+00:00,2023,frozen_dc,0,0.7512437450660634,0.1493205655840261,0.0994356893499104,0.4482456140350877,0.2350877192982456,0.3166666666666666,2023-08-11T00:00:00+00:00,3420,2023-05-28T15:30:00+00:00,False
ENG_PL::22290,2023-08-19 16:30:00+00:00,2023,frozen_dc,0,0.4117047387547946,0.2484349498793462,0.3398603113658592,0.4482456140350877,0.2350877192982456,0.3166666666666666,2023-08-11T00:00:00+00:00,3420,2023-05-28T15:30:00+00:00,False
ENG_PL::22291,2023-08-19 19:00:00+00:00,2023,frozen_dc,0,0.6216533530530088,0.2166612206383978,0.161685426308593,0.4482456140350877,0.2350877192982456,0.3166666666666666,2023-08-11T00:00:00+00:00,3420,2023-05-28T15:30:00+00:00,False
ENG_PL::22292,2023-08-20 13:00:00+00:00,2023,frozen_dc,0,0.5108893659860552,0.2522626984756849,0.2368479355382599,0.4482456140350877,0.2350877192982456,0.3166666666666666,2023-08-11T00:00:00+00:00,3420,2023-05-28T15:30:00+00:00,False
ENG_PL::22293,2023-08-20 15:30:00+00:00,2023,frozen_dc,0,0.3540711118293728,0.2718632594817871,0.3740656286888402,0.4482456140350877,0.2350877192982456,0.3166666666666666,2023-08-11T00:00:00+00:00,3420,2023-05-28T15:30:00+00:00,False
ENG_PL::22294,2023-08-21 19:00:00+00:00,2023,frozen_dc,2,0.2675283334877301,0.2793333679011948,0.4531382986110751,0.4482456140350877,0.2350877192982456,0.3166666666666666,2023-08-11T00:00:00+00:00,3420,2023-05-28T15:30:00+00:00,False
ENG_PL::22295,2023-08-25 19:00:00+00:00,2023,frozen_dc,0,0.523535713875378,0.2503285685329857,0.2261357175916364,0.4482456140350877,0.2350877192982456,0.3166666666666666,2023-08-11T00:00:00+00:00,3420,2023-05-28T15:30:00+00:00,True
ENG_PL::22296,2023-08-26 11:30:00+00:00,2023,frozen_dc,2,0.2788129696933442,0.2561256993813037,0.465061330925352,0.4482456140350877,0.2350877192982456,0.3166666666666666,2023-08-11T00:00:00+00:00,3420,2023-05-28T15:30:00+00:00,False
ENG_PL::22299,2023-08-26 14:00:00+00:00,2023,frozen_dc,2,0.4953372568799266,0.2639938409015886,0.2406689022184849,0.4482456140350877,0.2350877192982456,0.3166666666666666,2023-08-11T00:00:00+00:00,3420,2023-05-28T15:30:00+00:00,False
ENG_PL::22300,2023-08-26 14:00:00+00:00,2023,frozen_dc,0,0.6976780825544673,0.1837187870659699,0.1186031303795627,0.4482456140350877,0.2350877192982456,0.3166666666666666,2023-08-11T00:00:00+00:00,3420,2023-05-28T15:30:00+00:00,False
ENG_PL::22297,2023-08-26 14:00:00+00:00,2023,frozen_dc,1,0.7028137804171664,0.1804931910664438,0.1166930285163897,0.4482456140350877,0.2350877192982456,0.3166666666666666,2023-08-11T00:00:00+00:00,3420,2023-05-28T15:30:00+00:00,False
ENG_PL::22298,2023-08-26 14:00:00+00:00,2023,frozen_dc,1,0.4844616842645788,0.2827330025114002,0.2328053132240209,0.4482456140350877,0.2350877192982456,0.3166666666666666,2023-08-11T00:00:00+00:00,3420,2023-05-28T15:30:00+00:00,False
ENG_PL::22301,2023-08-26 16:30:00+00:00,2023,frozen_dc,2,0.5846039750915984,0.223293766235532,0.1921022586728695,0.4482456140350877,0.2350877192982456,0.3166666666666666,2023-08-11T00:00:00+00:00,3420,2023-05-28T15:30:00+00:00,False
ENG_PL::22303,2023-08-27 13:00:00+00:00,2023,frozen_dc,2,0.1120275011825474,0.1981472809699834,0.6898252178474693,0.4482456140350877,0.2350877192982456,0.3166666666666666,2023-08-11T00:00:00+00:00,3420,2023-05-28T15:30:00+00:00,False
ENG_PL::22302,2023-08-27 13:00:00+00:00,2023,frozen_dc,2,0.3420934275343835,0.2875590812420893,0.3703474912235271,0.4482456140350877,0.2350877192982456,0.3166666666666666,2023-08-11T00:00:00+00:00,3420,2023-05-28T15:30:00+00:00,False
ENG_PL::22304,2023-08-27 15:30:00+00:00,2023,frozen_dc,2,0.3985439279245419,0.2370331795586549,0.3644228925168031,0.4482456140350877,0.2350877192982456,0.3166666666666666,2023-08-11T00:00:00+00:00,3420,2023-05-28T15:30:00+00:00,False
ENG_PL::21925,2023-09-01 19:00:00+00:00,2023,frozen_dc,2,0.4284918273782653,0.2676455002633308,0.3038626723584041,0.4482456140350877,0.2350877192982456,0.3166666666666666,2023-08-11T00:00:00+00:00,3420,2023-05-28T15:30:00+00:00,True
ENG_PL::21926,2023-09-02 11:30:00+00:00,2023,frozen_dc,1,0.3819287912101287,0.2714001583606472,0.3466710504292239,0.4482456140350877,0.2350877192982456,0.3166666666666666,2023-08-11T00:00:00+00:00,3420,2023-05-28T15:30:00+00:00,False
ENG_PL::21930,2023-09-02 14:00:00+00:00,2023,frozen_dc,2,0.6395692889515583,0.2192412850068416,0.1411894260415999,0.4482456140350877,0.2350877192982456,0.3166666666666666,2023-08-11T00:00:00+00:00,3420,2023-05-28T15:30:00+00:00,False
ENG_PL::21929,2023-09-02 14:00:00+00:00,2023,frozen_dc,2,0.2931666212211355,0.2712434149454048,0.4355899638334596,0.4482456140350877,0.2350877192982456,0.3166666666666666,2023-08-11T00:00:00+00:00,3420,2023-05-28T15:30:00+00:00,False
ENG_PL::21927,2023-09-02 14:00:00+00:00,2023,frozen_dc,0,0.8132414855362009,0.1295332722334126,0.0572252422303863,0.4482456140350877,0.2350877192982456,0.3166666666666666,2023-08-11T00:00:00+00:00,3420,2023-05-28T15:30:00+00:00,False
ENG_PL::21928,2023-09-02 14:00:00+00:00,2023,frozen_dc,1,0.5846540335452867,0.2295914602781491,0.1857545061765643,0.4482456140350877,0.2350877192982456,0.3166666666666666,2023-08-11T00:00:00+00:00,3420,2023-05-28T15:30:00+00:00,False
ENG_PL::21931,2023-09-02 16:30:00+00:00,2023,frozen_dc,0,0.4533227533219882,0.2456027907330926,0.3010744559449191,0.4482456140350877,0.2350877192982456,0.3166666666666666,2023-08-11T00:00:00+00:00,3420,2023-05-28T15:30:00+00:00,False
ENG_PL::21932,2023-09-03 13:00:00+00:00,2023,frozen_dc,0,0.4896195799615115,0.2977741218576991,0.2126062981807894,0.4482456140350877,0.2350877192982456,0.3166666666666666,2023-08-11T00:00:00+00:00,3420,2023-05-28T15:30:00+00:00,False
ENG_PL::21933,2023-09-03 13:00:00+00:00,2023,frozen_dc,0,0.629793545300249,0.2039164831684194,0.1662899715313314,0.4482456140350877,0.2350877192982456,0.3166666666666666,2023-08-11T00:00:00+00:00,3420,2023-05-28T15:30:00+00:00,False
ENG_PL::21934,2023-09-03 15:30:00+00:00,2023,frozen_dc,0,0.4990239289007148,0.2315605445661025,0.2694155265331827,0.4482456140350877,0.2350877192982456,0.3166666666666666,2023-08-11T00:00:00+00:00,3420,2023-05-28T15:30:00+00:00,False
ENG_PL::21935,2023-09-16 11:30:00+00:00,2023,frozen_dc,2,0.1684210243346044,0.214308224760093,0.6172707509053025,0.4482456140350877,0.2350877192982456,0.3166666666666666,2023-08-11T00:00:00+00:00,3420,2023-05-28T15:30:00+00:00,False
ENG_PL::21936,2023-09-16 14:00:00+00:00,2023,frozen_dc,0,0.616877760425872,0.225232101265713,0.157890138308415,0.4482456140350877,0.2350877192982456,0.3166666666666666,2023-08-11T00:00:00+00:00,3420,2023-05-28T15:30:00+00:00,False
ENG_PL::21937,2023-09-16 14:00:00+00:00,2023,frozen_dc,2,0.1715222555503028,0.2302540539613514,0.5982236904883458,0.4482456140350877,0.2350877192982456,0.3166666666666666,2023-08-11T00:00:00+00:00,3420,2023-05-28T15:30:00+00:00,False
ENG_PL::21938,2023-09-16 14:00:00+00:00,2023,frozen_dc,0,0.4433133658931695,0.2992256753463669,0.2574609587604635,0.4482456140350877,0.2350877192982456,0.3166666666666666,2023-08-11T00:00:00+00:00,3420,2023-05-28T15:30:00+00:00,False
ENG_PL::21939,2023-09-16 14:00:00+00:00,2023,frozen_dc,0,0.3428941606509673,0.2707496926234252,0.3863561467256073,0.4482456140350877,0.2350877192982456,0.3166666666666666,2023-08-11T00:00:00+00:00,3420,2023-05-28T15:30:00+00:00,True
ENG_PL::21940,2023-09-16 14:00:00+00:00,2023,frozen_dc,2,0.4389993692629369,0.2374483943747757,0.3235522363622872,0.4482456140350877,0.2350877192982456,0.3166666666666666,2023-08-11T00:00:00+00:00,3420,2023-05-28T15:30:00+00:00,False
ENG_PL::21943,2023-09-16 16:30:00+00:00,2023,frozen_dc,0,0.5191746359337083,0.2448552795563258,0.2359700845099661,0.4482456140350877,0.2350877192982456,0.3166666666666666,2023-08-11T00:00:00+00:00,3420,2023-05-28T15:30:00+00:00,False
ENG_PL::21942,2023-09-17 13:00:00+00:00,2023,frozen_dc,1,0.2751212108813703,0.2593013493223708,0.4655774397962587,0.4482456140350877,0.2350877192982456,0.3166666666666666,2023-08-11T00:00:00+00:00,3420,2023-05-28T15:30:00+00:00,False
ENG_PL::21941,2023-09-17 15:30:00+00:00,2023,frozen_dc,2,0.2437003072234449,0.2351143808881892,0.5211853118883656,0.4482456140350877,0.2350877192982456,0.3166666666666666,2023-08-11T00:00:00+00:00,3420,2023-05-28T15:30:00+00:00,False
ENG_PL::21944,2023-09-18 18:45:00+00:00,2023,frozen_dc,1,0.3592951933771409,0.2904589203554568,0.3502458862674024,0.4482456140350877,0.2350877192982456,0.3166666666666666,2023-08-11T00:00:00+00:00,3420,2023-05-28T15:30:00+00:00,False
ENG_PL::21945,2023-09-23 14:00:00+00:00,2023,frozen_dc,1,0.5357051112579398,0.2607547266227429,0.2035401621193172,0.4482456140350877,0.2350877192982456,0.3166666666666666,2023-08-11T00:00:00+00:00,3420,2023-05-28T15:30:00+00:00,True
ENG_PL::21946,2023-09-23 14:00:00+00:00,2023,frozen_dc,0,0.8243441289975808,0.1257807735572255,0.0498750974451935,0.4482456140350877,0.2350877192982456,0.3166666666666666,2023-08-11T00:00:00+00:00,3420,2023-05-28T15:30:00+00:00,False
ENG_PL::21948,2023-09-23 14:00:00+00:00,2023,frozen_dc,1,0.4858379898734298,0.2827808114376925,0.2313811986888775,0.4482456140350877,0.2350877192982456,0.3166666666666666,2023-08-11T00:00:00+00:00,3420,2023-05-28T15:30:00+00:00,False
ENG_PL::21949,2023-09-23 16:30:00+00:00,2023,frozen_dc,2,0.5566741972787281,0.2343479811747457,0.208977821546526,0.4482456140350877,0.2350877192982456,0.3166666666666666,2023-08-11T00:00:00+00:00,3420,2023-05-28T15:30:00+00:00,False
ENG_PL::21950,2023-09-23 19:00:00+00:00,2023,frozen_dc,2,0.2646211553934661,0.2492855989669269,0.4860932456396069,0.4482456140350877,0.2350877192982456,0.3166666666666666,2023-08-11T00:00:00+00:00,3420,2023-05-28T15:30:00+00:00,False
ENG_PL::21953,2023-09-24 13:00:00+00:00,2023,frozen_dc,0,0.6577262396184097,0.1896637358938983,0.1526100244876919,0.4482456140350877,0.2350877192982456,0.3166666666666666,2023-08-11T00:00:00+00:00,3420,2023-05-28T15:30:00+00:00,False
ENG_PL::21952,2023-09-24 13:00:00+00:00,2023,frozen_dc,1,0.5245056394062856,0.2387135429135903,0.2367808176801241,0.4482456140350877,0.2350877192982456,0.3166666666666666,2023-08-11T00:00:00+00:00,3420,2023-05-28T15:30:00+00:00,False
ENG_PL::21947,2023-09-24 13:00:00+00:00,2023,frozen_dc,2,0.491597031010494,0.2644624658139837,0.2439405031755224,0.4482456140350877,0.2350877192982456,0.3166666666666666,2023-08-11T00:00:00+00:00,3420,2023-05-28T15:30:00+00:00,False
ENG_PL::21951,2023-09-24 13:00:00+00:00,2023,frozen_dc,0,0.6808584325579028,0.1864312108153869,0.1327103566267104,0.4482456140350877,0.2350877192982456,0.3166666666666666,2023-08-11T00:00:00+00:00,3420,2023-05-28T15:30:00+00:00,False
ENG_PL::21954,2023-09-24 15:30:00+00:00,2023,frozen_dc,2,0.2200526858799631,0.2497819555991906,0.5301653585208461,0.4482456140350877,0.2350877192982456,0.3166666666666666,2023-08-11T00:00:00+00:00,3420,2023-05-28T15:30:00+00:00,False
ENG_PL::21955,2023-09-30 11:30:00+00:00,2023,frozen_dc,0,0.326117375084749,0.2638332787209904,0.4100493461942603,0.4482456140350877,0.2350877192982456,0.3166666666666666,2023-08-11T00:00:00+00:00,3420,2023-05-28T15:30:00+00:00,False
ENG_PL::21961,2023-09-30 14:00:00+00:00,2023,frozen_dc,0,0.1068188294462619,0.2014816518844714,0.6916995186692666,0.4482456140350877,0.2350877192982456,0.3166666666666666,2023-08-11T00:00:00+00:00,3420,2023-05-28T15:30:00+00:00,False
ENG_PL::21959,2023-09-30 14:00:00+00:00,2023,frozen_dc,2,0.2171048649067322,0.2317189216362402,0.5511762134570276,0.4482456140350877,0.2350877192982456,0.3166666666666666,2023-08-11T00:00:00+00:00,3420,2023-05-28T15:30:00+00:00,False
ENG_PL::21958,2023-09-30 14:00:00+00:00,2023,frozen_dc,0,0.635059543048388,0.2147434966696036,0.1501969602820084,0.4482456140350877,0.2350877192982456,0.3166666666666666,2023-08-11T00:00:00+00:00,3420,2023-05-28T15:30:00+00:00,False
ENG_PL::21957,2023-09-30 14:00:00+00:00,2023,frozen_dc,2,0.5646230438357317,0.2447515008222693,0.1906254553419987,0.4482456140350877,0.2350877192982456,0.3166666666666666,2023-08-11T00:00:00+00:00,3420,2023-05-28T15:30:00+00:00,False
ENG_PL::21956,2023-09-30 14:00:00+00:00,2023,frozen_dc,2,0.3898207684368937,0.2618076400527437,0.3483715915103627,0.4482456140350877,0.2350877192982456,0.3166666666666666,2023-08-11T00:00:00+00:00,3420,2023-05-28T15:30:00+00:00,True
ENG_PL::21960,2023-09-30 14:00:00+00:00,2023,frozen_dc,0,0.5350024194260619,0.2548172247839553,0.2101803557899826,0.4482456140350877,0.2350877192982456,0.3166666666666666,2023-08-11T00:00:00+00:00,3420,2023-05-28T15:30:00+00:00,False
ENG_PL::21962,2023-09-30 16:30:00+00:00,2023,frozen_dc,0,0.3424135612671232,0.2400279753044505,0.417558463428426,0.4482456140350877,0.2350877192982456,0.3166666666666666,2023-08-11T00:00:00+00:00,3420,2023-05-28T15:30:00+00:00,False
ENG_PL::21963,2023-10-01 13:00:00+00:00,2023,frozen_dc,1,0.2574348781009098,0.2700284512232195,0.4725366706758704,0.4482456140350877,0.2350877192982456,0.3166666666666666,2023-08-11T00:00:00+00:00,3420,2023-05-28T15:30:00+00:00,False
ENG_PL::21964,2023-10-02 19:00:00+00:00,2023,frozen_dc,2,0.2650057404956796,0.2614500348172172,0.4735442246871033,0.4482456140350877,0.2350877192982456,0.3166666666666666,2023-08-11T00:00:00+00:00,3420,2023-05-28T15:30:00+00:00,False
ENG_PL::22289,2023-10-03 18:30:00+00:00,2023,frozen_dc,2,0.4911242661093039,0.2643569953940269,0.244518738496669,0.4482456140350877,0.2350877192982456,0.3166666666666666,2023-08-11T00:00:00+00:00,3420,2023-05-28T15:30:00+00:00,True
ENG_PL::21971,2023-10-07 11:30:00+00:00,2023,frozen_dc,2,0.3537610328167031,0.2675895023046595,0.3786494648786374,0.4482456140350877,0.2350877192982456,0.3166666666666666,2023-08-11T00:00:00+00:00,3420,2023-05-28T15:30:00+00:00,True
ENG_PL::21967,2023-10-07 14:00:00+00:00,2023,frozen_dc,2,0.2891833426925161,0.2746829061179567,0.4361337511895269,0.4482456140350877,0.2350877192982456,0.3166666666666666,2023-08-11T00:00:00+00:00,3420,2023-05-28T15:30:00+00:00,False
ENG_PL::21969,2023-10-07 14:00:00+00:00,2023,frozen_dc,0,0.4783079594518634,0.2491368810010457,0.2725551595470907,0.4482456140350877,0.2350877192982456,0.3166666666666666,2023-08-11T00:00:00+00:00,3420,2023-05-28T15:30:00+00:00,False
ENG_PL::21970,2023-10-07 14:00:00+00:00,2023,frozen_dc,0,0.4361256520327128,0.2755963412913291,0.2882780066759579,0.4482456140350877,0.2350877192982456,0.3166666666666666,2023-08-11T00:00:00+00:00,3420,2023-05-28T15:30:00+00:00,False
ENG_PL::21972,2023-10-07 14:00:00+00:00,2023,frozen_dc,0,0.514834582379941,0.2368387242466582,0.248326693373401,0.4482456140350877,0.2350877192982456,0.3166666666666666,2023-08-11T00:00:00+00:00,3420,2023-05-28T15:30:00+00:00,False
ENG_PL::21968,2023-10-07 16:30:00+00:00,2023,frozen_dc,1,0.5078420003342723,0.2859844009947661,0.2061735986709615,0.4482456140350877,0.2350877192982456,0.3166666666666666,2023-08-11T00:00:00+00:00,3420,2023-05-28T15:30:00+00:00,False
ENG_PL::21974,2023-10-08 13:00:00+00:00,2023,frozen_dc,1,0.2914483292466985,0.2939287322971625,0.414622938456139,0.4482456140350877,0.2350877192982456,0.3166666666666666,2023-08-11T00:00:00+00:00,3420,2023-05-28T15:30:00+00:00,False
ENG_PL::21973,2023-10-08 13:00:00+00:00,2023,frozen_dc,1,0.3128554721720388,0.2609162041495749,0.4262283236783863,0.4482456140350877,0.2350877192982456,0.3166666666666666,2023-08-11T00:00:00+00:00,3420,2023-05-28T15:30:00+00:00,False
ENG_PL::21966,2023-10-08 13:00:00+00:00,2023,frozen_dc,1,0.404767331063723,0.2318062726161056,0.3634263963201713,0.4482456140350877,0.2350877192982456,0.3166666666666666,2023-08-11T00:00:00+00:00,3420,2023-05-28T15:30:00+00:00,False
ENG_PL::21965,2023-10-08 15:30:00+00:00,2023,frozen_dc,0,0.2898006093576583,0.2574234121758839,0.4527759784664578,0.4482456140350877,0.2350877192982456,0.3166666666666666,2023-08-11T00:00:00+00:00,3420,2023-05-28T15:30:00+00:00,False
ENG_PL::21979,2023-10-21 11:30:00+00:00,2023,frozen_dc,0,0.7268308762828882,0.1579138814657356,0.1152552422513763,0.4482456140350877,0.2350877192982456,0.3166666666666666,2023-08-11T00:00:00+00:00,3420,2023-05-28T15:30:00+00:00,False
ENG_PL::21982,2023-10-21 14:00:00+00:00,2023,frozen_dc,1,0.3070706319487348,0.2787654554175433,0.4141639126337219,0.4482456140350877,0.2350877192982456,0.3166666666666666,2023-08-11T00:00:00+00:00,3420,2023-05-28T15:30:00+00:00,True
ENG_PL::21980,2023-10-21 14:00:00+00:00,2023,frozen_dc,0,0.626046855693731,0.2114086287746823,0.1625445155315866,0.4482456140350877,0.2350877192982456,0.3166666666666666,2023-08-11T00:00:00+00:00,3420,2023-05-28T15:30:00+00:00,False
ENG_PL::21981,2023-10-21 14:00:00+00:00,2023,frozen_dc,0,0.5649925281896259,0.2531796458038345,0.1818278260065397,0.4482456140350877,0.2350877192982456,0.3166666666666666,2023-08-11T00:00:00+00:00,3420,2023-05-28T15:30:00+00:00,False
ENG_PL::21975,2023-10-21 14:00:00+00:00,2023,frozen_dc,2,0.4584993590621757,0.2759553190627002,0.2655453218751242,0.4482456140350877,0.2350877192982456,0.3166666666666666,2023-08-11T00:00:00+00:00,3420,2023-05-28T15:30:00+00:00,False
ENG_PL::21977,2023-10-21 14:00:00+00:00,2023,frozen_dc,0,0.5508736723122258,0.2488257087865889,0.2003006189011852,0.4482456140350877,0.2350877192982456,0.3166666666666666,2023-08-11T00:00:00+00:00,3420,2023-05-28T15:30:00+00:00,False
ENG_PL::21978,2023-10-21 16:30:00+00:00,2023,frozen_dc,1,0.3697396037564396,0.2608515930558668,0.3694088031876937,0.4482456140350877,0.2350877192982456,0.3166666666666666,2023-08-11T00:00:00+00:00,3420,2023-05-28T15:30:00+00:00,False
ENG_PL::21983,2023-10-21 19:00:00+00:00,2023,frozen_dc,2,0.2313450726700321,0.2416019326580081,0.5270529946719598,0.4482456140350877,0.2350877192982456,0.3166666666666666,2023-08-11T00:00:00+00:00,3420,2023-05-28T15:30:00+00:00,False
ENG_PL::21976,2023-10-22 15:30:00+00:00,2023,frozen_dc,0,0.4458424402383611,0.2728188664187126,0.2813386933429262,0.4482456140350877,0.2350877192982456,0.3166666666666666,2023-08-11T00:00:00+00:00,3420,2023-05-28T15:30:00+00:00,False
ENG_PL::21984,2023-10-23 19:00:00+00:00,2023,frozen_dc,0,0.6196490690395594,0.2182785843625622,0.1620723465978784,0.4482456140350877,0.2350877192982456,0.3166666666666666,2023-08-11T00:00:00+00:00,3420,2023-05-28T15:30:00+00:00,False
ENG_PL::21990,2023-10-27 19:00:00+00:00,2023,frozen_dc,2,0.326628181665112,0.295738795663664,0.3776330226712239,0.4482456140350877,0.2350877192982456,0.3166666666666666,2023-08-11T00:00:00+00:00,3420,2023-05-28T15:30:00+00:00,False
ENG_PL::21989,2023-10-28 11:30:00+00:00,2023,frozen_dc,2,0.4626439495498405,0.2629691718147988,0.2743868786353605,0.4482456140350877,0.2350877192982456,0.3166666666666666,2023-08-11T00:00:00+00:00,3420,2023-05-28T15:30:00+00:00,False
ENG_PL::21986,2023-10-28 14:00:00+00:00,2023,frozen_dc,0,0.698612381732614,0.1869239384670549,0.1144636798003309,0.4482456140350877,0.2350877192982456,0.3166666666666666,2023-08-11T00:00:00+00:00,3420,2023-05-28T15:30:00+00:00,False
ENG_PL::21985,2023-10-28 14:00:00+00:00,2023,frozen_dc,0,0.4119381675302607,0.2733086077152627,0.3147532247544766,0.4482456140350877,0.2350877192982456,0.3166666666666666,2023-08-11T00:00:00+00:00,3420,2023-05-28T15:30:00+00:00,False
ENG_PL::21994,2023-10-28 16:30:00+00:00,2023,frozen_dc,1,0.2088024740269247,0.2544556037213993,0.5367419222516759,0.4482456140350877,0.2350877192982456,0.3166666666666666,2023-08-11T00:00:00+00:00,3420,2023-05-28T15:30:00+00:00,False
ENG_PL::21993,2023-10-29 13:00:00+00:00,2023,frozen_dc,2,0.4995724069513991,0.2486043333473937,0.2518232597012074,0.4482456140350877,0.2350877192982456,0.3166666666666666,2023-08-11T00:00:00+00:00,3420,2023-05-28T15:30:00+00:00,False
ENG_PL::21987,2023-10-29 14:00:00+00:00,2023,frozen_dc,0,0.4520481896095943,0.2714054952625468,0.2765463151278587,0.4482456140350877,0.2350877192982456,0.3166666666666666,2023-08-11T00:00:00+00:00,3420,2023-05-28T15:30:00+00:00,True
ENG_PL::21988,2023-10-29 14:00:00+00:00,2023,frozen_dc,1,0.6864678527804199,0.1862019814735464,0.1273301657460337,0.4482456140350877,0.2350877192982456,0.3166666666666666,2023-08-11T00:00:00+00:00,3420,2023-05-28T15:30:00+00:00,False
ENG_PL::21991,2023-10-29 14:00:00+00:00,2023,frozen_dc,0,0.7735860036347614,0.1440241421984879,0.082389854166751,0.4482456140350877,0.2350877192982456,0.3166666666666666,2023-08-11T00:00:00+00:00,3420,2023-05-28T15:30:00+00:00,False
ENG_PL::21992,2023-10-29 15:30:00+00:00,2023,frozen_dc,2,0.257495223137494,0.2425703600884886,0.4999344167740173,0.4482456140350877,0.2350877192982456,0.3166666666666666,2023-08-11T00:00:00+00:00,3420,2023-05-28T15:30:00+00:00,False
ENG_PL::21998,2023-11-04 12:30:00+00:00,2023,frozen_dc,2,0.2389143864441673,0.2346284859219128,0.5264571276339198,0.4482456140350877,0.2350877192982456,0.3166666666666666,2023-08-11T00:00:00+00:00,3420,2023-05-28T15:30:00+00:00,False
ENG_PL::22003,2023-11-04 15:00:00+00:00,2023,frozen_dc,0,0.4278850861677482,0.2937476154944251,0.2783672983378266,0.4482456140350877,0.2350877192982456,0.3166666666666666,2023-08-11T00:00:00+00:00,3420,2023-05-28T15:30:00+00:00,False
ENG_PL::22000,2023-11-04 15:00:00+00:00,2023,frozen_dc,0,0.8105631850236303,0.1298877359835,0.0595490789928695,0.4482456140350877,0.2350877192982456,0.3166666666666666,2023-08-11T00:00:00+00:00,3420,2023-05-28T15:30:00+00:00,False
ENG_PL::21995,2023-11-04 15:00:00+00:00,2023,frozen_dc,0,0.489017073021402,0.2580016822352436,0.2529812447433541,0.4482456140350877,0.2350877192982456,0.3166666666666666,2023-08-11T00:00:00+00:00,3420,2023-05-28T15:30:00+00:00,False
ENG_PL::21996,2023-11-04 15:00:00+00:00,2023,frozen_dc,2,0.3659720459436392,0.308840282596255,0.3251876714601058,0.4482456140350877,0.2350877192982456,0.3166666666666666,2023-08-11T00:00:00+00:00,3420,2023-05-28T15:30:00+00:00,False
ENG_PL::21997,2023-11-04 15:00:00+00:00,2023,frozen_dc,1,0.2618980569338037,0.2371570840966769,0.5009448589695191,0.4482456140350877,0.2350877192982456,0.3166666666666666,2023-08-11T00:00:00+00:00,3420,2023-05-28T15:30:00+00:00,False
ENG_PL::22001,2023-11-04 17:30:00+00:00,2023,frozen_dc,0,0.4229947371670638,0.2510288291592513,0.3259764336736847,0.4482456140350877,0.2350877192982456,0.3166666666666666,2023-08-11T00:00:00+00:00,3420,2023-05-28T15:30:00+00:00,False
ENG_PL::22002,2023-11-05 14:00:00+00:00,2023,frozen_dc,0,0.2846992217563114,0.2845757347948403,0.4307250434488483,0.4482456140350877,0.2350877192982456,0.3166666666666666,2023-08-11T00:00:00+00:00,3420,2023-05-28T15:30:00+00:00,False
ENG_PL::21999,2023-11-05 16:30:00+00:00,2023,frozen_dc,1,0.2601901479822786,0.2310052389412724,0.5088046130764491,0.4482456140350877,0.2350877192982456,0.3166666666666666,2023-08-11T00:00:00+00:00,3420,2023-05-28T15:30:00+00:00,True
ENG_PL::22004,2023-11-06 20:00:00+00:00,2023,frozen_dc,2,0.4330586241439298,0.2643609686093296,0.3025804072467407,0.4482456140350877,0.2350877192982456,0.3166666666666666,2023-08-11T00:00:00+00:00,3420,2023-05-28T15:30:00+00:00,False
ENG_PL::22014,2023-11-11 12:30:00+00:00,2023,frozen_dc,0,0.246290071595395,0.2718784213888311,0.4818315070157738,0.4482456140350877,0.2350877192982456,0.3166666666666666,2023-08-11T00:00:00+00:00,3420,2023-05-28T15:30:00+00:00,False
ENG_PL::22006,2023-11-11 15:00:00+00:00,2023,frozen_dc,0,0.6624696854118058,0.2019027461727181,0.1356275684154759,0.4482456140350877,0.2350877192982456,0.3166666666666666,2023-08-11T00:00:00+00:00,3420,2023-05-28T15:30:00+00:00,False
ENG_PL::22010,2023-11-11 15:00:00+00:00,2023,frozen_dc,2,0.4529504522387039,0.2812553253416578,0.2657942224196383,0.4482456140350877,0.2350877192982456,0.3166666666666666,2023-08-11T00:00:00+00:00,3420,2023-05-28T15:30:00+00:00,False
ENG_PL::22012,2023-11-11 15:00:00+00:00,2023,frozen_dc,0,0.5792926726479389,0.2207344084430759,0.1999729189089849,0.4482456140350877,0.2350877192982456,0.3166666666666666,2023-08-11T00:00:00+00:00,3420,2023-05-28T15:30:00+00:00,True
ENG_PL::22005,2023-11-11 17:30:00+00:00,2023,frozen_dc,0,0.2361459786083589,0.2412171733410535,0.5226368480505874,0.4482456140350877,0.2350877192982456,0.3166666666666666,2023-08-11T00:00:00+00:00,3420,2023-05-28T15:30:00+00:00,False
ENG_PL::22007,2023-11-12 14:00:00+00:00,2023,frozen_dc,0,0.5456175162500696,0.2504091259487401,0.2039733578011902,0.4482456140350877,0.2350877192982456,0.3166666666666666,2023-08-11T00:00:00+00:00,3420,2023-05-28T15:30:00+00:00,False
ENG_PL::22008,2023-11-12 14:00:00+00:00,2023,frozen_dc,1,0.6827369853262357,0.1925913468380723,0.1246716678356918,0.4482456140350877,0.2350877192982456,0.3166666666666666,2023-08-11T00:00:00+00:00,3420,2023-05-28T15:30:00+00:00,False
ENG_PL::22011,2023-11-12 14:00:00+00:00,2023,frozen_dc,0,0.6008489030049065,0.2082590842777366,0.190892012717357,0.4482456140350877,0.2350877192982456,0.3166666666666666,2023-08-11T00:00:00+00:00,3420,2023-05-28T15:30:00+00:00,False
ENG_PL::22013,2023-11-12 14:00:00+00:00,2023,frozen_dc,0,0.5601374986198118,0.248039246529838,0.1918232548503501,0.4482456140350877,0.2350877192982456,0.3166666666666666,2023-08-11T00:00:00+00:00,3420,2023-05-28T15:30:00+00:00,False
ENG_PL::22009,2023-11-12 16:30:00+00:00,2023,frozen_dc,1,0.2294000653265052,0.2550111732586453,0.5155887614148497,0.4482456140350877,0.2350877192982456,0.3166666666666666,2023-08-11T00:00:00+00:00,3420,2023-05-28T15:30:00+00:00,False
ENG_PL::22020,2023-11-25 12:30:00+00:00,2023,frozen_dc,1,0.5880756834701192,0.2142744949520294,0.1976498215778512,0.4482456140350877,0.2350877192982456,0.3166666666666666,2023-08-11T00:00:00+00:00,3420,2023-05-28T15:30:00+00:00,False
ENG_PL::22023,2023-11-25 15:00:00+00:00,2023,frozen_dc,2,0.4104163614344057,0.2746360043139664,0.314947634251628,0.4482456140350877,0.2350877192982456,0.3166666666666666,2023-08-11T00:00:00+00:00,3420,2023-05-28T15:30:00+00:00,False
ENG_PL::22022,2023-11-25 15:00:00+00:00,2023,frozen_dc,2,0.1982661183190112,0.236088197085927,0.5656456845950618,0.4482456140350877,0.2350877192982456,0.3166666666666666,2023-08-11T00:00:00+00:00,3420,2023-05-28T15:30:00+00:00,False
ENG_PL::22016,2023-11-25 15:00:00+00:00,2023,frozen_dc,2,0.3620562402702272,0.2798740835545085,0.3580696761752642,0.4482456140350877,0.2350877192982456,0.3166666666666666,2023-08-11T00:00:00+00:00,3420,2023-05-28T15:30:00+00:00,False
ENG_PL::22019,2023-11-25 15:00:00+00:00,2023,frozen_dc,0,0.4286543961539518,0.2937335423412374,0.2776120615048106,0.4482456140350877,0.2350877192982456,0.3166666666666666,2023-08-11T00:00:00+00:00,3420,2023-05-28T15:30:00+00:00,True
ENG_PL::22021,2023-11-25 15:00:00+00:00,2023,frozen_dc,0,0.4891627155630312,0.2517911721047789,0.2590461123321896,0.4482456140350877,0.2350877192982456,0.3166666666666666,2023-08-11T00:00:00+00:00,3420,2023-05-28T15:30:00+00:00,False
ENG_PL::22015,2023-11-25 17:30:00+00:00,2023,frozen_dc,2,0.3425617584199304,0.2594983521132177,0.3979398894668517,0.4482456140350877,0.2350877192982456,0.3166666666666666,2023-08-11T00:00:00+00:00,3420,2023-05-28T15:30:00+00:00,False
ENG_PL::22024,2023-11-26 14:00:00+00:00,2023,frozen_dc,2,0.4916631781045475,0.2612440496375173,0.247092772257935,0.4482456140350877,0.2350877192982456,0.3166666666666666,2023-08-11T00:00:00+00:00,3420,2023-05-28T15:30:00+00:00,False
ENG_PL::22017,2023-11-26 16:30:00+00:00,2023,frozen_dc,2,0.278202452424944,0.2352493795333581,0.4865481680416977,0.4482456140350877,0.2350877192982456,0.3166666666666666,2023-08-11T00:00:00+00:00,3420,2023-05-28T15:30:00+00:00,False
ENG_PL::22018,2023-11-27 20:00:00+00:00,2023,frozen_dc,0,0.4442232171486749,0.2821675502622761,0.2736092325890489,0.4482456140350877,0.2350877192982456,0.3166666666666666,2023-08-11T00:00:00+00:00,3420,2023-05-28T15:30:00+00:00,False
ENG_PL::22026,2023-12-02 15:00:00+00:00,2023,frozen_dc,0,0.7011620023461064,0.1898105102438279,0.109027487410066,0.4482456140350877,0.2350877192982456,0.3166666666666666,2023-08-11T00:00:00+00:00,3420,2023-05-28T15:30:00+00:00,False
ENG_PL::22027,2023-12-02 15:00:00+00:00,2023,frozen_dc,0,0.4954894755795705,0.2562473159681922,0.2482632084522369,0.4482456140350877,0.2350877192982456,0.3166666666666666,2023-08-11T00:00:00+00:00,3420,2023-05-28T15:30:00+00:00,True
ENG_PL::22028,2023-12-02 15:00:00+00:00,2023,frozen_dc,0,0.4591943983876183,0.2794088706642324,0.2613967309481493,0.4482456140350877,0.2350877192982456,0.3166666666666666,2023-08-11T00:00:00+00:00,3420,2023-05-28T15:30:00+00:00,False
ENG_PL::22033,2023-12-02 17:30:00+00:00,2023,frozen_dc,2,0.3561834068646558,0.2725778256632188,0.3712387674721253,0.4482456140350877,0.2350877192982456,0.3166666666666666,2023-08-11T00:00:00+00:00,3420,2023-05-28T15:30:00+00:00,False
ENG_PL::22032,2023-12-02 20:00:00+00:00,2023,frozen_dc,0,0.4700063670964742,0.2387397184186137,0.291253914484912,0.4482456140350877,0.2350877192982456,0.3166666666666666,2023-08-11T00:00:00+00:00,3420,2023-05-28T15:30:00+00:00,False
ENG_PL::22025,2023-12-03 14:00:00+00:00,2023,frozen_dc,1,0.3297423027713461,0.2741439573623617,0.3961137398662925,0.4482456140350877,0.2350877192982456,0.3166666666666666,2023-08-11T00:00:00+00:00,3420,2023-05-28T15:30:00+00:00,False
ENG_PL::22029,2023-12-03 14:00:00+00:00,2023,frozen_dc,0,0.3919960553068999,0.2579133252048119,0.3500906194882878,0.4482456140350877,0.2350877192982456,0.3166666666666666,2023-08-11T00:00:00+00:00,3420,2023-05-28T15:30:00+00:00,False
ENG_PL::22030,2023-12-03 14:00:00+00:00,2023,frozen_dc,0,0.7561140195674371,0.1486621279835418,0.0952238524490212,0.4482456140350877,0.2350877192982456,0.3166666666666666,2023-08-11T00:00:00+00:00,3420,2023-05-28T15:30:00+00:00,False
ENG_PL::22034,2023-12-03 14:00:00+00:00,2023,frozen_dc,1,0.4336660565925027,0.2934449915873644,0.2728889518201328,0.4482456140350877,0.2350877192982456,0.3166666666666666,2023-08-11T00:00:00+00:00,3420,2023-05-28T15:30:00+00:00,False
ENG_PL::22031,2023-12-03 16:30:00+00:00,2023,frozen_dc,1,0.6659300111091274,0.2019391215036577,0.1321308673872147,0.4482456140350877,0.2350877192982456,0.3166666666666666,2023-08-11T00:00:00+00:00,3420,2023-05-28T15:30:00+00:00,False
ENG_PL::22042,2023-12-05 19:30:00+00:00,2023,frozen_dc,0,0.3649593069487327,0.298179502891685,0.3368611901595821,0.4482456140350877,0.2350877192982456,0.3166666666666666,2023-08-11T00:00:00+00:00,3420,2023-05-28T15:30:00+00:00,False
ENG_PL::22039,2023-12-05 20:15:00+00:00,2023,frozen_dc,2,0.2868324856809372,0.2534967973208249,0.4596707169982381,0.4482456140350877,0.2350877192982456,0.3166666666666666,2023-08-11T00:00:00+00:00,3420,2023-05-28T15:30:00+00:00,True
ENG_PL::22040,2023-12-06 19:30:00+00:00,2023,frozen_dc,2,0.1775975999793349,0.2111558331501358,0.6112465668705293,0.4482456140350877,0.2350877192982456,0.3166666666666666,2023-08-11T00:00:00+00:00,3420,2023-05-28T15:30:00+00:00,False
ENG_PL::22043,2023-12-06 19:30:00+00:00,2023,frozen_dc,2,0.4793137285657474,0.2806498435613677,0.2400364278728848,0.4482456140350877,0.2350877192982456,0.3166666666666666,2023-08-11T00:00:00+00:00,3420,2023-05-28T15:30:00+00:00,False
ENG_PL::22036,2023-12-06 19:30:00+00:00,2023,frozen_dc,0,0.5281226537857557,0.2381846673558,0.233692678858444,0.4482456140350877,0.2350877192982456,0.3166666666666666,2023-08-11T00:00:00+00:00,3420,2023-05-28T15:30:00+00:00,False
ENG_PL::22038,2023-12-06 19:30:00+00:00,2023,frozen_dc,0,0.4612346407549515,0.2725076864449914,0.2662576728000571,0.4482456140350877,0.2350877192982456,0.3166666666666666,2023-08-11T00:00:00+00:00,3420,2023-05-28T15:30:00+00:00,False
ENG_PL::22035,2023-12-06 20:15:00+00:00,2023,frozen_dc,0,0.1839262223696731,0.2446471433606309,0.5714266342696958,0.4482456140350877,0.2350877192982456,0.3166666666666666,2023-08-11T00:00:00+00:00,3420,2023-05-28T15:30:00+00:00,False
ENG_PL::22044,2023-12-06 20:15:00+00:00,2023,frozen_dc,0,0.4838463482260285,0.2432782929142095,0.2728753588597618,0.4482456140350877,0.2350877192982456,0.3166666666666666,2023-08-11T00:00:00+00:00,3420,2023-05-28T15:30:00+00:00,False
ENG_PL::22037,2023-12-07 19:30:00+00:00,2023,frozen_dc,0,0.2640018021153896,0.2434250588400485,0.4925731390445618,0.4482456140350877,0.2350877192982456,0.3166666666666666,2023-08-11T00:00:00+00:00,3420,2023-05-28T15:30:00+00:00,False
ENG_PL::22041,2023-12-07 20:15:00+00:00,2023,frozen_dc,2,0.5171844179064693,0.2492807768488604,0.2335348052446703,0.4482456140350877,0.2350877192982456,0.3166666666666666,2023-08-11T00:00:00+00:00,3420,2023-05-28T15:30:00+00:00,False
ENG_PL::22047,2023-12-09 12:30:00+00:00,2023,frozen_dc,2,0.2445576255394637,0.2546073579180029,0.5008350165425335,0.4482456140350877,0.2350877192982456,0.3166666666666666,2023-08-11T00:00:00+00:00,3420,2023-05-28T15:30:00+00:00,False
ENG_PL::22054,2023-12-09 15:00:00+00:00,2023,frozen_dc,1,0.4232071097298411,0.2953632537614637,0.2814296365086952,0.4482456140350877,0.2350877192982456,0.3166666666666666,2023-08-11T00:00:00+00:00,3420,2023-05-28T15:30:00+00:00,False
ENG_PL::22051,2023-12-09 15:00:00+00:00,2023,frozen_dc,2,0.6707343528062303,0.1875020529217591,0.1417635942720106,0.4482456140350877,0.2350877192982456,0.3166666666666666,2023-08-11T00:00:00+00:00,3420,2023-05-28T15:30:00+00:00,False
ENG_PL::22052,2023-12-09 15:00:00+00:00,2023,frozen_dc,0,0.2791064055655661,0.2735751390844108,0.447318455350023,0.4482456140350877,0.2350877192982456,0.3166666666666666,2023-08-11T00:00:00+00:00,3420,2023-05-28T15:30:00+00:00,False
ENG_PL::22046,2023-12-09 15:00:00+00:00,2023,frozen_dc,1,0.6456293403542276,0.207120416652884,0.1472502429928883,0.4482456140350877,0.2350877192982456,0.3166666666666666,2023-08-11T00:00:00+00:00,3420,2023-05-28T15:30:00+00:00,False
ENG_PL::22045,2023-12-09 17:30:00+00:00,2023,frozen_dc,0,0.3062350516211858,0.2645362141608844,0.4292287342179297,0.4482456140350877,0.2350877192982456,0.3166666666666666,2023-08-11T00:00:00+00:00,3420,2023-05-28T15:30:00+00:00,False
ENG_PL::22048,2023-12-10 14:00:00+00:00,2023,frozen_dc,0,0.3051173429520841,0.2588879505800161,0.4359947064678995,0.4482456140350877,0.2350877192982456,0.3166666666666666,2023-08-11T00:00:00+00:00,3420,2023-05-28T15:30:00+00:00,False
ENG_PL::22049,2023-12-10 14:00:00+00:00,2023,frozen_dc,0,0.3372184930007943,0.2709824290626311,0.3917990779365747,0.4482456140350877,0.2350877192982456,0.3166666666666666,2023-08-11T00:00:00+00:00,3420,2023-05-28T15:30:00+00:00,False
ENG_PL::22050,2023-12-10 14:00:00+00:00,2023,frozen_dc,2,0.1676745237903667,0.2276475003790612,0.6046779758305718,0.4482456140350877,0.2350877192982456,0.3166666666666666,2023-08-11T00:00:00+00:00,3420,2023-05-28T15:30:00+00:00,True
ENG_PL::22053,2023-12-10 16:30:00+00:00,2023,frozen_dc,0,0.3902481510223784,0.2599945367025595,0.3497573122750619,0.4482456140350877,0.2350877192982456,0.3166666666666666,2023-08-11T00:00:00+00:00,3420,2023-05-28T15:30:00+00:00,False
ENG_PL::22063,2023-12-15 20:00:00+00:00,2023,frozen_dc,2,0.2385481075885712,0.2615892509591218,0.4998626414523071,0.4482456140350877,0.2350877192982456,0.3166666666666666,2023-08-11T00:00:00+00:00,3420,2023-05-28T15:30:00+00:00,False
ENG_PL::22059,2023-12-16 15:00:00+00:00,2023,frozen_dc,0,0.6154550657123264,0.2281987224304494,0.1563462118572242,0.4482456140350877,0.2350877192982456,0.3166666666666666,2023-08-11T00:00:00+00:00,3420,2023-05-28T15:30:00+00:00,False
ENG_PL::22061,2023-12-16 15:00:00+00:00,2023,frozen_dc,1,0.7120547840246864,0.1959850867194606,0.0919601292558529,0.4482456140350877,0.2350877192982456,0.3166666666666666,2023-08-11T00:00:00+00:00,3420,2023-05-28T15:30:00+00:00,False
ENG_PL::22062,2023-12-16 15:00:00+00:00,2023,frozen_dc,0,0.6757227425781028,0.1937824940953422,0.1304947633265549,0.4482456140350877,0.2350877192982456,0.3166666666666666,2023-08-11T00:00:00+00:00,3420,2023-05-28T15:30:00+00:00,False
ENG_PL::22058,2023-12-16 17:30:00+00:00,2023,frozen_dc,2,0.4220094172602973,0.2675172213773544,0.3104733613623484,0.4482456140350877,0.2350877192982456,0.3166666666666666,2023-08-11T00:00:00+00:00,3420,2023-05-28T15:30:00+00:00,False
ENG_PL::22064,2023-12-17 14:00:00+00:00,2023,frozen_dc,0,0.5408587367493554,0.2596048261501461,0.1995364371004984,0.4482456140350877,0.2350877192982456,0.3166666666666666,2023-08-11T00:00:00+00:00,3420,2023-05-28T15:30:00+00:00,False
ENG_PL::22056,2023-12-17 14:00:00+00:00,2023,frozen_dc,0,0.4752042718577089,0.2398979613794483,0.2848977667628427,0.4482456140350877,0.2350877192982456,0.3166666666666666,2023-08-11T00:00:00+00:00,3420,2023-05-28T15:30:00+00:00,False
ENG_PL::22057,2023-12-17 14:00:00+00:00,2023,frozen_dc,2,0.4643045277139443,0.2692803036473303,0.2664151686387253,0.4482456140350877,0.2350877192982456,0.3166666666666666,2023-08-11T00:00:00+00:00,3420,2023-05-28T15:30:00+00:00,False
ENG_PL::22060,2023-12-17 16:30:00+00:00,2023,frozen_dc,1,0.5513675740276079,0.2085380227818846,0.2400944031905073,0.4482456140350877,0.2350877192982456,0.3166666666666666,2023-08-11T00:00:00+00:00,3420,2023-05-28T15:30:00+00:00,False
ENG_PL::22066,2023-12-21 20:00:00+00:00,2023,frozen_dc,1,0.285031469379302,0.2796343947710505,0.4353341358496473,0.4482456140350877,0.2350877192982456,0.3166666666666666,2023-08-11T00:00:00+00:00,3420,2023-05-28T15:30:00+00:00,False
ENG_PL::22065,2023-12-22 20:00:00+00:00,2023,frozen_dc,1,0.5440591317348444,0.2580908831966953,0.1978499850684602,0.4482456140350877,0.2350877192982456,0.3166666666666666,2023-08-11T00:00:00+00:00,3420,2023-05-28T15:30:00+00:00,False
ENG_PL::22072,2023-12-23 12:30:00+00:00,2023,frozen_dc,0,0.3299933558805463,0.2511815506012493,0.4188250935182044,0.4482456140350877,0.2350877192982456,0.3166666666666666,2023-08-11T00:00:00+00:00,3420,2023-05-28T15:30:00+00:00,False
ENG_PL::22071,2023-12-23 15:00:00+00:00,2023,frozen_dc,0,0.5858128791031888,0.2236395033863002,0.190547617510511,0.4482456140350877,0.2350877192982456,0.3166666666666666,2023-08-11T00:00:00+00:00,3420,2023-05-28T15:30:00+00:00,False
ENG_PL::22070,2023-12-23 15:00:00+00:00,2023,frozen_dc,2,0.3843668895349815,0.2772896873440336,0.338343423120985,0.4482456140350877,0.2350877192982456,0.3166666666666666,2023-08-11T00:00:00+00:00,3420,2023-05-28T15:30:00+00:00,False
ENG_PL::22067,2023-12-23 15:00:00+00:00,2023,frozen_dc,2,0.3984089492301159,0.2783461710634675,0.3232448797064168,0.4482456140350877,0.2350877192982456,0.3166666666666666,2023-08-11T00:00:00+00:00,3420,2023-05-28T15:30:00+00:00,False
ENG_PL::22069,2023-12-23 15:00:00+00:00,2023,frozen_dc,0,0.3075936600876401,0.2598078405873411,0.4325984993250189,0.4482456140350877,0.2350877192982456,0.3166666666666666,2023-08-11T00:00:00+00:00,3420,2023-05-28T15:30:00+00:00,True
ENG_PL::22068,2023-12-23 17:30:00+00:00,2023,frozen_dc,1,0.4996427165974264,0.2244035544482206,0.2759537289543529,0.4482456140350877,0.2350877192982456,0.3166666666666666,2023-08-11T00:00:00+00:00,3420,2023-05-28T15:30:00+00:00,False
ENG_PL::22073,2023-12-24 13:00:00+00:00,2023,frozen_dc,0,0.2431166457429231,0.2752537678321198,0.4816295864249569,0.4482456140350877,0.2350877192982456,0.3166666666666666,2023-08-11T00:00:00+00:00,3420,2023-05-28T15:30:00+00:00,False
ENG_PL::22083,2023-12-26 12:30:00+00:00,2023,frozen_dc,2,0.6952932901537846,0.1905191733261844,0.114187536520031,0.4482456140350877,0.2350877192982456,0.3166666666666666,2023-08-11T00:00:00+00:00,3420,2023-05-28T15:30:00+00:00,False
ENG_PL::22084,2023-12-26 15:00:00+00:00,2023,frozen_dc,2,0.3306722768450055,0.2797907345207372,0.3895369886342572,0.4482456140350877,0.2350877192982456,0.3166666666666666,2023-08-11T00:00:00+00:00,3420,2023-05-28T15:30:00+00:00,True
ENG_PL::22075,2023-12-26 15:00:00+00:00,2023,frozen_dc,0,0.4486222162343993,0.2616321965900379,0.2897455871755628,0.4482456140350877,0.2350877192982456,0.3166666666666666,2023-08-11T00:00:00+00:00,3420,2023-05-28T15:30:00+00:00,False
ENG_PL::22079,2023-12-26 17:30:00+00:00,2023,frozen_dc,2,0.2071155421928374,0.2227956446169435,0.5700888131902189,0.4482456140350877,0.2350877192982456,0.3166666666666666,2023-08-11T00:00:00+00:00,3420,2023-05-28T15:30:00+00:00,False
ENG_PL::22082,2023-12-26 20:00:00+00:00,2023,frozen_dc,0,0.5453973217168889,0.2357845342100282,0.2188181440730826,0.4482456140350877,0.2350877192982456,0.3166666666666666,2023-08-11T00:00:00+00:00,3420,2023-05-28T15:30:00+00:00,False
ENG_PL::22077,2023-12-27 19:30:00+00:00,2023,frozen_dc,2,0.593530283720995,0.2414828042929151,0.1649869119860897,0.4482456140350877,0.2350877192982456,0.3166666666666666,2023-08-11T00:00:00+00:00,3420,2023-05-28T15:30:00+00:00,False
ENG_PL::22080,2023-12-27 19:30:00+00:00,2023,frozen_dc,0,0.5101976352369376,0.2766681320562223,0.2131342327068401,0.4482456140350877,0.2350877192982456,0.3166666666666666,2023-08-11T00:00:00+00:00,3420,2023-05-28T15:30:00+00:00,False
ENG_PL::22081,2023-12-27 20:15:00+00:00,2023,frozen_dc,2,0.1354262412130671,0.1989276491970158,0.6656461095899171,0.4482456140350877,0.2350877192982456,0.3166666666666666,2023-08-11T00:00:00+00:00,3420,2023-05-28T15:30:00+00:00,False
ENG_PL::22078,2023-12-28 19:30:00+00:00,2023,frozen_dc,0,0.5047241573163721,0.2408949659180632,0.2543808767655647,0.4482456140350877,0.2350877192982456,0.3166666666666666,2023-08-11T00:00:00+00:00,3420,2023-05-28T15:30:00+00:00,False
ENG_PL::22076,2023-12-28 20:15:00+00:00,2023,frozen_dc,2,0.6031531675465351,0.2191566225201457,0.1776902099333192,0.4482456140350877,0.2350877192982456,0.3166666666666666,2023-08-11T00:00:00+00:00,3420,2023-05-28T15:30:00+00:00,False
ENG_PL::22089,2023-12-30 12:30:00+00:00,2023,frozen_dc,2,0.3487602366346677,0.2712333821162297,0.3800063812491027,0.4482456140350877,0.2350877192982456,0.3166666666666666,2023-08-11T00:00:00+00:00,3420,2023-05-28T15:30:00+00:00,True
ENG_PL::22085,2023-12-30 15:00:00+00:00,2023,frozen_dc,0,0.5065037738916255,0.2675826983575995,0.2259135277507752,0.4482456140350877,0.2350877192982456,0.3166666666666666,2023-08-11T00:00:00+00:00,3420,2023-05-28T15:30:00+00:00,False
ENG_PL::22086,2023-12-30 15:00:00+00:00,2023,frozen_dc,0,0.3461391848854674,0.2997773234238233,0.3540834916907091,0.4482456140350877,0.2350877192982456,0.3166666666666666,2023-08-11T00:00:00+00:00,3420,2023-05-28T15:30:00+00:00,False
ENG_PL::22090,2023-12-30 15:00:00+00:00,2023,frozen_dc,0,0.8069467454145772,0.1359743951114225,0.0570788594740002,0.4482456140350877,0.2350877192982456,0.3166666666666666,2023-08-11T00:00:00+00:00,3420,2023-05-28T15:30:00+00:00,False
ENG_PL::22094,2023-12-30 15:00:00+00:00,2023,frozen_dc,0,0.3629017507349432,0.2800496109582533,0.3570486383068033,0.4482456140350877,0.2350877192982456,0.3166666666666666,2023-08-11T00:00:00+00:00,3420,2023-05-28T15:30:00+00:00,False
ENG_PL::22091,2023-12-30 17:30:00+00:00,2023,frozen_dc,0,0.2107564255410076,0.2354043466766999,0.5538392277822924,0.4482456140350877,0.2350877192982456,0.3166666666666666,2023-08-11T00:00:00+00:00,3420,2023-05-28T15:30:00+00:00,False
ENG_PL::22092,2023-12-31 14:00:00+00:00,2023,frozen_dc,0,0.6133875763817812,0.2179341776721046,0.1686782459461142,0.4482456140350877,0.2350877192982456,0.3166666666666666,2023-08-11T00:00:00+00:00,3420,2023-05-28T15:30:00+00:00,False
ENG_PL::22087,2023-12-31 14:00:00+00:00,2023,frozen_dc,0,0.2086777397427346,0.2326248203181793,0.5586974399390859,0.4482456140350877,0.2350877192982456,0.3166666666666666,2023-08-11T00:00:00+00:00,3420,2023-05-28T15:30:00+00:00,False
ENG_PL::22088,2024-01-01 20:00:00+00:00,2023,frozen_dc,0,0.5240494752600129,0.2223639097365225,0.2535866150034646,0.4482456140350877,0.2350877192982456,0.3166666666666666,2023-08-11T00:00:00+00:00,3420,2023-05-28T15:30:00+00:00,False
ENG_PL::22093,2024-01-02 19:30:00+00:00,2023,frozen_dc,1,0.3117723477484733,0.2548739697329499,0.4333536825185767,0.4482456140350877,0.2350877192982456,0.3166666666666666,2023-08-11T00:00:00+00:00,3420,2023-05-28T15:30:00+00:00,False
ENG_PL::22096,2024-01-12 19:45:00+00:00,2023,frozen_dc,1,0.3677960905920948,0.2793159017909298,0.3528880076169753,0.4482456140350877,0.2350877192982456,0.3166666666666666,2023-08-11T00:00:00+00:00,3420,2023-05-28T15:30:00+00:00,True
ENG_PL::22097,2024-01-13 12:30:00+00:00,2023,frozen_dc,0,0.6184109444958237,0.2211131237802471,0.160475931723929,0.4482456140350877,0.2350877192982456,0.3166666666666666,2023-08-11T00:00:00+00:00,3420,2023-05-28T15:30:00+00:00,False
ENG_PL::22100,2024-01-13 17:30:00+00:00,2023,frozen_dc,2,0.2685411871538737,0.256789629647547,0.4746691831985792,0.4482456140350877,0.2350877192982456,0.3166666666666666,2023-08-11T00:00:00+00:00,3420,2023-05-28T15:30:00+00:00,False
ENG_PL::22098,2024-01-14 14:00:00+00:00,2023,frozen_dc,1,0.3623907495085815,0.2700740354120073,0.3675352150794113,0.4482456140350877,0.2350877192982456,0.3166666666666666,2023-08-11T00:00:00+00:00,3420,2023-05-28T15:30:00+00:00,False
ENG_PL::22099,2024-01-14 16:30:00+00:00,2023,frozen_dc,1,0.4908190488123817,0.2390457211868598,0.2701352300007584,0.4482456140350877,0.2350877192982456,0.3166666666666666,2023-08-11T00:00:00+00:00,3420,2023-05-28T15:30:00+00:00,False
ENG_PL::22103,2024-01-20 12:30:00+00:00,2023,frozen_dc,0,0.591855463563543,0.2414003894187727,0.1667441470176841,0.4482456140350877,0.2350877192982456,0.3166666666666666,2023-08-11T00:00:00+00:00,3420,2023-05-28T15:30:00+00:00,False
ENG_PL::22104,2024-01-20 17:30:00+00:00,2023,frozen_dc,0,0.6135567003835153,0.2290798803918752,0.1573634192246093,0.4482456140350877,0.2350877192982456,0.3166666666666666,2023-08-11T00:00:00+00:00,3420,2023-05-28T15:30:00+00:00,False
ENG_PL::22101,2024-01-21 14:00:00+00:00,2023,frozen_dc,1,0.3252318082865316,0.2799575300900225,0.3948106616234458,0.4482456140350877,0.2350877192982456,0.3166666666666666,2023-08-11T00:00:00+00:00,3420,2023-05-28T15:30:00+00:00,False
ENG_PL::22102,2024-01-21 16:30:00+00:00,2023,frozen_dc,2,0.1903906824710914,0.2047664011566173,0.6048429163722914,0.4482456140350877,0.2350877192982456,0.3166666666666666,2023-08-11T00:00:00+00:00,3420,2023-05-28T15:30:00+00:00,False
ENG_PL::22095,2024-01-22 19:45:00+00:00,2023,frozen_dc,1,0.6858576839307581,0.1955029545529362,0.1186393615163055,0.4482456140350877,0.2350877192982456,0.3166666666666666,2023-08-11T00:00:00+00:00,3420,2023-05-28T15:30:00+00:00,False
ENG_PL::22108,2024-01-30 19:30:00+00:00,2023,frozen_dc,2,0.1839145904458582,0.2323181953468394,0.5837672142073024,0.4482456140350877,0.2350877192982456,0.3166666666666666,2023-08-11T00:00:00+00:00,3420,2023-05-28T15:30:00+00:00,False
ENG_PL::22106,2024-01-30 19:45:00+00:00,2023,frozen_dc,1,0.3962486938692049,0.2618694410482144,0.3418818650825805,0.4482456140350877,0.2350877192982456,0.3166666666666666,2023-08-11T00:00:00+00:00,3420,2023-05-28T15:30:00+00:00,False
ENG_PL::22107,2024-01-30 19:45:00+00:00,2023,frozen_dc,0,0.3064080964150617,0.253735811375649,0.439856092209289,0.4482456140350877,0.2350877192982456,0.3166666666666666,2023-08-11T00:00:00+00:00,3420,2023-05-28T15:30:00+00:00,True
ENG_PL::22112,2024-01-30 20:00:00+00:00,2023,frozen_dc,0,0.4846418583835187,0.2915383018987691,0.2238198397177122,0.4482456140350877,0.2350877192982456,0.3166666666666666,2023-08-11T00:00:00+00:00,3420,2023-05-28T15:30:00+00:00,False
ENG_PL::22105,2024-01-30 20:15:00+00:00,2023,frozen_dc,2,0.3267463170011171,0.2699129748911829,0.4033407081076996,0.4482456140350877,0.2350877192982456,0.3166666666666666,2023-08-11T00:00:00+00:00,3420,2023-05-28T15:30:00+00:00,False
ENG_PL::22109,2024-01-31 19:30:00+00:00,2023,frozen_dc,0,0.4621847497647123,0.2597406206392966,0.278074629595991,0.4482456140350877,0.2350877192982456,0.3166666666666666,2023-08-11T00:00:00+00:00,3420,2023-05-28T15:30:00+00:00,False
ENG_PL::22114,2024-01-31 19:30:00+00:00,2023,frozen_dc,0,0.7785917477903537,0.1518950633903929,0.0695131888192535,0.4482456140350877,0.2350877192982456,0.3166666666666666,2023-08-11T00:00:00+00:00,3420,2023-05-28T15:30:00+00:00,False
ENG_PL::22113,2024-01-31 20:15:00+00:00,2023,frozen_dc,0,0.5693200105721468,0.2176410266881896,0.2130389627396635,0.4482456140350877,0.2350877192982456,0.3166666666666666,2023-08-11T00:00:00+00:00,3420,2023-05-28T15:30:00+00:00,False
ENG_PL::22110,2024-02-01 19:30:00+00:00,2023,frozen_dc,1,0.5285747804013892,0.2460555801500798,0.2253696394485311,0.4482456140350877,0.2350877192982456,0.3166666666666666,2023-08-11T00:00:00+00:00,3420,2023-05-28T15:30:00+00:00,False
ENG_PL::22111,2024-02-01 20:15:00+00:00,2023,frozen_dc,2,0.2193543370732052,0.2460740980478237,0.534571564878971,0.4482456140350877,0.2350877192982456,0.3166666666666666,2023-08-11T00:00:00+00:00,3420,2023-05-28T15:30:00+00:00,False
ENG_PL::22121,2024-02-03 12:30:00+00:00,2023,frozen_dc,1,0.30933751670659,0.2556377938418464,0.4350246894515634,0.4482456140350877,0.2350877192982456,0.3166666666666666,2023-08-11T00:00:00+00:00,3420,2023-05-28T15:30:00+00:00,False
ENG_PL::22118,2024-02-03 15:00:00+00:00,2023,frozen_dc,0,0.5750260502614672,0.245433144147719,0.1795408055908137,0.4482456140350877,0.2350877192982456,0.3166666666666666,2023-08-11T00:00:00+00:00,3420,2023-05-28T15:30:00+00:00,False
ENG_PL::22119,2024-02-03 15:00:00+00:00,2023,frozen_dc,1,0.458439715160179,0.2710236126128281,0.2705366722269928,0.4482456140350877,0.2350877192982456,0.3166666666666666,2023-08-11T00:00:00+00:00,3420,2023-05-28T15:30:00+00:00,False
ENG_PL::22123,2024-02-03 15:00:00+00:00,2023,frozen_dc,1,0.581446652141907,0.2279736754363416,0.1905796724217511,0.4482456140350877,0.2350877192982456,0.3166666666666666,2023-08-11T00:00:00+00:00,3420,2023-05-28T15:30:00+00:00,True
ENG_PL::22124,2024-02-03 17:30:00+00:00,2023,frozen_dc,2,0.3069481245663963,0.286534340374213,0.4065175350593905,0.4482456140350877,0.2350877192982456,0.3166666666666666,2023-08-11T00:00:00+00:00,3420,2023-05-28T15:30:00+00:00,False
ENG_PL::22122,2024-02-04 14:00:00+00:00,2023,frozen_dc,0,0.5724457616282693,0.2230310526498112,0.2045231857219193,0.4482456140350877,0.2350877192982456,0.3166666666666666,2023-08-11T00:00:00+00:00,3420,2023-05-28T15:30:00+00:00,False
ENG_PL::22120,2024-02-04 14:00:00+00:00,2023,frozen_dc,2,0.619325998504394,0.2320240240260674,0.1486499774695386,0.4482456140350877,0.2350877192982456,0.3166666666666666,2023-08-11T00:00:00+00:00,3420,2023-05-28T15:30:00+00:00,False
ENG_PL::22115,2024-02-04 14:00:00+00:00,2023,frozen_dc,1,0.4759250080858215,0.2661643336854981,0.2579106582286802,0.4482456140350877,0.2350877192982456,0.3166666666666666,2023-08-11T00:00:00+00:00,3420,2023-05-28T15:30:00+00:00,False
ENG_PL::22116,2024-02-04 16:30:00+00:00,2023,frozen_dc,0,0.4267169545345338,0.2329467770801042,0.3403362683853618,0.4482456140350877,0.2350877192982456,0.3166666666666666,2023-08-11T00:00:00+00:00,3420,2023-05-28T15:30:00+00:00,False
ENG_PL::22117,2024-02-05 20:00:00+00:00,2023,frozen_dc,2,0.2084790325123591,0.2467717002183121,0.5447492672693287,0.4482456140350877,0.2350877192982456,0.3166666666666666,2023-08-11T00:00:00+00:00,3420,2023-05-28T15:30:00+00:00,False
ENG_PL::22130,2024-02-10 12:30:00+00:00,2023,frozen_dc,0,0.7925974776922026,0.1383129582295473,0.0690895640782496,0.4482456140350877,0.2350877192982456,0.3166666666666666,2023-08-11T00:00:00+00:00,3420,2023-05-28T15:30:00+00:00,False
ENG_PL::22127,2024-02-10 15:00:00+00:00,2023,frozen_dc,0,0.4258847614680116,0.2643804887133573,0.309734749818631,0.4482456140350877,0.2350877192982456,0.3166666666666666,2023-08-11T00:00:00+00:00,3420,2023-05-28T15:30:00+00:00,False
ENG_PL::22128,2024-02-10 15:00:00+00:00,2023,frozen_dc,0,0.7165906799688031,0.1699924492054532,0.1134168708257438,0.4482456140350877,0.2350877192982456,0.3166666666666666,2023-08-11T00:00:00+00:00,3420,2023-05-28T15:30:00+00:00,False
ENG_PL::22129,2024-02-10 15:00:00+00:00,2023,frozen_dc,2,0.5296844686033848,0.2559001867457224,0.2144153446508928,0.4482456140350877,0.2350877192982456,0.3166666666666666,2023-08-11T00:00:00+00:00,3420,2023-05-28T15:30:00+00:00,True
ENG_PL::22132,2024-02-10 15:00:00+00:00,2023,frozen_dc,0,0.3904406379255175,0.2544775330945596,0.3550818289799229,0.4482456140350877,0.2350877192982456,0.3166666666666666,2023-08-11T00:00:00+00:00,3420,2023-05-28T15:30:00+00:00,False
ENG_PL::22134,2024-02-10 15:00:00+00:00,2023,frozen_dc,2,0.2648860980107861,0.2798998033183205,0.4552140986708931,0.4482456140350877,0.2350877192982456,0.3166666666666666,2023-08-11T00:00:00+00:00,3420,2023-05-28T15:30:00+00:00,False
ENG_PL::22131,2024-02-10 17:30:00+00:00,2023,frozen_dc,2,0.2007281731893739,0.2432944391447147,0.5559773876659114,0.4482456140350877,0.2350877192982456,0.3166666666666666,2023-08-11T00:00:00+00:00,3420,2023-05-28T15:30:00+00:00,False
ENG_PL::22133,2024-02-11 14:00:00+00:00,2023,frozen_dc,2,0.2920233296174426,0.2548450387448004,0.4531316316377569,0.4482456140350877,0.2350877192982456,0.3166666666666666,2023-08-11T00:00:00+00:00,3420,2023-05-28T15:30:00+00:00,False
ENG_PL::22125,2024-02-11 16:30:00+00:00,2023,frozen_dc,2,0.3446694607267498,0.2594469188944334,0.3958836203788167,0.4482456140350877,0.2350877192982456,0.3166666666666666,2023-08-11T00:00:00+00:00,3420,2023-05-28T15:30:00+00:00,False
ENG_PL::22126,2024-02-12 20:00:00+00:00,2023,frozen_dc,2,0.3219696805986555,0.2997002938502868,0.3783300255510575,0.4482456140350877,0.2350877192982456,0.3166666666666666,2023-08-11T00:00:00+00:00,3420,2023-05-28T15:30:00+00:00,False
ENG_PL::22135,2024-02-17 12:30:00+00:00,2023,frozen_dc,2,0.3167750769317882,0.2406276285682573,0.4425972944999544,0.4482456140350877,0.2350877192982456,0.3166666666666666,2023-08-11T00:00:00+00:00,3420,2023-05-28T15:30:00+00:00,False
ENG_PL::22136,2024-02-17 15:00:00+00:00,2023,frozen_dc,2,0.2325917268161501,0.249231448203415,0.5181768249804347,0.4482456140350877,0.2350877192982456,0.3166666666666666,2023-08-11T00:00:00+00:00,3420,2023-05-28T15:30:00+00:00,False
ENG_PL::22138,2024-02-17 15:00:00+00:00,2023,frozen_dc,2,0.3181846827572827,0.2775228170901961,0.404292500152521,0.4482456140350877,0.2350877192982456,0.3166666666666666,2023-08-11T00:00:00+00:00,3420,2023-05-28T15:30:00+00:00,False
ENG_PL::22141,2024-02-17 15:00:00+00:00,2023,frozen_dc,1,0.6701792752268605,0.1938900755553158,0.1359306492178238,0.4482456140350877,0.2350877192982456,0.3166666666666666,2023-08-11T00:00:00+00:00,3420,2023-05-28T15:30:00+00:00,False
ENG_PL::22142,2024-02-17 15:00:00+00:00,2023,frozen_dc,0,0.3018471619059906,0.2786808630753752,0.4194719750186342,0.4482456140350877,0.2350877192982456,0.3166666666666666,2023-08-11T00:00:00+00:00,3420,2023-05-28T15:30:00+00:00,False
ENG_PL::22144,2024-02-17 15:00:00+00:00,2023,frozen_dc,2,0.6209759531837717,0.2289444012211083,0.15007964559512,0.4482456140350877,0.2350877192982456,0.3166666666666666,2023-08-11T00:00:00+00:00,3420,2023-05-28T15:30:00+00:00,False
ENG_PL::22140,2024-02-17 17:30:00+00:00,2023,frozen_dc,1,0.6575227753102388,0.2075704486147282,0.1349067760750329,0.4482456140350877,0.2350877192982456,0.3166666666666666,2023-08-11T00:00:00+00:00,3420,2023-05-28T15:30:00+00:00,False
ENG_PL::22143,2024-02-18 14:00:00+00:00,2023,frozen_dc,2,0.2178019240729284,0.2427806073910632,0.5394174685360085,0.4482456140350877,0.2350877192982456,0.3166666666666666,2023-08-11T00:00:00+00:00,3420,2023-05-28T15:30:00+00:00,False
ENG_PL::22139,2024-02-18 16:30:00+00:00,2023,frozen_dc,2,0.3244205775077671,0.250225487928858,0.4253539345633748,0.4482456140350877,0.2350877192982456,0.3166666666666666,2023-08-11T00:00:00+00:00,3420,2023-05-28T15:30:00+00:00,True
ENG_PL::22137,2024-02-19 20:00:00+00:00,2023,frozen_dc,1,0.3887156058550458,0.289160454325797,0.3221239398191571,0.4482456140350877,0.2350877192982456,0.3166666666666666,2023-08-11T00:00:00+00:00,3420,2023-05-28T15:30:00+00:00,False
ENG_PL::22074,2024-02-20 19:30:00+00:00,2023,frozen_dc,0,0.6849200889982168,0.1953586367136929,0.1197212742880903,0.4482456140350877,0.2350877192982456,0.3166666666666666,2023-08-11T00:00:00+00:00,3420,2023-05-28T15:30:00+00:00,False
ENG_PL::22151,2024-02-21 19:30:00+00:00,2023,frozen_dc,0,0.6644667765604636,0.1869186412224839,0.1486145822170524,0.4482456140350877,0.2350877192982456,0.3166666666666666,2023-08-11T00:00:00+00:00,3420,2023-05-28T15:30:00+00:00,True
ENG_PL::22150,2024-02-24 15:00:00+00:00,2023,frozen_dc,0,0.449442094388288,0.2984119010668484,0.2521460045448636,0.4482456140350877,0.2350877192982456,0.3166666666666666,2023-08-11T00:00:00+00:00,3420,2023-05-28T15:30:00+00:00,False
ENG_PL::22152,2024-02-24 15:00:00+00:00,2023,frozen_dc,2,0.6767611177893698,0.1872750963868841,0.1359637858237461,0.4482456140350877,0.2350877192982456,0.3166666666666666,2023-08-11T00:00:00+00:00,3420,2023-05-28T15:30:00+00:00,False
ENG_PL::22147,2024-02-24 15:00:00+00:00,2023,frozen_dc,0,0.5685447602658571,0.2509035462560617,0.1805516934780811,0.4482456140350877,0.2350877192982456,0.3166666666666666,2023-08-11T00:00:00+00:00,3420,2023-05-28T15:30:00+00:00,False
ENG_PL::22148,2024-02-24 15:00:00+00:00,2023,frozen_dc,1,0.6544997832922089,0.1939086410971517,0.1515915756106393,0.4482456140350877,0.2350877192982456,0.3166666666666666,2023-08-11T00:00:00+00:00,3420,2023-05-28T15:30:00+00:00,False
ENG_PL::22145,2024-02-24 17:30:00+00:00,2023,frozen_dc,2,0.1188722241881372,0.1912970152641982,0.6898307605476646,0.4482456140350877,0.2350877192982456,0.3166666666666666,2023-08-11T00:00:00+00:00,3420,2023-05-28T15:30:00+00:00,False
ENG_PL::22146,2024-02-24 20:00:00+00:00,2023,frozen_dc,0,0.4736968999461395,0.2449826148288948,0.2813204852249655,0.4482456140350877,0.2350877192982456,0.3166666666666666,2023-08-11T00:00:00+00:00,3420,2023-05-28T15:30:00+00:00,False
ENG_PL::22154,2024-02-25 13:30:00+00:00,2023,frozen_dc,0,0.3998457726614401,0.2972318057531261,0.3029224215854336,0.4482456140350877,0.2350877192982456,0.3166666666666666,2023-08-11T00:00:00+00:00,3420,2023-05-28T15:30:00+00:00,False
ENG_PL::22153,2024-02-26 20:00:00+00:00,2023,frozen_dc,0,0.3812567629658694,0.2710027835744918,0.3477404534596386,0.4482456140350877,0.2350877192982456,0.3166666666666666,2023-08-11T00:00:00+00:00,3420,2023-05-28T15:30:00+00:00,False
ENG_PL::22164,2024-03-02 15:00:00+00:00,2023,frozen_dc,0,0.5109625977100049,0.2732476166459503,0.215789785644045,0.4482456140350877,0.2350877192982456,0.3166666666666666,2023-08-11T00:00:00+00:00,3420,2023-05-28T15:30:00+00:00,False
ENG_PL::22162,2024-03-02 15:00:00+00:00,2023,frozen_dc,2,0.1596686204007381,0.2026605615156531,0.6376708180836087,0.4482456140350877,0.2350877192982456,0.3166666666666666,2023-08-11T00:00:00+00:00,3420,2023-05-28T15:30:00+00:00,False
ENG_PL::22161,2024-03-02 15:00:00+00:00,2023,frozen_dc,0,0.6749243738559244,0.2035429167911942,0.1215327093528813,0.4482456140350877,0.2350877192982456,0.3166666666666666,2023-08-11T00:00:00+00:00,3420,2023-05-28T15:30:00+00:00,False
ENG_PL::22157,2024-03-02 15:00:00+00:00,2023,frozen_dc,2,0.3836669887486137,0.2624727311561522,0.3538602800952339,0.4482456140350877,0.2350877192982456,0.3166666666666666,2023-08-11T00:00:00+00:00,3420,2023-05-28T15:30:00+00:00,False
ENG_PL::22155,2024-03-02 15:00:00+00:00,2023,frozen_dc,1,0.4064079221600322,0.2697810455017024,0.3238110323382656,0.4482456140350877,0.2350877192982456,0.3166666666666666,2023-08-11T00:00:00+00:00,3420,2023-05-28T15:30:00+00:00,False
ENG_PL::22158,2024-03-02 15:00:00+00:00,2023,frozen_dc,0,0.2247495055957001,0.2357386052979033,0.5395118891063964,0.4482456140350877,0.2350877192982456,0.3166666666666666,2023-08-11T00:00:00+00:00,3420,2023-05-28T15:30:00+00:00,False
ENG_PL::22159,2024-03-02 17:30:00+00:00,2023,frozen_dc,2,0.4057147726121766,0.2770573081338088,0.3172279192540147,0.4482456140350877,0.2350877192982456,0.3166666666666666,2023-08-11T00:00:00+00:00,3420,2023-05-28T15:30:00+00:00,True
ENG_PL::22156,2024-03-03 13:00:00+00:00,2023,frozen_dc,2,0.4507110781353197,0.2685914466918266,0.2806974751728538,0.4482456140350877,0.2350877192982456,0.3166666666666666,2023-08-11T00:00:00+00:00,3420,2023-05-28T15:30:00+00:00,False
ENG_PL::22160,2024-03-03 15:30:00+00:00,2023,frozen_dc,0,0.6507355937098247,0.1990266224962982,0.1502377837938772,0.4482456140350877,0.2350877192982456,0.3166666666666666,2023-08-11T00:00:00+00:00,3420,2023-05-28T15:30:00+00:00,False
ENG_PL::22163,2024-03-04 20:00:00+00:00,2023,frozen_dc,2,0.2024456125187687,0.239623982817808,0.5579304046634233,0.4482456140350877,0.2350877192982456,0.3166666666666666,2023-08-11T00:00:00+00:00,3420,2023-05-28T15:30:00+00:00,False
ENG_PL::22172,2024-03-09 12:30:00+00:00,2023,frozen_dc,0,0.6433284585088896,0.1947535197932313,0.161918021697879,0.4482456140350877,0.2350877192982456,0.3166666666666666,2023-08-11T00:00:00+00:00,3420,2023-05-28T15:30:00+00:00,False
ENG_PL::22174,2024-03-09 15:00:00+00:00,2023,frozen_dc,0,0.3980674081343358,0.2878497987811042,0.3140827930845601,0.4482456140350877,0.2350877192982456,0.3166666666666666,2023-08-11T00:00:00+00:00,3420,2023-05-28T15:30:00+00:00,False
ENG_PL::22170,2024-03-09 15:00:00+00:00,2023,frozen_dc,1,0.3989337349337526,0.2974268520892013,0.303639412977046,0.4482456140350877,0.2350877192982456,0.3166666666666666,2023-08-11T00:00:00+00:00,3420,2023-05-28T15:30:00+00:00,True
ENG_PL::22165,2024-03-09 15:00:00+00:00,2023,frozen_dc,1,0.4503921232997069,0.2697674249364309,0.2798404517638622,0.4482456140350877,0.2350877192982456,0.3166666666666666,2023-08-11T00:00:00+00:00,3420,2023-05-28T15:30:00+00:00,False
ENG_PL::22166,2024-03-09 17:30:00+00:00,2023,frozen_dc,0,0.5474632493167596,0.2353602874946992,0.2171764631885412,0.4482456140350877,0.2350877192982456,0.3166666666666666,2023-08-11T00:00:00+00:00,3420,2023-05-28T15:30:00+00:00,False
ENG_PL::22167,2024-03-10 13:00:00+00:00,2023,frozen_dc,2,0.3723363836378736,0.2756793269207686,0.3519842894413578,0.4482456140350877,0.2350877192982456,0.3166666666666666,2023-08-11T00:00:00+00:00,3420,2023-05-28T15:30:00+00:00,False
ENG_PL::22168,2024-03-10 14:00:00+00:00,2023,frozen_dc,0,0.7062072390855223,0.1826221986430402,0.1111705622714376,0.4482456140350877,0.2350877192982456,0.3166666666666666,2023-08-11T00:00:00+00:00,3420,2023-05-28T15:30:00+00:00,False
ENG_PL::22173,2024-03-10 14:00:00+00:00,2023,frozen_dc,1,0.496513772096594,0.2635797815896359,0.23990644631377,0.4482456140350877,0.2350877192982456,0.3166666666666666,2023-08-11T00:00:00+00:00,3420,2023-05-28T15:30:00+00:00,False
ENG_PL::22171,2024-03-10 15:45:00+00:00,2023,frozen_dc,1,0.3239828539405624,0.2446156767372549,0.4314014693221827,0.4482456140350877,0.2350877192982456,0.3166666666666666,2023-08-11T00:00:00+00:00,3420,2023-05-28T15:30:00+00:00,False
ENG_PL::22169,2024-03-11 20:00:00+00:00,2023,frozen_dc,0,0.3916654268085777,0.2634915159409813,0.3448430572504407,0.4482456140350877,0.2350877192982456,0.3166666666666666,2023-08-11T00:00:00+00:00,3420,2023-05-28T15:30:00+00:00,False
ENG_PL::25861,2024-03-13 19:30:00+00:00,2023,frozen_dc,0,0.3552551642197994,0.2670611649652092,0.3776836708149912,0.4482456140350877,0.2350877192982456,0.3166666666666666,2023-08-11T00:00:00+00:00,3420,2023-05-28T15:30:00+00:00,True
ENG_PL::22177,2024-03-16 15:00:00+00:00,2023,frozen_dc,0,0.3135953165841392,0.2770495103885887,0.4093551730272721,0.4482456140350877,0.2350877192982456,0.3166666666666666,2023-08-11T00:00:00+00:00,3420,2023-05-28T15:30:00+00:00,False
ENG_PL::22181,2024-03-16 15:00:00+00:00,2023,frozen_dc,1,0.5548922392036242,0.2493022799736972,0.1958054808226785,0.4482456140350877,0.2350877192982456,0.3166666666666666,2023-08-11T00:00:00+00:00,3420,2023-05-28T15:30:00+00:00,True
ENG_PL::22180,2024-03-16 17:30:00+00:00,2023,frozen_dc,0,0.2685231788878163,0.2582593729902148,0.4732174481219688,0.4482456140350877,0.2350877192982456,0.3166666666666666,2023-08-11T00:00:00+00:00,3420,2023-05-28T15:30:00+00:00,False
ENG_PL::22183,2024-03-17 14:00:00+00:00,2023,frozen_dc,1,0.411055769049784,0.2770658551488978,0.311878375801318,0.4482456140350877,0.2350877192982456,0.3166666666666666,2023-08-11T00:00:00+00:00,3420,2023-05-28T15:30:00+00:00,False
ENG_PL::22191,2024-03-30 12:30:00+00:00,2023,frozen_dc,0,0.5747906234574371,0.2303581504007397,0.194851226141823,0.4482456140350877,0.2350877192982456,0.3166666666666666,2023-08-11T00:00:00+00:00,3420,2023-05-28T15:30:00+00:00,False
ENG_PL::22188,2024-03-30 15:00:00+00:00,2023,frozen_dc,1,0.5779336952810142,0.2407721741863653,0.1812941305326203,0.4482456140350877,0.2350877192982456,0.3166666666666666,2023-08-11T00:00:00+00:00,3420,2023-05-28T15:30:00+00:00,False
ENG_PL::22185,2024-03-30 15:00:00+00:00,2023,frozen_dc,0,0.4100629439377222,0.257306925028494,0.3326301310337839,0.4482456140350877,0.2350877192982456,0.3166666666666666,2023-08-11T00:00:00+00:00,3420,2023-05-28T15:30:00+00:00,False
ENG_PL::22192,2024-03-30 15:00:00+00:00,2023,frozen_dc,1,0.3098157784734131,0.3104070060106861,0.3797772155159008,0.4482456140350877,0.2350877192982456,0.3166666666666666,2023-08-11T00:00:00+00:00,3420,2023-05-28T15:30:00+00:00,False
ENG_PL::22194,2024-03-30 15:00:00+00:00,2023,frozen_dc,0,0.5237589889238619,0.2473059901349968,0.2289350209411414,0.4482456140350877,0.2350877192982456,0.3166666666666666,2023-08-11T00:00:00+00:00,3420,2023-05-28T15:30:00+00:00,True
ENG_PL::22193,2024-03-30 15:00:00+00:00,2023,frozen_dc,1,0.4184185063056234,0.2777618818412221,0.3038196118531544,0.4482456140350877,0.2350877192982456,0.3166666666666666,2023-08-11T00:00:00+00:00,3420,2023-05-28T15:30:00+00:00,False
ENG_PL::22186,2024-03-30 17:30:00+00:00,2023,frozen_dc,0,0.5491376207879651,0.2629340239014165,0.187928355310618,0.4482456140350877,0.2350877192982456,0.3166666666666666,2023-08-11T00:00:00+00:00,3420,2023-05-28T15:30:00+00:00,False
ENG_PL::22187,2024-03-30 20:00:00+00:00,2023,frozen_dc,1,0.3843331129360113,0.2522882002377354,0.3633786868262532,0.4482456140350877,0.2350877192982456,0.3166666666666666,2023-08-11T00:00:00+00:00,3420,2023-05-28T15:30:00+00:00,False
ENG_PL::22189,2024-03-31 13:00:00+00:00,2023,frozen_dc,0,0.5259536553831085,0.2176998618586845,0.2563464827582069,0.4482456140350877,0.2350877192982456,0.3166666666666666,2023-08-11T00:00:00+00:00,3420,2023-05-28T15:30:00+00:00,False
ENG_PL::22190,2024-03-31 15:30:00+00:00,2023,frozen_dc,1,0.6015477366069569,0.2215838287595468,0.1768684346334961,0.4482456140350877,0.2350877192982456,0.3166666666666666,2023-08-11T00:00:00+00:00,3420,2023-05-28T15:30:00+00:00,False
ENG_PL::22202,2024-04-02 18:30:00+00:00,2023,frozen_dc,1,0.6440377287993475,0.2011305405025089,0.1548317306981433,0.4482456140350877,0.2350877192982456,0.3166666666666666,2023-08-11T00:00:00+00:00,3420,2023-05-28T15:30:00+00:00,False
ENG_PL::22198,2024-04-02 18:30:00+00:00,2023,frozen_dc,0,0.3924968030183983,0.2809042874498125,0.3265989095317893,0.4482456140350877,0.2350877192982456,0.3166666666666666,2023-08-11T00:00:00+00:00,3420,2023-05-28T15:30:00+00:00,False
ENG_PL::22197,2024-04-02 18:45:00+00:00,2023,frozen_dc,1,0.4661895676852315,0.2856695504987849,0.2481408818159833,0.4482456140350877,0.2350877192982456,0.3166666666666666,2023-08-11T00:00:00+00:00,3420,2023-05-28T15:30:00+00:00,False
ENG_PL::22195,2024-04-02 18:45:00+00:00,2023,frozen_dc,0,0.3562145213085441,0.2957943094965268,0.347991169194929,0.4482456140350877,0.2350877192982456,0.3166666666666666,2023-08-11T00:00:00+00:00,3420,2023-05-28T15:30:00+00:00,False
ENG_PL::22199,2024-04-02 19:15:00+00:00,2023,frozen_dc,1,0.3591629752216195,0.2681780354410804,0.3726589893373001,0.4482456140350877,0.2350877192982456,0.3166666666666666,2023-08-11T00:00:00+00:00,3420,2023-05-28T15:30:00+00:00,False
ENG_PL::22196,2024-04-03 18:30:00+00:00,2023,frozen_dc,0,0.6098145547609429,0.2166071057805711,0.1735783394584859,0.4482456140350877,0.2350877192982456,0.3166666666666666,2023-08-11T00:00:00+00:00,3420,2023-05-28T15:30:00+00:00,True
ENG_PL::22200,2024-04-03 18:30:00+00:00,2023,frozen_dc,1,0.3640738792181151,0.2576055571316768,0.3783205636502078,0.4482456140350877,0.2350877192982456,0.3166666666666666,2023-08-11T00:00:00+00:00,3420,2023-05-28T15:30:00+00:00,False
ENG_PL::22204,2024-04-03 19:15:00+00:00,2023,frozen_dc,0,0.7062732550779786,0.1894992507933958,0.1042274941286256,0.4482456140350877,0.2350877192982456,0.3166666666666666,2023-08-11T00:00:00+00:00,3420,2023-05-28T15:30:00+00:00,False
ENG_PL::22203,2024-04-04 18:30:00+00:00,2023,frozen_dc,0,0.751771795425757,0.1543711625175681,0.093857042056675,0.4482456140350877,0.2350877192982456,0.3166666666666666,2023-08-11T00:00:00+00:00,3420,2023-05-28T15:30:00+00:00,False
ENG_PL::22201,2024-04-04 19:15:00+00:00,2023,frozen_dc,0,0.4131714132455445,0.2516964834314775,0.335132103322978,0.4482456140350877,0.2350877192982456,0.3166666666666666,2023-08-11T00:00:00+00:00,3420,2023-05-28T15:30:00+00:00,False
ENG_PL::22207,2024-04-06 11:30:00+00:00,2023,frozen_dc,2,0.1609310667858694,0.2540152259039389,0.5850537073101917,0.4482456140350877,0.2350877192982456,0.3166666666666666,2023-08-11T00:00:00+00:00,3420,2023-05-28T15:30:00+00:00,False
ENG_PL::22205,2024-04-06 14:00:00+00:00,2023,frozen_dc,1,0.393925157551561,0.2778538047994977,0.3282210376489413,0.4482456140350877,0.2350877192982456,0.3166666666666666,2023-08-11T00:00:00+00:00,3420,2023-05-28T15:30:00+00:00,False
ENG_PL::22208,2024-04-06 14:00:00+00:00,2023,frozen_dc,0,0.4481412183625754,0.2643508764986607,0.287507905138764,0.4482456140350877,0.2350877192982456,0.3166666666666666,2023-08-11T00:00:00+00:00,3420,2023-05-28T15:30:00+00:00,False
ENG_PL::22209,2024-04-06 14:00:00+00:00,2023,frozen_dc,2,0.2271317129382637,0.2424984815132828,0.5303698055484534,0.4482456140350877,0.2350877192982456,0.3166666666666666,2023-08-11T00:00:00+00:00,3420,2023-05-28T15:30:00+00:00,False
ENG_PL::22210,2024-04-06 14:00:00+00:00,2023,frozen_dc,0,0.5229876276405131,0.247050408794885,0.2299619635646019,0.4482456140350877,0.2350877192982456,0.3166666666666666,2023-08-11T00:00:00+00:00,3420,2023-05-28T15:30:00+00:00,True
ENG_PL::22214,2024-04-06 14:00:00+00:00,2023,frozen_dc,2,0.3088032985040701,0.2874914074054613,0.4037052940904685,0.4482456140350877,0.2350877192982456,0.3166666666666666,2023-08-11T00:00:00+00:00,3420,2023-05-28T15:30:00+00:00,False
ENG_PL::22206,2024-04-06 16:30:00+00:00,2023,frozen_dc,2,0.4299248337292587,0.2452729815125681,0.3248021847581732,0.4482456140350877,0.2350877192982456,0.3166666666666666,2023-08-11T00:00:00+00:00,3420,2023-05-28T15:30:00+00:00,False
ENG_PL::22211,2024-04-07 14:30:00+00:00,2023,frozen_dc,1,0.3878290224996525,0.2273856287307646,0.3847853487695827,0.4482456140350877,0.2350877192982456,0.3166666666666666,2023-08-11T00:00:00+00:00,3420,2023-05-28T15:30:00+00:00,False
ENG_PL::22212,2024-04-07 16:30:00+00:00,2023,frozen_dc,1,0.2561734508082851,0.2694518953874425,0.4743746538042723,0.4482456140350877,0.2350877192982456,0.3166666666666666,2023-08-11T00:00:00+00:00,3420,2023-05-28T15:30:00+00:00,False
ENG_PL::22213,2024-04-07 17:00:00+00:00,2023,frozen_dc,0,0.6412407826537574,0.2162919024182179,0.1424673149280248,0.4482456140350877,0.2350877192982456,0.3166666666666666,2023-08-11T00:00:00+00:00,3420,2023-05-28T15:30:00+00:00,False
ENG_PL::22222,2024-04-13 11:30:00+00:00,2023,frozen_dc,0,0.4962223310262202,0.247327022277701,0.2564506466960787,0.4482456140350877,0.2350877192982456,0.3166666666666666,2023-08-11T00:00:00+00:00,3420,2023-05-28T15:30:00+00:00,False
ENG_PL::22217,2024-04-13 14:00:00+00:00,2023,frozen_dc,0,0.5889528797257947,0.2374011728836526,0.1736459473905523,0.4482456140350877,0.2350877192982456,0.3166666666666666,2023-08-11T00:00:00+00:00,3420,2023-05-28T15:30:00+00:00,False
ENG_PL::22218,2024-04-13 14:00:00+00:00,2023,frozen_dc,1,0.2494604159458284,0.2513280792813609,0.4992115047728104,0.4482456140350877,0.2350877192982456,0.3166666666666666,2023-08-11T00:00:00+00:00,3420,2023-05-28T15:30:00+00:00,False
ENG_PL::22223,2024-04-13 14:00:00+00:00,2023,frozen_dc,1,0.4030065452913221,0.2978760614210561,0.2991173932876216,0.4482456140350877,0.2350877192982456,0.3166666666666666,2023-08-11T00:00:00+00:00,3420,2023-05-28T15:30:00+00:00,False
ENG_PL::22221,2024-04-13 14:00:00+00:00,2023,frozen_dc,0,0.7384867624091745,0.1699487084802535,0.0915645291105719,0.4482456140350877,0.2350877192982456,0.3166666666666666,2023-08-11T00:00:00+00:00,3420,2023-05-28T15:30:00+00:00,True
ENG_PL::22215,2024-04-13 16:30:00+00:00,2023,frozen_dc,1,0.2485330134242087,0.233365398427273,0.5181015881485183,0.4482456140350877,0.2350877192982456,0.3166666666666666,2023-08-11T00:00:00+00:00,3420,2023-05-28T15:30:00+00:00,False
ENG_PL::22220,2024-04-14 13:00:00+00:00,2023,frozen_dc,2,0.6453888853188483,0.2098018071104174,0.1448093075707341,0.4482456140350877,0.2350877192982456,0.3166666666666666,2023-08-11T00:00:00+00:00,3420,2023-05-28T15:30:00+00:00,False
ENG_PL::22224,2024-04-14 13:00:00+00:00,2023,frozen_dc,2,0.535843007095033,0.2473203907123859,0.216836602192581,0.4482456140350877,0.2350877192982456,0.3166666666666666,2023-08-11T00:00:00+00:00,3420,2023-05-28T15:30:00+00:00,False
ENG_PL::22216,2024-04-14 15:30:00+00:00,2023,frozen_dc,2,0.5759564112426997,0.233019024017427,0.1910245647398733,0.4482456140350877,0.2350877192982456,0.3166666666666666,2023-08-11T00:00:00+00:00,3420,2023-05-28T15:30:00+00:00,False
ENG_PL::22219,2024-04-15 19:00:00+00:00,2023,frozen_dc,0,0.5851293658501281,0.2264097564280341,0.1884608777218379,0.4482456140350877,0.2350877192982456,0.3166666666666666,2023-08-11T00:00:00+00:00,3420,2023-05-28T15:30:00+00:00,False
ENG_PL::22232,2024-04-20 14:00:00+00:00,2023,frozen_dc,2,0.3838716618249546,0.2886654486076302,0.327462889567415,0.4482456140350877,0.2350877192982456,0.3166666666666666,2023-08-11T00:00:00+00:00,3420,2023-05-28T15:30:00+00:00,False
ENG_PL::22230,2024-04-20 14:00:00+00:00,2023,frozen_dc,2,0.3758362658710794,0.2706591481581998,0.3535045859707206,0.4482456140350877,0.2350877192982456,0.3166666666666666,2023-08-11T00:00:00+00:00,3420,2023-05-28T15:30:00+00:00,True
ENG_PL::22234,2024-04-20 18:30:00+00:00,2023,frozen_dc,2,0.1921091919585168,0.2438248939152495,0.5640659141262336,0.4482456140350877,0.2350877192982456,0.3166666666666666,2023-08-11T00:00:00+00:00,3420,2023-05-28T15:30:00+00:00,False
ENG_PL::22228,2024-04-21 12:30:00+00:00,2023,frozen_dc,0,0.513718498946485,0.2536653254060354,0.2326161756474795,0.4482456140350877,0.2350877192982456,0.3166666666666666,2023-08-11T00:00:00+00:00,3420,2023-05-28T15:30:00+00:00,False
ENG_PL::22225,2024-04-21 14:00:00+00:00,2023,frozen_dc,0,0.538838731591974,0.2492094074842146,0.2119518609238113,0.4482456140350877,0.2350877192982456,0.3166666666666666,2023-08-11T00:00:00+00:00,3420,2023-05-28T15:30:00+00:00,False
ENG_PL::22227,2024-04-21 14:00:00+00:00,2023,frozen_dc,0,0.3932737738075171,0.2984650834647431,0.3082611427277398,0.4482456140350877,0.2350877192982456,0.3166666666666666,2023-08-11T00:00:00+00:00,3420,2023-05-28T15:30:00+00:00,False
ENG_PL::22229,2024-04-21 15:30:00+00:00,2023,frozen_dc,2,0.1826231713174196,0.2049684359959936,0.6124083926865866,0.4482456140350877,0.2350877192982456,0.3166666666666666,2023-08-11T00:00:00+00:00,3420,2023-05-28T15:30:00+00:00,False
ENG_PL::22175,2024-04-23 19:00:00+00:00,2023,frozen_dc,0,0.5171282704138908,0.2433117022665279,0.2395600273195814,0.4482456140350877,0.2350877192982456,0.3166666666666666,2023-08-11T00:00:00+00:00,3420,2023-05-28T15:30:00+00:00,False
ENG_PL::22184,2024-04-24 18:45:00+00:00,2023,frozen_dc,2,0.3903208807583034,0.2843082308990811,0.3253708883426154,0.4482456140350877,0.2350877192982456,0.3166666666666666,2023-08-11T00:00:00+00:00,3420,2023-05-28T15:30:00+00:00,False
ENG_PL::22182,2024-04-24 19:00:00+00:00,2023,frozen_dc,0,0.673533163137684,0.1935107940529837,0.1329560428093322,0.4482456140350877,0.2350877192982456,0.3166666666666666,2023-08-11T00:00:00+00:00,3420,2023-05-28T15:30:00+00:00,False
ENG_PL::22178,2024-04-24 19:00:00+00:00,2023,frozen_dc,0,0.285807745757338,0.2863865132780035,0.4278057409646585,0.4482456140350877,0.2350877192982456,0.3166666666666666,2023-08-11T00:00:00+00:00,3420,2023-05-28T15:30:00+00:00,False
ENG_PL::22179,2024-04-24 19:00:00+00:00,2023,frozen_dc,0,0.2159362309755468,0.2100674146673617,0.5739963543570913,0.4482456140350877,0.2350877192982456,0.3166666666666666,2023-08-11T00:00:00+00:00,3420,2023-05-28T15:30:00+00:00,False
ENG_PL::22176,2024-04-25 19:00:00+00:00,2023,frozen_dc,2,0.2719414989111137,0.2514332668999005,0.4766252341889855,0.4482456140350877,0.2350877192982456,0.3166666666666666,2023-08-11T00:00:00+00:00,3420,2023-05-28T15:30:00+00:00,False
ENG_PL::22243,2024-04-27 11:30:00+00:00,2023,frozen_dc,1,0.2654932653107913,0.23268358575175,0.5018231489374586,0.4482456140350877,0.2350877192982456,0.3166666666666666,2023-08-11T00:00:00+00:00,3420,2023-05-28T15:30:00+00:00,False
ENG_PL::22238,2024-04-27 14:00:00+00:00,2023,frozen_dc,1,0.3442638749118047,0.3002254084958841,0.3555107165923109,0.4482456140350877,0.2350877192982456,0.3166666666666666,2023-08-11T00:00:00+00:00,3420,2023-05-28T15:30:00+00:00,False
ENG_PL::22239,2024-04-27 14:00:00+00:00,2023,frozen_dc,1,0.6354173765822481,0.207665030808317,0.1569175926094351,0.4482456140350877,0.2350877192982456,0.3166666666666666,2023-08-11T00:00:00+00:00,3420,2023-05-28T15:30:00+00:00,False
ENG_PL::22240,2024-04-27 14:00:00+00:00,2023,frozen_dc,0,0.6719114666344966,0.2004006754674259,0.1276878578980773,0.4482456140350877,0.2350877192982456,0.3166666666666666,2023-08-11T00:00:00+00:00,3420,2023-05-28T15:30:00+00:00,False
ENG_PL::22244,2024-04-27 14:00:00+00:00,2023,frozen_dc,0,0.3139882333788884,0.2874472550925754,0.398564511528536,0.4482456140350877,0.2350877192982456,0.3166666666666666,2023-08-11T00:00:00+00:00,3420,2023-05-28T15:30:00+00:00,True
ENG_PL::22237,2024-04-27 16:30:00+00:00,2023,frozen_dc,0,0.3314630557877726,0.260812322719649,0.4077246214925784,0.4482456140350877,0.2350877192982456,0.3166666666666666,2023-08-11T00:00:00+00:00,3420,2023-05-28T15:30:00+00:00,False
ENG_PL::22236,2024-04-27 19:00:00+00:00,2023,frozen_dc,1,0.3670028694009668,0.279576003666038,0.3534211269329952,0.4482456140350877,0.2350877192982456,0.3166666666666666,2023-08-11T00:00:00+00:00,3420,2023-05-28T15:30:00+00:00,False
ENG_PL::22235,2024-04-28 13:00:00+00:00,2023,frozen_dc,0,0.2337831375300027,0.2346138870278795,0.5316029754421177,0.4482456140350877,0.2350877192982456,0.3166666666666666,2023-08-11T00:00:00+00:00,3420,2023-05-28T15:30:00+00:00,False
ENG_PL::22241,2024-04-28 13:00:00+00:00,2023,frozen_dc,2,0.3680197787996841,0.2572539031049087,0.374726318095407,0.4482456140350877,0.2350877192982456,0.3166666666666666,2023-08-11T00:00:00+00:00,3420,2023-05-28T15:30:00+00:00,False
ENG_PL::22242,2024-04-28 15:30:00+00:00,2023,frozen_dc,2,0.1001016493673159,0.1879410242103323,0.7119573264223515,0.4482456140350877,0.2350877192982456,0.3166666666666666,2023-08-11T00:00:00+00:00,3420,2023-05-28T15:30:00+00:00,False
ENG_PL::22149,2024-05-02 18:30:00+00:00,2023,frozen_dc,0,0.4401642965640601,0.2635013082133179,0.296334395222622,0.4482456140350877,0.2350877192982456,0.3166666666666666,2023-08-11T00:00:00+00:00,3420,2023-05-28T15:30:00+00:00,False
ENG_PL::22252,2024-05-03 19:00:00+00:00,2023,frozen_dc,1,0.4938461970070562,0.2493508710015419,0.2568029319914018,0.4482456140350877,0.2350877192982456,0.3166666666666666,2023-08-11T00:00:00+00:00,3420,2023-05-28T15:30:00+00:00,True
ENG_PL::22245,2024-05-04 11:30:00+00:00,2023,frozen_dc,0,0.6976101345376237,0.1807793463874429,0.1216105190749334,0.4482456140350877,0.2350877192982456,0.3166666666666666,2023-08-11T00:00:00+00:00,3420,2023-05-28T15:30:00+00:00,False
ENG_PL::22248,2024-05-04 14:00:00+00:00,2023,frozen_dc,2,0.251311458826035,0.2580142394398165,0.4906743017341485,0.4482456140350877,0.2350877192982456,0.3166666666666666,2023-08-11T00:00:00+00:00,3420,2023-05-28T15:30:00+00:00,False
ENG_PL::22254,2024-05-04 14:00:00+00:00,2023,frozen_dc,2,0.4443967911287527,0.2840437163809149,0.2715594924903323,0.4482456140350877,0.2350877192982456,0.3166666666666666,2023-08-11T00:00:00+00:00,3420,2023-05-28T15:30:00+00:00,False
ENG_PL::22246,2024-05-04 14:00:00+00:00,2023,frozen_dc,1,0.5911985436636732,0.2302267029404338,0.1785747533958928,0.4482456140350877,0.2350877192982456,0.3166666666666666,2023-08-11T00:00:00+00:00,3420,2023-05-28T15:30:00+00:00,False
ENG_PL::22253,2024-05-04 16:30:00+00:00,2023,frozen_dc,0,0.8063259548810793,0.1388169989845774,0.0548570461343432,0.4482456140350877,0.2350877192982456,0.3166666666666666,2023-08-11T00:00:00+00:00,3420,2023-05-28T15:30:00+00:00,False
ENG_PL::22247,2024-05-05 13:00:00+00:00,2023,frozen_dc,0,0.5575465342525656,0.2365968912167748,0.2058565745306594,0.4482456140350877,0.2350877192982456,0.3166666666666666,2023-08-11T00:00:00+00:00,3420,2023-05-28T15:30:00+00:00,False
ENG_PL::22249,2024-05-05 13:00:00+00:00,2023,frozen_dc,0,0.5170214435506991,0.2523279122870065,0.2306506441622942,0.4482456140350877,0.2350877192982456,0.3166666666666666,2023-08-11T00:00:00+00:00,3420,2023-05-28T15:30:00+00:00,False
ENG_PL::22251,2024-05-05 15:30:00+00:00,2023,frozen_dc,0,0.5771813569142633,0.213002968187647,0.2098156748980897,0.4482456140350877,0.2350877192982456,0.3166666666666666,2023-08-11T00:00:00+00:00,3420,2023-05-28T15:30:00+00:00,False
ENG_PL::22250,2024-05-06 19:00:00+00:00,2023,frozen_dc,0,0.3012893624284171,0.2758808507497906,0.4228297868217922,0.4482456140350877,0.2350877192982456,0.3166666666666666,2023-08-11T00:00:00+00:00,3420,2023-05-28T15:30:00+00:00,False
ENG_PL::22258,2024-05-11 11:30:00+00:00,2023,frozen_dc,2,0.1142047980989025,0.1912037408538278,0.6945914610472693,0.4482456140350877,0.2350877192982456,0.3166666666666666,2023-08-11T00:00:00+00:00,3420,2023-05-28T15:30:00+00:00,False
ENG_PL::22264,2024-05-11 14:00:00+00:00,2023,frozen_dc,2,0.3151448898230139,0.3195405349529453,0.3653145752240408,0.4482456140350877,0.2350877192982456,0.3166666666666666,2023-08-11T00:00:00+00:00,3420,2023-05-28T15:30:00+00:00,False
ENG_PL::22263,2024-05-11 14:00:00+00:00,2023,frozen_dc,0,0.4402913055278058,0.2662143432075654,0.2934943512646287,0.4482456140350877,0.2350877192982456,0.3166666666666666,2023-08-11T00:00:00+00:00,3420,2023-05-28T15:30:00+00:00,True
ENG_PL::22262,2024-05-11 14:00:00+00:00,2023,frozen_dc,0,0.578948809796912,0.2377639408772568,0.1832872493258313,0.4482456140350877,0.2350877192982456,0.3166666666666666,2023-08-11T00:00:00+00:00,3420,2023-05-28T15:30:00+00:00,False
ENG_PL::22257,2024-05-11 14:00:00+00:00,2023,frozen_dc,0,0.4876649004061063,0.2586360325381879,0.2536990670557055,0.4482456140350877,0.2350877192982456,0.3166666666666666,2023-08-11T00:00:00+00:00,3420,2023-05-28T15:30:00+00:00,False
ENG_PL::22255,2024-05-11 14:00:00+00:00,2023,frozen_dc,2,0.29986277314419,0.2627035048256998,0.4374337220301102,0.4482456140350877,0.2350877192982456,0.3166666666666666,2023-08-11T00:00:00+00:00,3420,2023-05-28T15:30:00+00:00,False
ENG_PL::22260,2024-05-11 14:00:00+00:00,2023,frozen_dc,1,0.4469589737335391,0.2463609013929298,0.3066801248735312,0.4482456140350877,0.2350877192982456,0.3166666666666666,2023-08-11T00:00:00+00:00,3420,2023-05-28T15:30:00+00:00,False
ENG_PL::22261,2024-05-11 16:30:00+00:00,2023,frozen_dc,2,0.2355430830141202,0.2648138019251649,0.4996431150607149,0.4482456140350877,0.2350877192982456,0.3166666666666666,2023-08-11T00:00:00+00:00,3420,2023-05-28T15:30:00+00:00,False
ENG_PL::22259,2024-05-12 15:30:00+00:00,2023,frozen_dc,2,0.4145092653069684,0.2415249873875921,0.3439657473054395,0.4482456140350877,0.2350877192982456,0.3166666666666666,2023-08-11T00:00:00+00:00,3420,2023-05-28T15:30:00+00:00,False
ENG_PL::22256,2024-05-13 19:00:00+00:00,2023,frozen_dc,1,0.2809642067623609,0.2430891425927037,0.4759466506449353,0.4482456140350877,0.2350877192982456,0.3166666666666666,2023-08-11T00:00:00+00:00,3420,2023-05-28T15:30:00+00:00,False
ENG_PL::22233,2024-05-14 19:00:00+00:00,2023,frozen_dc,2,0.2268419084130238,0.250169271790559,0.5229888197964171,0.4482456140350877,0.2350877192982456,0.3166666666666666,2023-08-11T00:00:00+00:00,3420,2023-05-28T15:30:00+00:00,False
ENG_PL::22226,2024-05-15 18:45:00+00:00,2023,frozen_dc,2,0.4975755598460127,0.2453151116799958,0.2571093284739915,0.4482456140350877,0.2350877192982456,0.3166666666666666,2023-08-11T00:00:00+00:00,3420,2023-05-28T15:30:00+00:00,False
ENG_PL::22231,2024-05-15 19:00:00+00:00,2023,frozen_dc,0,0.4383889237282702,0.2424876789928531,0.3191233972788767,0.4482456140350877,0.2350877192982456,0.3166666666666666,2023-08-11T00:00:00+00:00,3420,2023-05-28T15:30:00+00:00,False
ENG_PL::22271,2024-05-19 15:00:00+00:00,2023,frozen_dc,0,0.7540073333958418,0.1565477402298535,0.0894449263743046,0.4482456140350877,0.2350877192982456,0.3166666666666666,2023-08-11T00:00:00+00:00,3420,2023-05-28T15:30:00+00:00,False
ENG_PL::22270,2024-05-19 15:00:00+00:00,2023,frozen_dc,0,0.3723674659238283,0.3080938856901615,0.3195386483860101,0.4482456140350877,0.2350877192982456,0.3166666666666666,2023-08-11T00:00:00+00:00,3420,2023-05-28T15:30:00+00:00,False
ENG_PL::22272,2024-05-19 15:00:00+00:00,2023,frozen_dc,2,0.5303484761024411,0.2483821228849089,0.2212694010126501,0.4482456140350877,0.2350877192982456,0.3166666666666666,2023-08-11T00:00:00+00:00,3420,2023-05-28T15:30:00+00:00,True
ENG_PL::22269,2024-05-19 15:00:00+00:00,2023,frozen_dc,0,0.6123033024329991,0.2207237389552562,0.1669729586117445,0.4482456140350877,0.2350877192982456,0.3166666666666666,2023-08-11T00:00:00+00:00,3420,2023-05-28T15:30:00+00:00,False
ENG_PL::22273,2024-05-19 15:00:00+00:00,2023,frozen_dc,0,0.7326875021190069,0.1730637831746343,0.0942487147063587,0.4482456140350877,0.2350877192982456,0.3166666666666666,2023-08-11T00:00:00+00:00,3420,2023-05-28T15:30:00+00:00,False
ENG_PL::22267,2024-05-19 15:00:00+00:00,2023,frozen_dc,2,0.4778387013741845,0.2328669676045035,0.2892943310213118,0.4482456140350877,0.2350877192982456,0.3166666666666666,2023-08-11T00:00:00+00:00,3420,2023-05-28T15:30:00+00:00,False
ENG_PL::22266,2024-05-19 15:00:00+00:00,2023,frozen_dc,2,0.3642665083680425,0.2633101229812297,0.372423368650728,0.4482456140350877,0.2350877192982456,0.3166666666666666,2023-08-11T00:00:00+00:00,3420,2023-05-28T15:30:00+00:00,False
ENG_PL::22265,2024-05-19 15:00:00+00:00,2023,frozen_dc,0,0.6722654621379286,0.1885829596387566,0.1391515782233146,0.4482456140350877,0.2350877192982456,0.3166666666666666,2023-08-11T00:00:00+00:00,3420,2023-05-28T15:30:00+00:00,False
ENG_PL::22268,2024-05-19 15:00:00+00:00,2023,frozen_dc,2,0.4837922545632351,0.2752150772343141,0.2409926682024504,0.4482456140350877,0.2350877192982456,0.3166666666666666,2023-08-11T00:00:00+00:00,3420,2023-05-28T15:30:00+00:00,False
ENG_PL::22274,2024-05-19 15:00:00+00:00,2023,frozen_dc,2,0.259557434056152,0.2661539522600232,0.4742886136838248,0.4482456140350877,0.2350877192982456,0.3166666666666666,2023-08-11T00:00:00+00:00,3420,2023-05-28T15:30:00+00:00,False
ENG_PL::22275,2023-08-11 19:00:00+00:00,2023,walk_forward_dc,2,0.1319766061669145,0.2131807649646658,0.6548426288684194,0.4482456140350877,0.2350877192982456,0.3166666666666666,2023-08-11T00:00:00+00:00,3420,2023-05-28T15:30:00+00:00,False
ENG_PL::22276,2023-08-12 11:30:00+00:00,2023,walk_forward_dc,0,0.720194955268971,0.1772967096976704,0.1025083350333587,0.4481145863782519,0.2350190002923121,0.3168664133294358,2023-08-12T00:00:00+00:00,3421,2023-08-11T19:00:00+00:00,False
ENG_PL::22277,2023-08-12 14:00:00+00:00,2023,walk_forward_dc,1,0.3485354952162668,0.2673216173151465,0.3841428874685865,0.4481145863782519,0.2350190002923121,0.3168664133294358,2023-08-12T00:00:00+00:00,3421,2023-08-11T19:00:00+00:00,False
ENG_PL::22278,2023-08-12 14:00:00+00:00,2023,walk_forward_dc,0,0.5906173036271563,0.2210972626497546,0.1882854337230891,0.4481145863782519,0.2350190002923121,0.3168664133294358,2023-08-12T00:00:00+00:00,3421,2023-08-11T19:00:00+00:00,True
ENG_PL::22279,2023-08-12 14:00:00+00:00,2023,walk_forward_dc,2,0.4852599546326017,0.2512405626338215,0.2634994827335766,0.4481145863782519,0.2350190002923121,0.3168664133294358,2023-08-12T00:00:00+00:00,3421,2023-08-11T19:00:00+00:00,False
ENG_PL::22280,2023-08-12 14:00:00+00:00,2023,walk_forward_dc,2,0.3303379531576343,0.3104433681589091,0.3592186786834565,0.4481145863782519,0.2350190002923121,0.3168664133294358,2023-08-12T00:00:00+00:00,3421,2023-08-11T19:00:00+00:00,False
ENG_PL::22281,2023-08-12 16:30:00+00:00,2023,walk_forward_dc,0,0.5468877234909597,0.243966898759513,0.2091453777495272,0.4481145863782519,0.2350190002923121,0.3168664133294358,2023-08-12T00:00:00+00:00,3421,2023-08-11T19:00:00+00:00,False
ENG_PL::22282,2023-08-13 13:00:00+00:00,2023,walk_forward_dc,1,0.4118273245767457,0.2672811537636346,0.3208915216596197,0.4482054274875985,0.2348993288590604,0.3168952436533411,2023-08-13T00:00:00+00:00,3427,2023-08-12T16:30:00+00:00,False
ENG_PL::22283,2023-08-13 15:30:00+00:00,2023,walk_forward_dc,1,0.34436623820689,0.2450995275885758,0.4105342342045343,0.4482054274875985,0.2348993288590604,0.3168952436533411,2023-08-13T00:00:00+00:00,3427,2023-08-12T16:30:00+00:00,False
ENG_PL::22284,2023-08-14 19:00:00+00:00,2023,walk_forward_dc,0,0.6749804047361929,0.1982405354473869,0.1267790598164201,0.4479440069991251,0.2353455818022747,0.3167104111986001,2023-08-14T00:00:00+00:00,3429,2023-08-13T15:30:00+00:00,False
ENG_PL::22285,2023-08-18 18:45:00+00:00,2023,walk_forward_dc,0,0.4767453545044766,0.2776372639921785,0.2456173815033448,0.4481049562682215,0.2352769679300291,0.3166180758017493,2023-08-18T00:00:00+00:00,3430,2023-08-14T19:00:00+00:00,False
ENG_PL::22286,2023-08-19 14:00:00+00:00,2023,walk_forward_dc,2,0.21108661161575,0.2475586511338083,0.5413547372504416,0.4482658117167006,0.2352083940542116,0.3165257942290877,2023-08-19T00:00:00+00:00,3431,2023-08-18T18:45:00+00:00,False
ENG_PL::22287,2023-08-19 14:00:00+00:00,2023,walk_forward_dc,2,0.2909440743990654,0.2643070530985087,0.4447488725024259,0.4482658117167006,0.2352083940542116,0.3165257942290877,2023-08-19T00:00:00+00:00,3431,2023-08-18T18:45:00+00:00,False
ENG_PL::22288,2023-08-19 14:00:00+00:00,2023,walk_forward_dc,0,0.7441112518120359,0.152730521954893,0.1031582262330711,0.4482658117167006,0.2352083940542116,0.3165257942290877,2023-08-19T00:00:00+00:00,3431,2023-08-18T18:45:00+00:00,False
ENG_PL::22290,2023-08-19 16:30:00+00:00,2023,walk_forward_dc,0,0.4217475673622823,0.2483493689019086,0.329903063735809,0.4482658117167006,0.2352083940542116,0.3165257942290877,2023-08-19T00:00:00+00:00,3431,2023-08-18T18:45:00+00:00,False
ENG_PL::22291,2023-08-19 19:00:00+00:00,2023,walk_forward_dc,0,0.6211129502619536,0.2154843811035304,0.1634026686345161,0.4482658117167006,0.2352083940542116,0.3165257942290877,2023-08-19T00:00:00+00:00,3431,2023-08-18T18:45:00+00:00,False
ENG_PL::22292,2023-08-20 13:00:00+00:00,2023,walk_forward_dc,0,0.4948822917448696,0.2521188478658303,0.2529988603893,0.4484866123399301,0.2348661233993015,0.3166472642607683,2023-08-20T00:00:00+00:00,3436,2023-08-19T19:00:00+00:00,False
ENG_PL::22293,2023-08-20 15:30:00+00:00,2023,walk_forward_dc,0,0.3462535029069854,0.2742581883825581,0.3794883087104563,0.4484866123399301,0.2348661233993015,0.3166472642607683,2023-08-20T00:00:00+00:00,3436,2023-08-19T19:00:00+00:00,False
ENG_PL::22294,2023-08-21 19:00:00+00:00,2023,walk_forward_dc,2,0.2846382235804461,0.2858182962529512,0.4295434801666026,0.4488074461896451,0.2347294938917975,0.3164630599185573,2023-08-21T00:00:00+00:00,3438,2023-08-20T15:30:00+00:00,False
ENG_PL::22295,2023-08-25 19:00:00+00:00,2023,walk_forward_dc,0,0.6774853241419077,0.1823159236499377,0.1401987522081546,0.4486769409712126,0.2346612387321895,0.3166618202965978,2023-08-25T00:00:00+00:00,3439,2023-08-21T19:00:00+00:00,False
ENG_PL::22296,2023-08-26 11:30:00+00:00,2023,walk_forward_dc,2,0.2874164931586811,0.2561303027792939,0.4564532040620249,0.4488372093023255,0.2345930232558139,0.3165697674418604,2023-08-26T00:00:00+00:00,3440,2023-08-25T19:00:00+00:00,False
ENG_PL::22299,2023-08-26 14:00:00+00:00,2023,walk_forward_dc,2,0.484587986866263,0.2597631911329724,0.2556488220007648,0.4488372093023255,0.2345930232558139,0.3165697674418604,2023-08-26T00:00:00+00:00,3440,2023-08-25T19:00:00+00:00,False
ENG_PL::22300,2023-08-26 14:00:00+00:00,2023,walk_forward_dc,0,0.6724180327379111,0.1954839451387877,0.1320980221233011,0.4488372093023255,0.2345930232558139,0.3165697674418604,2023-08-26T00:00:00+00:00,3440,2023-08-25T19:00:00+00:00,False
ENG_PL::22297,2023-08-26 14:00:00+00:00,2023,walk_forward_dc,1,0.7118881233604407,0.1769661225382571,0.1111457541013021,0.4488372093023255,0.2345930232558139,0.3165697674418604,2023-08-26T00:00:00+00:00,3440,2023-08-25T19:00:00+00:00,False
ENG_PL::22298,2023-08-26 14:00:00+00:00,2023,walk_forward_dc,1,0.4846581341397228,0.2832759381018061,0.2320659277584709,0.4488372093023255,0.2345930232558139,0.3165697674418604,2023-08-26T00:00:00+00:00,3440,2023-08-25T19:00:00+00:00,False
ENG_PL::22301,2023-08-26 16:30:00+00:00,2023,walk_forward_dc,2,0.5831329890149255,0.2224087891145749,0.1944582218704995,0.4488372093023255,0.2345930232558139,0.3165697674418604,2023-08-26T00:00:00+00:00,3440,2023-08-25T19:00:00+00:00,False
ENG_PL::22303,2023-08-27 13:00:00+00:00,2023,walk_forward_dc,2,0.0725098816141003,0.1622114670306612,0.7652786513552381,0.4483459082994777,0.23476494486361,0.3168891468369124,2023-08-27T00:00:00+00:00,3446,2023-08-26T16:30:00+00:00,False
ENG_PL::22302,2023-08-27 13:00:00+00:00,2023,walk_forward_dc,2,0.329338224136134,0.2843434795594512,0.3863182963044149,0.4483459082994777,0.23476494486361,0.3168891468369124,2023-08-27T00:00:00+00:00,3446,2023-08-26T16:30:00+00:00,False
ENG_PL::22304,2023-08-27 15:30:00+00:00,2023,walk_forward_dc,2,0.4163546230437208,0.2367365070554845,0.3469088699007947,0.4483459082994777,0.23476494486361,0.3168891468369124,2023-08-27T00:00:00+00:00,3446,2023-08-26T16:30:00+00:00,False
ENG_PL::21925,2023-09-01 19:00:00+00:00,2023,walk_forward_dc,2,0.222038521055952,0.2183327015623958,0.5596287773816522,0.4479559292548565,0.2345607422441287,0.3174833285010148,2023-09-01T00:00:00+00:00,3449,2023-08-27T15:30:00+00:00,False
ENG_PL::21926,2023-09-02 11:30:00+00:00,2023,walk_forward_dc,1,0.2903949147044921,0.2585346848965163,0.4510704003989914,0.4478260869565217,0.2344927536231884,0.3176811594202898,2023-09-02T00:00:00+00:00,3450,2023-09-01T19:00:00+00:00,False
ENG_PL::21930,2023-09-02 14:00:00+00:00,2023,walk_forward_dc,2,0.6213658091341643,0.2309603835969524,0.1476738072688832,0.4478260869565217,0.2344927536231884,0.3176811594202898,2023-09-02T00:00:00+00:00,3450,2023-09-01T19:00:00+00:00,False
ENG_PL::21929,2023-09-02 14:00:00+00:00,2023,walk_forward_dc,2,0.2406630490957509,0.2577756340803575,0.5015613168238916,0.4478260869565217,0.2344927536231884,0.3176811594202898,2023-09-02T00:00:00+00:00,3450,2023-09-01T19:00:00+00:00,False
ENG_PL::21927,2023-09-02 14:00:00+00:00,2023,walk_forward_dc,0,0.8263403689929182,0.1223766792011731,0.0512829518059086,0.4478260869565217,0.2344927536231884,0.3176811594202898,2023-09-02T00:00:00+00:00,3450,2023-09-01T19:00:00+00:00,False
ENG_PL::21928,2023-09-02 14:00:00+00:00,2023,walk_forward_dc,1,0.5863693829940952,0.230602553212876,0.1830280637930285,0.4478260869565217,0.2344927536231884,0.3176811594202898,2023-09-02T00:00:00+00:00,3450,2023-09-01T19:00:00+00:00,False
ENG_PL::21931,2023-09-02 16:30:00+00:00,2023,walk_forward_dc,0,0.4153675148702947,0.2443628444833923,0.3402696406463129,0.4478260869565217,0.2344927536231884,0.3176811594202898,2023-09-02T00:00:00+00:00,3450,2023-09-01T19:00:00+00:00,False
ENG_PL::21932,2023-09-03 13:00:00+00:00,2023,walk_forward_dc,0,0.4892694798867678,0.2919381354716355,0.2187923846415964,0.4476273148148148,0.2346643518518518,0.3177083333333333,2023-09-03T00:00:00+00:00,3456,2023-09-02T16:30:00+00:00,False
ENG_PL::21933,2023-09-03 13:00:00+00:00,2023,walk_forward_dc,0,0.6072202482783172,0.2088192183282617,0.1839605333934209,0.4476273148148148,0.2346643518518518,0.3177083333333333,2023-09-03T00:00:00+00:00,3456,2023-09-02T16:30:00+00:00,False
ENG_PL::21934,2023-09-03 15:30:00+00:00,2023,walk_forward_dc,0,0.4923034299828815,0.2328537826686392,0.274842787348479,0.4476273148148148,0.2346643518518518,0.3177083333333333,2023-09-03T00:00:00+00:00,3456,2023-09-02T16:30:00+00:00,False
ENG_PL::21935,2023-09-16 11:30:00+00:00,2023,walk_forward_dc,2,0.1791203713400953,0.2124340890299559,0.6084455396299486,0.4481063891298063,0.2344608268285631,0.3174327840416305,2023-09-16T00:00:00+00:00,3459,2023-09-03T15:30:00+00:00,False
ENG_PL::21936,2023-09-16 14:00:00+00:00,2023,walk_forward_dc,0,0.7487627824163947,0.1584489656262672,0.092788251957338,0.4481063891298063,0.2344608268285631,0.3174327840416305,2023-09-16T00:00:00+00:00,3459,2023-09-03T15:30:00+00:00,False
ENG_PL::21937,2023-09-16 14:00:00+00:00,2023,walk_forward_dc,2,0.179566111350599,0.2382067860285419,0.582227102620859,0.4481063891298063,0.2344608268285631,0.3174327840416305,2023-09-16T00:00:00+00:00,3459,2023-09-03T15:30:00+00:00,False
ENG_PL::21938,2023-09-16 14:00:00+00:00,2023,walk_forward_dc,0,0.4287448377077213,0.2933289227974338,0.2779262394948448,0.4481063891298063,0.2344608268285631,0.3174327840416305,2023-09-16T00:00:00+00:00,3459,2023-09-03T15:30:00+00:00,False
ENG_PL::21939,2023-09-16 14:00:00+00:00,2023,walk_forward_dc,0,0.497782132524998,0.2250789936925129,0.2771388737824891,0.4481063891298063,0.2344608268285631,0.3174327840416305,2023-09-16T00:00:00+00:00,3459,2023-09-03T15:30:00+00:00,False
ENG_PL::21940,2023-09-16 14:00:00+00:00,2023,walk_forward_dc,2,0.4459496591221744,0.2306618352307672,0.3233885056470583,0.4481063891298063,0.2344608268285631,0.3174327840416305,2023-09-16T00:00:00+00:00,3459,2023-09-03T15:30:00+00:00,False
ENG_PL::21943,2023-09-16 16:30:00+00:00,2023,walk_forward_dc,0,0.5234540141272043,0.2431606880301925,0.2333852978426033,0.4481063891298063,0.2344608268285631,0.3174327840416305,2023-09-16T00:00:00+00:00,3459,2023-09-03T15:30:00+00:00,False
ENG_PL::21942,2023-09-17 13:00:00+00:00,2023,walk_forward_dc,1,0.2607416628610771,0.2528670484172226,0.4863912887217001,0.4483554529717253,0.2339873052510098,0.3176572417772648,2023-09-17T00:00:00+00:00,3466,2023-09-16T16:30:00+00:00,False
ENG_PL::21941,2023-09-17 15:30:00+00:00,2023,walk_forward_dc,2,0.245777410955841,0.2349176630080011,0.5193049260361577,0.4483554529717253,0.2339873052510098,0.3176572417772648,2023-09-17T00:00:00+00:00,3466,2023-09-16T16:30:00+00:00,False
ENG_PL::21944,2023-09-18 18:45:00+00:00,2023,walk_forward_dc,1,0.4174398684526377,0.2822431850580564,0.3003169464893058,0.4480968858131487,0.2341407151095732,0.317762399077278,2023-09-18T00:00:00+00:00,3468,2023-09-17T15:30:00+00:00,False
ENG_PL::21945,2023-09-23 14:00:00+00:00,2023,walk_forward_dc,1,0.4358379947542679,0.2418801199765564,0.3222818852691756,0.4479677140386278,0.2343614874603632,0.3176707985010089,2023-09-23T00:00:00+00:00,3469,2023-09-18T18:45:00+00:00,False
ENG_PL::21946,2023-09-23 14:00:00+00:00,2023,walk_forward_dc,0,0.8064236334141596,0.1379835120358,0.0555928545500405,0.4479677140386278,0.2343614874603632,0.3176707985010089,2023-09-23T00:00:00+00:00,3469,2023-09-18T18:45:00+00:00,False
ENG_PL::21948,2023-09-23 14:00:00+00:00,2023,walk_forward_dc,1,0.5045652010348786,0.2742750612549218,0.2211597377101998,0.4479677140386278,0.2343614874603632,0.3176707985010089,2023-09-23T00:00:00+00:00,3469,2023-09-18T18:45:00+00:00,False
ENG_PL::21949,2023-09-23 16:30:00+00:00,2023,walk_forward_dc,2,0.5606710968001696,0.2322533440667752,0.2070755591330551,0.4479677140386278,0.2343614874603632,0.3176707985010089,2023-09-23T00:00:00+00:00,3469,2023-09-18T18:45:00+00:00,False
ENG_PL::21950,2023-09-23 19:00:00+00:00,2023,walk_forward_dc,2,0.2384462490318003,0.2376543624060238,0.5238993885621759,0.4479677140386278,0.2343614874603632,0.3176707985010089,2023-09-23T00:00:00+00:00,3469,2023-09-18T18:45:00+00:00,False
ENG_PL::21953,2023-09-24 13:00:00+00:00,2023,walk_forward_dc,0,0.6563356701836623,0.1894111449886146,0.154253184827723,0.4476108232584916,0.2345998848589522,0.3177892918825561,2023-09-24T00:00:00+00:00,3474,2023-09-23T19:00:00+00:00,False
ENG_PL::21952,2023-09-24 13:00:00+00:00,2023,walk_forward_dc,1,0.5023007387254119,0.2464485877363305,0.2512506735382575,0.4476108232584916,0.2345998848589522,0.3177892918825561,2023-09-24T00:00:00+00:00,3474,2023-09-23T19:00:00+00:00,False
ENG_PL::21947,2023-09-24 13:00:00+00:00,2023,walk_forward_dc,2,0.4996992718115769,0.2570248885731012,0.2432758396153218,0.4476108232584916,0.2345998848589522,0.3177892918825561,2023-09-24T00:00:00+00:00,3474,2023-09-23T19:00:00+00:00,False
ENG_PL::21951,2023-09-24 13:00:00+00:00,2023,walk_forward_dc,0,0.6717759842780691,0.1856279375045967,0.1425960782173341,0.4476108232584916,0.2345998848589522,0.3177892918825561,2023-09-24T00:00:00+00:00,3474,2023-09-23T19:00:00+00:00,False
ENG_PL::21954,2023-09-24 15:30:00+00:00,2023,walk_forward_dc,2,0.1390960431682285,0.1998687008279623,0.6610352560038092,0.4476108232584916,0.2345998848589522,0.3177892918825561,2023-09-24T00:00:00+00:00,3474,2023-09-23T19:00:00+00:00,False
ENG_PL::21955,2023-09-30 11:30:00+00:00,2023,walk_forward_dc,0,0.3343858903195995,0.2532747450637926,0.4123393646166079,0.4475423972405863,0.2345501580914056,0.317907444668008,2023-09-30T00:00:00+00:00,3479,2023-09-24T15:30:00+00:00,False
ENG_PL::21961,2023-09-30 14:00:00+00:00,2023,walk_forward_dc,0,0.1032157945040867,0.1918562078468621,0.7049279976490511,0.4475423972405863,0.2345501580914056,0.317907444668008,2023-09-30T00:00:00+00:00,3479,2023-09-24T15:30:00+00:00,False
ENG_PL::21959,2023-09-30 14:00:00+00:00,2023,walk_forward_dc,2,0.2254247983164792,0.2339432715359376,0.5406319301475833,0.4475423972405863,0.2345501580914056,0.317907444668008,2023-09-30T00:00:00+00:00,3479,2023-09-24T15:30:00+00:00,False
ENG_PL::21958,2023-09-30 14:00:00+00:00,2023,walk_forward_dc,0,0.6814877278814883,0.1968234363671346,0.1216888357513771,0.4475423972405863,0.2345501580914056,0.317907444668008,2023-09-30T00:00:00+00:00,3479,2023-09-24T15:30:00+00:00,False
ENG_PL::21957,2023-09-30 14:00:00+00:00,2023,walk_forward_dc,2,0.517923644872488,0.2588029276741155,0.2232734274533965,0.4475423972405863,0.2345501580914056,0.317907444668008,2023-09-30T00:00:00+00:00,3479,2023-09-24T15:30:00+00:00,False
ENG_PL::21956,2023-09-30 14:00:00+00:00,2023,walk_forward_dc,2,0.5385447159474466,0.215662893112414,0.2457923909401395,0.4475423972405863,0.2345501580914056,0.317907444668008,2023-09-30T00:00:00+00:00,3479,2023-09-24T15:30:00+00:00,False
ENG_PL::21960,2023-09-30 14:00:00+00:00,2023,walk_forward_dc,0,0.7021188306277353,0.1767067412417597,0.1211744281305051,0.4475423972405863,0.2345501580914056,0.317907444668008,2023-09-30T00:00:00+00:00,3479,2023-09-24T15:30:00+00:00,False
ENG_PL::21962,2023-09-30 16:30:00+00:00,2023,walk_forward_dc,0,0.3419018807343458,0.2372602208699772,0.4208378983956768,0.4475423972405863,0.2345501580914056,0.317907444668008,2023-09-30T00:00:00+00:00,3479,2023-09-24T15:30:00+00:00,False
ENG_PL::21963,2023-10-01 13:00:00+00:00,2023,walk_forward_dc,1,0.2644431837327291,0.2768244697770025,0.4587323464902683,0.4479495268138801,0.2340120447375968,0.3180384284485231,2023-10-01T00:00:00+00:00,3487,2023-09-30T16:30:00+00:00,False
ENG_PL::21964,2023-10-02 19:00:00+00:00,2023,walk_forward_dc,2,0.2511067599509331,0.2629014749838727,0.4859917650651942,0.4478211009174312,0.2342316513761468,0.317947247706422,2023-10-02T00:00:00+00:00,3488,2023-10-01T13:00:00+00:00,False
ENG_PL::22289,2023-10-03 18:30:00+00:00,2023,walk_forward_dc,2,0.3975430017760341,0.2413265868412995,0.3611304113826665,0.4476927486385784,0.234164517053597,0.3181427343078246,2023-10-03T00:00:00+00:00,3489,2023-10-02T19:00:00+00:00,False
ENG_PL::21971,2023-10-07 11:30:00+00:00,2023,walk_forward_dc,2,0.2084375796398149,0.2032650352885037,0.5882973850716814,0.4475644699140401,0.2340974212034384,0.3183381088825215,2023-10-07T00:00:00+00:00,3490,2023-10-03T18:30:00+00:00,False
ENG_PL::21967,2023-10-07 14:00:00+00:00,2023,walk_forward_dc,2,0.2329802663139214,0.2664502489995676,0.5005694846865109,0.4475644699140401,0.2340974212034384,0.3183381088825215,2023-10-07T00:00:00+00:00,3490,2023-10-03T18:30:00+00:00,False
ENG_PL::21969,2023-10-07 14:00:00+00:00,2023,walk_forward_dc,0,0.4926476770635615,0.2386215503207709,0.2687307726156674,0.4475644699140401,0.2340974212034384,0.3183381088825215,2023-10-07T00:00:00+00:00,3490,2023-10-03T18:30:00+00:00,False
ENG_PL::21970,2023-10-07 14:00:00+00:00,2023,walk_forward_dc,0,0.6105647043754832,0.214315479773047,0.1751198158514698,0.4475644699140401,0.2340974212034384,0.3183381088825215,2023-10-07T00:00:00+00:00,3490,2023-10-03T18:30:00+00:00,False
ENG_PL::21972,2023-10-07 14:00:00+00:00,2023,walk_forward_dc,0,0.4744967987241925,0.2427074082927856,0.2827957929830221,0.4475644699140401,0.2340974212034384,0.3183381088825215,2023-10-07T00:00:00+00:00,3490,2023-10-03T18:30:00+00:00,False
ENG_PL::21968,2023-10-07 16:30:00+00:00,2023,walk_forward_dc,1,0.4880315301082922,0.2980564081727651,0.2139120617189427,0.4475644699140401,0.2340974212034384,0.3183381088825215,2023-10-07T00:00:00+00:00,3490,2023-10-03T18:30:00+00:00,False
ENG_PL::21974,2023-10-08 13:00:00+00:00,2023,walk_forward_dc,1,0.285520663045922,0.2779604318436233,0.4365189051104549,0.4476544622425629,0.2339816933638444,0.3183638443935926,2023-10-08T00:00:00+00:00,3496,2023-10-07T16:30:00+00:00,False
ENG_PL::21973,2023-10-08 13:00:00+00:00,2023,walk_forward_dc,1,0.2736266964119195,0.249990960118221,0.476382343469859,0.4476544622425629,0.2339816933638444,0.3183638443935926,2023-10-08T00:00:00+00:00,3496,2023-10-07T16:30:00+00:00,False
ENG_PL::21966,2023-10-08 13:00:00+00:00,2023,walk_forward_dc,1,0.383053106970982,0.2283251938611449,0.388621699167873,0.4476544622425629,0.2339816933638444,0.3183638443935926,2023-10-08T00:00:00+00:00,3496,2023-10-07T16:30:00+00:00,False
ENG_PL::21965,2023-10-08 15:30:00+00:00,2023,walk_forward_dc,0,0.2845866568751189,0.2655245827611435,0.4498887603637376,0.4476544622425629,0.2339816933638444,0.3183638443935926,2023-10-08T00:00:00+00:00,3496,2023-10-07T16:30:00+00:00,False
ENG_PL::21979,2023-10-21 11:30:00+00:00,2023,walk_forward_dc,0,0.6857155099644501,0.1710016652190374,0.1432828248165125,0.4474285714285714,0.2345714285714285,0.318,2023-10-21T00:00:00+00:00,3500,2023-10-08T15:30:00+00:00,False
ENG_PL::21982,2023-10-21 14:00:00+00:00,2023,walk_forward_dc,1,0.4788062255418671,0.2455428837425712,0.2756508907155617,0.4474285714285714,0.2345714285714285,0.318,2023-10-21T00:00:00+00:00,3500,2023-10-08T15:30:00+00:00,False
ENG_PL::21980,2023-10-21 14:00:00+00:00,2023,walk_forward_dc,0,0.6223770269790782,0.2131794640905492,0.1644435089303724,0.4474285714285714,0.2345714285714285,0.318,2023-10-21T00:00:00+00:00,3500,2023-10-08T15:30:00+00:00,False
ENG_PL::21981,2023-10-21 14:00:00+00:00,2023,walk_forward_dc,0,0.5746322784793496,0.2515534923671593,0.1738142291534911,0.4474285714285714,0.2345714285714285,0.318,2023-10-21T00:00:00+00:00,3500,2023-10-08T15:30:00+00:00,False
ENG_PL::21975,2023-10-21 14:00:00+00:00,2023,walk_forward_dc,2,0.4422574559541032,0.2654547687001986,0.292287775345698,0.4474285714285714,0.2345714285714285,0.318,2023-10-21T00:00:00+00:00,3500,2023-10-08T15:30:00+00:00,False
ENG_PL::21977,2023-10-21 14:00:00+00:00,2023,walk_forward_dc,0,0.5861920883810211,0.2392609832069608,0.1745469284120181,0.4474285714285714,0.2345714285714285,0.318,2023-10-21T00:00:00+00:00,3500,2023-10-08T15:30:00+00:00,False
ENG_PL::21978,2023-10-21 16:30:00+00:00,2023,walk_forward_dc,1,0.3666026712868936,0.2706217412661071,0.3627755874469992,0.4474285714285714,0.2345714285714285,0.318,2023-10-21T00:00:00+00:00,3500,2023-10-08T15:30:00+00:00,False
ENG_PL::21983,2023-10-21 19:00:00+00:00,2023,walk_forward_dc,2,0.1128557749917272,0.1625784234092653,0.7245658015990076,0.4474285714285714,0.2345714285714285,0.318,2023-10-21T00:00:00+00:00,3500,2023-10-08T15:30:00+00:00,False
ENG_PL::21976,2023-10-22 15:30:00+00:00,2023,walk_forward_dc,0,0.4677946729902303,0.2550982968271245,0.277107030182645,0.4475484606613455,0.2346066134549601,0.3178449258836944,2023-10-22T00:00:00+00:00,3508,2023-10-21T19:00:00+00:00,False
ENG_PL::21984,2023-10-23 19:00:00+00:00,2023,walk_forward_dc,0,0.6324973695484917,0.2131764724821557,0.1543261579693524,0.4477058991165574,0.2345397549159304,0.3177543459675121,2023-10-23T00:00:00+00:00,3509,2023-10-22T15:30:00+00:00,False
ENG_PL::21990,2023-10-27 19:00:00+00:00,2023,walk_forward_dc,2,0.305794591268479,0.2869348648059727,0.407270543925548,0.4478632478632479,0.2344729344729344,0.3176638176638177,2023-10-27T00:00:00+00:00,3510,2023-10-23T19:00:00+00:00,False
ENG_PL::21989,2023-10-28 11:30:00+00:00,2023,walk_forward_dc,2,0.4488783792423486,0.2654282938372267,0.2856933269204247,0.4477356878382227,0.2344061520934206,0.3178581600683566,2023-10-28T00:00:00+00:00,3511,2023-10-27T19:00:00+00:00,False
ENG_PL::21986,2023-10-28 14:00:00+00:00,2023,walk_forward_dc,0,0.8481689937489276,0.1055659176551473,0.046265088595925,0.4477356878382227,0.2344061520934206,0.3178581600683566,2023-10-28T00:00:00+00:00,3511,2023-10-27T19:00:00+00:00,False
ENG_PL::21985,2023-10-28 14:00:00+00:00,2023,walk_forward_dc,0,0.454030732442912,0.2612416720140042,0.2847275955430837,0.4477356878382227,0.2344061520934206,0.3178581600683566,2023-10-28T00:00:00+00:00,3511,2023-10-27T19:00:00+00:00,False
ENG_PL::21994,2023-10-28 16:30:00+00:00,2023,walk_forward_dc,1,0.1922681374042066,0.2344806953426434,0.57325116725315,0.4477356878382227,0.2344061520934206,0.3178581600683566,2023-10-28T00:00:00+00:00,3511,2023-10-27T19:00:00+00:00,False
ENG_PL::21993,2023-10-29 13:00:00+00:00,2023,walk_forward_dc,2,0.4594618591505049,0.246639202547966,0.2938989383015289,0.4477951635846373,0.2344238975817923,0.3177809388335704,2023-10-29T00:00:00+00:00,3515,2023-10-28T16:30:00+00:00,False
ENG_PL::21987,2023-10-29 14:00:00+00:00,2023,walk_forward_dc,0,0.6864279650043239,0.1714339212984074,0.1421381136972686,0.4477951635846373,0.2344238975817923,0.3177809388335704,2023-10-29T00:00:00+00:00,3515,2023-10-28T16:30:00+00:00,False
ENG_PL::21988,2023-10-29 14:00:00+00:00,2023,walk_forward_dc,1,0.6726528399107946,0.1910402241708581,0.1363069359183473,0.4477951635846373,0.2344238975817923,0.3177809388335704,2023-10-29T00:00:00+00:00,3515,2023-10-28T16:30:00+00:00,False
ENG_PL::21991,2023-10-29 14:00:00+00:00,2023,walk_forward_dc,0,0.7273409544408609,0.1672294964769398,0.1054295490821993,0.4477951635846373,0.2344238975817923,0.3177809388335704,2023-10-29T00:00:00+00:00,3515,2023-10-28T16:30:00+00:00,False
ENG_PL::21992,2023-10-29 15:30:00+00:00,2023,walk_forward_dc,2,0.2394303598933869,0.2470898435856319,0.5134797965209814,0.4477951635846373,0.2344238975817923,0.3177809388335704,2023-10-29T00:00:00+00:00,3515,2023-10-28T16:30:00+00:00,False
ENG_PL::21998,2023-11-04 12:30:00+00:00,2023,walk_forward_dc,2,0.2741479356450175,0.2481164363615709,0.4777356279934115,0.4477272727272727,0.234375,0.3178977272727272,2023-11-04T00:00:00+00:00,3520,2023-10-29T15:30:00+00:00,False
ENG_PL::22003,2023-11-04 15:00:00+00:00,2023,walk_forward_dc,0,0.2487630208978728,0.2643844715444758,0.4868525075576512,0.4477272727272727,0.234375,0.3178977272727272,2023-11-04T00:00:00+00:00,3520,2023-10-29T15:30:00+00:00,False
ENG_PL::22000,2023-11-04 15:00:00+00:00,2023,walk_forward_dc,0,0.8246352683982037,0.1212174624983534,0.0541472691034428,0.4477272727272727,0.234375,0.3178977272727272,2023-11-04T00:00:00+00:00,3520,2023-10-29T15:30:00+00:00,False
ENG_PL::21995,2023-11-04 15:00:00+00:00,2023,walk_forward_dc,0,0.5304762568955714,0.2408846572119889,0.2286390858924396,0.4477272727272727,0.234375,0.3178977272727272,2023-11-04T00:00:00+00:00,3520,2023-10-29T15:30:00+00:00,False
ENG_PL::21996,2023-11-04 15:00:00+00:00,2023,walk_forward_dc,2,0.3133623980907388,0.3071002880206694,0.3795373138885914,0.4477272727272727,0.234375,0.3178977272727272,2023-11-04T00:00:00+00:00,3520,2023-10-29T15:30:00+00:00,False
ENG_PL::21997,2023-11-04 15:00:00+00:00,2023,walk_forward_dc,1,0.2934009122901216,0.2397164633449,0.4668826243649784,0.4477272727272727,0.234375,0.3178977272727272,2023-11-04T00:00:00+00:00,3520,2023-10-29T15:30:00+00:00,False
ENG_PL::22001,2023-11-04 17:30:00+00:00,2023,walk_forward_dc,0,0.4523314864552218,0.2550822941332792,0.292586219411499,0.4477272727272727,0.234375,0.3178977272727272,2023-11-04T00:00:00+00:00,3520,2023-10-29T15:30:00+00:00,False
ENG_PL::22002,2023-11-05 14:00:00+00:00,2023,walk_forward_dc,0,0.2963540660404599,0.2758845344859516,0.4277613994735886,0.4479727814006237,0.234193365466402,0.3178338531329742,2023-11-05T00:00:00+00:00,3527,2023-11-04T17:30:00+00:00,False
ENG_PL::21999,2023-11-05 16:30:00+00:00,2023,walk_forward_dc,1,0.1062651230886241,0.1307921931938856,0.7629426837174903,0.4479727814006237,0.234193365466402,0.3178338531329742,2023-11-05T00:00:00+00:00,3527,2023-11-04T17:30:00+00:00,False
ENG_PL::22004,2023-11-06 20:00:00+00:00,2023,walk_forward_dc,2,0.4554915191792725,0.2601573218194865,0.2843511590012408,0.448002266931142,0.2343440068007934,0.3176537262680646,2023-11-06T00:00:00+00:00,3529,2023-11-05T16:30:00+00:00,False
ENG_PL::22014,2023-11-11 12:30:00+00:00,2023,walk_forward_dc,0,0.2600922653242212,0.2610266263998178,0.4788811082759612,0.4478753541076487,0.2342776203966005,0.3178470254957507,2023-11-11T00:00:00+00:00,3530,2023-11-06T20:00:00+00:00,False
ENG_PL::22006,2023-11-11 15:00:00+00:00,2023,walk_forward_dc,0,0.6961458929808286,0.1928776751138079,0.1109764319053635,0.4478753541076487,0.2342776203966005,0.3178470254957507,2023-11-11T00:00:00+00:00,3530,2023-11-06T20:00:00+00:00,False
ENG_PL::22010,2023-11-11 15:00:00+00:00,2023,walk_forward_dc,2,0.415294279690536,0.2820677004247242,0.3026380198847398,0.4478753541076487,0.2342776203966005,0.3178470254957507,2023-11-11T00:00:00+00:00,3530,2023-11-06T20:00:00+00:00,False
ENG_PL::22012,2023-11-11 15:00:00+00:00,2023,walk_forward_dc,0,0.7671176354179398,0.132212093602253,0.1006702709798072,0.4478753541076487,0.2342776203966005,0.3178470254957507,2023-11-11T00:00:00+00:00,3530,2023-11-06T20:00:00+00:00,False
ENG_PL::22005,2023-11-11 17:30:00+00:00,2023,walk_forward_dc,0,0.1866063714316663,0.2160378215675039,0.5973558070008297,0.4478753541076487,0.2342776203966005,0.3178470254957507,2023-11-11T00:00:00+00:00,3530,2023-11-06T20:00:00+00:00,False
ENG_PL::22007,2023-11-12 14:00:00+00:00,2023,walk_forward_dc,0,0.5537766722969136,0.2462800273461924,0.1999433003568936,0.4483734087694483,0.2339462517680339,0.3176803394625176,2023-11-12T00:00:00+00:00,3535,2023-11-11T17:30:00+00:00,False
ENG_PL::22008,2023-11-12 14:00:00+00:00,2023,walk_forward_dc,1,0.8471788159622053,0.1062011607002415,0.0466200233375528,0.4483734087694483,0.2339462517680339,0.3176803394625176,2023-11-12T00:00:00+00:00,3535,2023-11-11T17:30:00+00:00,False
ENG_PL::22011,2023-11-12 14:00:00+00:00,2023,walk_forward_dc,0,0.5814896301997564,0.2100276720683655,0.2084826977318781,0.4483734087694483,0.2339462517680339,0.3176803394625176,2023-11-12T00:00:00+00:00,3535,2023-11-11T17:30:00+00:00,False
ENG_PL::22013,2023-11-12 14:00:00+00:00,2023,walk_forward_dc,0,0.5233852175836902,0.2553529826569639,0.2212617997593458,0.4483734087694483,0.2339462517680339,0.3176803394625176,2023-11-12T00:00:00+00:00,3535,2023-11-11T17:30:00+00:00,False
ENG_PL::22009,2023-11-12 16:30:00+00:00,2023,walk_forward_dc,1,0.2388869321418542,0.2602649607302943,0.5008481071278517,0.4483734087694483,0.2339462517680339,0.3176803394625176,2023-11-12T00:00:00+00:00,3535,2023-11-11T17:30:00+00:00,False
ENG_PL::22020,2023-11-25 12:30:00+00:00,2023,walk_forward_dc,1,0.5795304191177879,0.2171335002545414,0.2033360806276705,0.4485875706214689,0.2341807909604519,0.3172316384180791,2023-11-25T00:00:00+00:00,3540,2023-11-12T16:30:00+00:00,False
ENG_PL::22023,2023-11-25 15:00:00+00:00,2023,walk_forward_dc,2,0.2451206647592468,0.2509728361882782,0.5039064990524745,0.4485875706214689,0.2341807909604519,0.3172316384180791,2023-11-25T00:00:00+00:00,3540,2023-11-12T16:30:00+00:00,False
ENG_PL::22022,2023-11-25 15:00:00+00:00,2023,walk_forward_dc,2,0.2355153702434791,0.2509426907147905,0.5135419390417303,0.4485875706214689,0.2341807909604519,0.3172316384180791,2023-11-25T00:00:00+00:00,3540,2023-11-12T16:30:00+00:00,False
ENG_PL::22016,2023-11-25 15:00:00+00:00,2023,walk_forward_dc,2,0.3120213400440257,0.2692123149583516,0.4187663449976226,0.4485875706214689,0.2341807909604519,0.3172316384180791,2023-11-25T00:00:00+00:00,3540,2023-11-12T16:30:00+00:00,False
ENG_PL::22019,2023-11-25 15:00:00+00:00,2023,walk_forward_dc,0,0.2783046120569575,0.2480804117930908,0.4736149761499518,0.4485875706214689,0.2341807909604519,0.3172316384180791,2023-11-25T00:00:00+00:00,3540,2023-11-12T16:30:00+00:00,False
ENG_PL::22021,2023-11-25 15:00:00+00:00,2023,walk_forward_dc,0,0.4988001744189889,0.2434732656447905,0.2577265599362206,0.4485875706214689,0.2341807909604519,0.3172316384180791,2023-11-25T00:00:00+00:00,3540,2023-11-12T16:30:00+00:00,False
ENG_PL::22015,2023-11-25 17:30:00+00:00,2023,walk_forward_dc,2,0.3552991944907971,0.26447825939342,0.3802225461157831,0.4485875706214689,0.2341807909604519,0.3172316384180791,2023-11-25T00:00:00+00:00,3540,2023-11-12T16:30:00+00:00,False
ENG_PL::22024,2023-11-26 14:00:00+00:00,2023,walk_forward_dc,2,0.4664382157023397,0.2533638799305341,0.2801979043671261,0.4482661404003383,0.2340005638567804,0.3177332957428813,2023-11-26T00:00:00+00:00,3547,2023-11-25T17:30:00+00:00,False
ENG_PL::22017,2023-11-26 16:30:00+00:00,2023,walk_forward_dc,2,0.359407214158061,0.2455950176762318,0.394997768165707,0.4482661404003383,0.2340005638567804,0.3177332957428813,2023-11-26T00:00:00+00:00,3547,2023-11-25T17:30:00+00:00,False
ENG_PL::22018,2023-11-27 20:00:00+00:00,2023,walk_forward_dc,0,0.4103905963461873,0.2827225181577877,0.3068868854960248,0.4480135249366018,0.2338686954071569,0.3181177796562412,2023-11-27T00:00:00+00:00,3549,2023-11-26T16:30:00+00:00,False
ENG_PL::22026,2023-12-02 15:00:00+00:00,2023,walk_forward_dc,0,0.6657646241050166,0.2067521484172767,0.1274832274777067,0.448169014084507,0.2338028169014084,0.3180281690140845,2023-12-02T00:00:00+00:00,3550,2023-11-27T20:00:00+00:00,False
ENG_PL::22027,2023-12-02 15:00:00+00:00,2023,walk_forward_dc,0,0.7704480436620801,0.1361412511039228,0.093410705233997,0.448169014084507,0.2338028169014084,0.3180281690140845,2023-12-02T00:00:00+00:00,3550,2023-11-27T20:00:00+00:00,False
ENG_PL::22028,2023-12-02 15:00:00+00:00,2023,walk_forward_dc,0,0.5794737699359268,0.2442648054259293,0.1762614246381434,0.448169014084507,0.2338028169014084,0.3180281690140845,2023-12-02T00:00:00+00:00,3550,2023-11-27T20:00:00+00:00,False
ENG_PL::22033,2023-12-02 17:30:00+00:00,2023,walk_forward_dc,2,0.348427520856444,0.2707598720374852,0.3808126071060708,0.448169014084507,0.2338028169014084,0.3180281690140845,2023-12-02T00:00:00+00:00,3550,2023-11-27T20:00:00+00:00,False
ENG_PL::22032,2023-12-02 20:00:00+00:00,2023,walk_forward_dc,0,0.5523331263178548,0.2220045516035961,0.2256623220785491,0.448169014084507,0.2338028169014084,0.3180281690140845,2023-12-02T00:00:00+00:00,3550,2023-11-27T20:00:00+00:00,False
ENG_PL::22025,2023-12-03 14:00:00+00:00,2023,walk_forward_dc,1,0.3263898732370752,0.2504098537241492,0.4232002730387756,0.4486638537271448,0.2334739803094233,0.3178621659634318,2023-12-03T00:00:00+00:00,3555,2023-12-02T20:00:00+00:00,False
ENG_PL::22029,2023-12-03 14:00:00+00:00,2023,walk_forward_dc,0,0.4375669225245882,0.2514241046349228,0.3110089728404891,0.4486638537271448,0.2334739803094233,0.3178621659634318,2023-12-03T00:00:00+00:00,3555,2023-12-02T20:00:00+00:00,False
ENG_PL::22030,2023-12-03 14:00:00+00:00,2023,walk_forward_dc,0,0.73508776722022,0.1620100646614731,0.1029021681183069,0.4486638537271448,0.2334739803094233,0.3178621659634318,2023-12-03T00:00:00+00:00,3555,2023-12-02T20:00:00+00:00,False
ENG_PL::22034,2023-12-03 14:00:00+00:00,2023,walk_forward_dc,1,0.4435490784590779,0.2793199101772811,0.2771310113636409,0.4486638537271448,0.2334739803094233,0.3178621659634318,2023-12-03T00:00:00+00:00,3555,2023-12-02T20:00:00+00:00,False
ENG_PL::22031,2023-12-03 16:30:00+00:00,2023,walk_forward_dc,1,0.6730538545945459,0.1951574556103541,0.1317886897951,0.4486638537271448,0.2334739803094233,0.3178621659634318,2023-12-03T00:00:00+00:00,3555,2023-12-02T20:00:00+00:00,False
ENG_PL::22042,2023-12-05 19:30:00+00:00,2023,walk_forward_dc,0,0.4543982001184545,0.27604007373038,0.2695617261511653,0.4485955056179775,0.2339887640449438,0.3174157303370786,2023-12-05T00:00:00+00:00,3560,2023-12-03T16:30:00+00:00,False
ENG_PL::22039,2023-12-05 20:15:00+00:00,2023,walk_forward_dc,2,0.1101195758924007,0.1544935209455196,0.7353869031620797,0.4485955056179775,0.2339887640449438,0.3174157303370786,2023-12-05T00:00:00+00:00,3560,2023-12-03T16:30:00+00:00,False
ENG_PL::22040,2023-12-06 19:30:00+00:00,2023,walk_forward_dc,2,0.0671178015017177,0.1228113622680662,0.8100708362302159,0.4486243683323975,0.23385738349242,0.3175182481751825,2023-12-06T00:00:00+00:00,3562,2023-12-05T20:15:00+00:00,False
ENG_PL::22043,2023-12-06 19:30:00+00:00,2023,walk_forward_dc,2,0.4510834163129431,0.2677906866969133,0.2811258969901434,0.4486243683323975,0.23385738349242,0.3175182481751825,2023-12-06T00:00:00+00:00,3562,2023-12-05T20:15:00+00:00,False
ENG_PL::22036,2023-12-06 19:30:00+00:00,2023,walk_forward_dc,0,0.4680760290882565,0.2464495490130432,0.2854744218987005,0.4486243683323975,0.23385738349242,0.3175182481751825,2023-12-06T00:00:00+00:00,3562,2023-12-05T20:15:00+00:00,False
ENG_PL::22038,2023-12-06 19:30:00+00:00,2023,walk_forward_dc,0,0.4172248267933994,0.2841815993840354,0.2985935738225651,0.4486243683323975,0.23385738349242,0.3175182481751825,2023-12-06T00:00:00+00:00,3562,2023-12-05T20:15:00+00:00,False
ENG_PL::22035,2023-12-06 20:15:00+00:00,2023,walk_forward_dc,0,0.1966188309149778,0.2341908753391031,0.5691902937459191,0.4486243683323975,0.23385738349242,0.3175182481751825,2023-12-06T00:00:00+00:00,3562,2023-12-05T20:15:00+00:00,False
ENG_PL::22044,2023-12-06 20:15:00+00:00,2023,walk_forward_dc,0,0.4021451049865843,0.2467805789121432,0.3510743161012725,0.4486243683323975,0.23385738349242,0.3175182481751825,2023-12-06T00:00:00+00:00,3562,2023-12-05T20:15:00+00:00,False
ENG_PL::22037,2023-12-07 19:30:00+00:00,2023,walk_forward_dc,0,0.2738740747876002,0.2443451326532203,0.4817807925591795,0.4489910313901345,0.2334641255605381,0.3175448430493273,2023-12-07T00:00:00+00:00,3568,2023-12-06T20:15:00+00:00,False
ENG_PL::22041,2023-12-07 20:15:00+00:00,2023,walk_forward_dc,2,0.5217907929708909,0.2368879252306668,0.2413212817984422,0.4489910313901345,0.2334641255605381,0.3175448430493273,2023-12-07T00:00:00+00:00,3568,2023-12-06T20:15:00+00:00,False
ENG_PL::22047,2023-12-09 12:30:00+00:00,2023,walk_forward_dc,2,0.248164299519521,0.2504190373007028,0.5014166631797758,0.4490196078431372,0.2333333333333333,0.3176470588235294,2023-12-09T00:00:00+00:00,3570,2023-12-07T20:15:00+00:00,False
ENG_PL::22054,2023-12-09 15:00:00+00:00,2023,walk_forward_dc,1,0.4395177044415393,0.2851473476963349,0.2753349478621259,0.4490196078431372,0.2333333333333333,0.3176470588235294,2023-12-09T00:00:00+00:00,3570,2023-12-07T20:15:00+00:00,False
ENG_PL::22051,2023-12-09 15:00:00+00:00,2023,walk_forward_dc,2,0.5821834899740141,0.206538873078759,0.2112776369472267,0.4490196078431372,0.2333333333333333,0.3176470588235294,2023-12-09T00:00:00+00:00,3570,2023-12-07T20:15:00+00:00,False
ENG_PL::22052,2023-12-09 15:00:00+00:00,2023,walk_forward_dc,0,0.1255002529383458,0.1968702202066569,0.6776295268549973,0.4490196078431372,0.2333333333333333,0.3176470588235294,2023-12-09T00:00:00+00:00,3570,2023-12-07T20:15:00+00:00,False
ENG_PL::22046,2023-12-09 15:00:00+00:00,2023,walk_forward_dc,1,0.6749164356969948,0.1988764139905137,0.1262071503124914,0.4490196078431372,0.2333333333333333,0.3176470588235294,2023-12-09T00:00:00+00:00,3570,2023-12-07T20:15:00+00:00,False
ENG_PL::22045,2023-12-09 17:30:00+00:00,2023,walk_forward_dc,0,0.3275886087443621,0.2609649577504894,0.4114464335051483,0.4490196078431372,0.2333333333333333,0.3176470588235294,2023-12-09T00:00:00+00:00,3570,2023-12-07T20:15:00+00:00,False
ENG_PL::22048,2023-12-10 14:00:00+00:00,2023,walk_forward_dc,0,0.3583530896196524,0.2527102745242231,0.3889366358561245,0.4488255033557047,0.2335011185682326,0.3176733780760626,2023-12-10T00:00:00+00:00,3576,2023-12-09T17:30:00+00:00,False
ENG_PL::22049,2023-12-10 14:00:00+00:00,2023,walk_forward_dc,0,0.3679351525311397,0.266468238106221,0.3655966093626392,0.4488255033557047,0.2335011185682326,0.3176733780760626,2023-12-10T00:00:00+00:00,3576,2023-12-09T17:30:00+00:00,False
ENG_PL::22050,2023-12-10 14:00:00+00:00,2023,walk_forward_dc,2,0.0556473547723768,0.1076238663353688,0.8367287788922543,0.4488255033557047,0.2335011185682326,0.3176733780760626,2023-12-10T00:00:00+00:00,3576,2023-12-09T17:30:00+00:00,False
ENG_PL::22053,2023-12-10 16:30:00+00:00,2023,walk_forward_dc,0,0.3509990851643654,0.2484563998985838,0.4005445149370507,0.4488255033557047,0.2335011185682326,0.3176733780760626,2023-12-10T00:00:00+00:00,3576,2023-12-09T17:30:00+00:00,False
ENG_PL::22063,2023-12-15 20:00:00+00:00,2023,walk_forward_dc,2,0.2764384085120218,0.2603389418860877,0.4632226496018901,0.4491620111731844,0.2332402234636871,0.3175977653631285,2023-12-15T00:00:00+00:00,3580,2023-12-10T16:30:00+00:00,False
ENG_PL::22059,2023-12-16 15:00:00+00:00,2023,walk_forward_dc,0,0.7986881420278126,0.1376052640595594,0.0637065939126279,0.4490365819603463,0.2331750907567718,0.3177883272828818,2023-12-16T00:00:00+00:00,3581,2023-12-15T20:00:00+00:00,False
ENG_PL::22061,2023-12-16 15:00:00+00:00,2023,walk_forward_dc,1,0.7183074324692861,0.189653981755229,0.0920385857754848,0.4490365819603463,0.2331750907567718,0.3177883272828818,2023-12-16T00:00:00+00:00,3581,2023-12-15T20:00:00+00:00,False
ENG_PL::22062,2023-12-16 15:00:00+00:00,2023,walk_forward_dc,0,0.6629976219933603,0.195040236347248,0.1419621416593917,0.4490365819603463,0.2331750907567718,0.3177883272828818,2023-12-16T00:00:00+00:00,3581,2023-12-15T20:00:00+00:00,False
ENG_PL::22058,2023-12-16 17:30:00+00:00,2023,walk_forward_dc,2,0.3096842451189355,0.2648343840471569,0.4254813708339077,0.4490365819603463,0.2331750907567718,0.3177883272828818,2023-12-16T00:00:00+00:00,3581,2023-12-15T20:00:00+00:00,False
ENG_PL::22064,2023-12-17 14:00:00+00:00,2023,walk_forward_dc,0,0.5237966543451978,0.2523190838229533,0.2238842618318488,0.4490934449093445,0.2331938633193863,0.3177126917712691,2023-12-17T00:00:00+00:00,3585,2023-12-16T17:30:00+00:00,False
ENG_PL::22056,2023-12-17 14:00:00+00:00,2023,walk_forward_dc,0,0.5062417088375007,0.2476857889613256,0.2460725022011735,0.4490934449093445,0.2331938633193863,0.3177126917712691,2023-12-17T00:00:00+00:00,3585,2023-12-16T17:30:00+00:00,False
ENG_PL::22057,2023-12-17 14:00:00+00:00,2023,walk_forward_dc,2,0.4720100648975422,0.2544470696962098,0.2735428654062479,0.4490934449093445,0.2331938633193863,0.3177126917712691,2023-12-17T00:00:00+00:00,3585,2023-12-16T17:30:00+00:00,False
ENG_PL::22060,2023-12-17 16:30:00+00:00,2023,walk_forward_dc,1,0.6148478498409741,0.1934532311247606,0.1916989190342653,0.4490934449093445,0.2331938633193863,0.3177126917712691,2023-12-17T00:00:00+00:00,3585,2023-12-16T17:30:00+00:00,False
ENG_PL::22066,2023-12-21 20:00:00+00:00,2023,walk_forward_dc,1,0.3055125822284834,0.280012057461431,0.4144753603100857,0.449150181108944,0.2332125940373363,0.3176372248537197,2023-12-21T00:00:00+00:00,3589,2023-12-17T16:30:00+00:00,False
ENG_PL::22065,2023-12-22 20:00:00+00:00,2023,walk_forward_dc,1,0.773350515737029,0.1526285916468757,0.0740208926160951,0.449025069637883,0.2334261838440111,0.3175487465181058,2023-12-22T00:00:00+00:00,3590,2023-12-21T20:00:00+00:00,False
ENG_PL::22072,2023-12-23 12:30:00+00:00,2023,walk_forward_dc,0,0.3947897533283456,0.2478085628297615,0.3574016838418928,0.4489000278473962,0.2336396546922862,0.3174603174603174,2023-12-23T00:00:00+00:00,3591,2023-12-22T20:00:00+00:00,False
ENG_PL::22071,2023-12-23 15:00:00+00:00,2023,walk_forward_dc,0,0.5160709380242353,0.2329215859163419,0.2510074760594225,0.4489000278473962,0.2336396546922862,0.3174603174603174,2023-12-23T00:00:00+00:00,3591,2023-12-22T20:00:00+00:00,False
ENG_PL::22070,2023-12-23 15:00:00+00:00,2023,walk_forward_dc,2,0.373559418122874,0.2663967022164993,0.3600438796606267,0.4489000278473962,0.2336396546922862,0.3174603174603174,2023-12-23T00:00:00+00:00,3591,2023-12-22T20:00:00+00:00,False
ENG_PL::22067,2023-12-23 15:00:00+00:00,2023,walk_forward_dc,2,0.4991411265374252,0.2595210532977604,0.2413378201648142,0.4489000278473962,0.2336396546922862,0.3174603174603174,2023-12-23T00:00:00+00:00,3591,2023-12-22T20:00:00+00:00,False
ENG_PL::22069,2023-12-23 15:00:00+00:00,2023,walk_forward_dc,0,0.1194463581305358,0.1565422113590678,0.7240114305103963,0.4489000278473962,0.2336396546922862,0.3174603174603174,2023-12-23T00:00:00+00:00,3591,2023-12-22T20:00:00+00:00,False
ENG_PL::22068,2023-12-23 17:30:00+00:00,2023,walk_forward_dc,1,0.4499619766716767,0.2436750008810917,0.3063630224472316,0.4489000278473962,0.2336396546922862,0.3174603174603174,2023-12-23T00:00:00+00:00,3591,2023-12-22T20:00:00+00:00,False
ENG_PL::22073,2023-12-24 13:00:00+00:00,2023,walk_forward_dc,0,0.2634293882703369,0.2644009837104038,0.4721696280192594,0.4489852654990269,0.2335279399499583,0.3174867945510147,2023-12-24T00:00:00+00:00,3597,2023-12-23T17:30:00+00:00,False
ENG_PL::22083,2023-12-26 12:30:00+00:00,2023,walk_forward_dc,2,0.6988090654626288,0.1853206359024465,0.1158702986349246,0.4491384102279044,0.2334630350194552,0.3173985547526403,2023-12-26T00:00:00+00:00,3598,2023-12-24T13:00:00+00:00,False
ENG_PL::22084,2023-12-26 15:00:00+00:00,2023,walk_forward_dc,2,0.3613660377211427,0.2555461033882771,0.38308785889058,0.4491384102279044,0.2334630350194552,0.3173985547526403,2023-12-26T00:00:00+00:00,3598,2023-12-24T13:00:00+00:00,False
ENG_PL::22075,2023-12-26 15:00:00+00:00,2023,walk_forward_dc,0,0.5074294579089392,0.2408644613838867,0.2517060807071741,0.4491384102279044,0.2334630350194552,0.3173985547526403,2023-12-26T00:00:00+00:00,3598,2023-12-24T13:00:00+00:00,False
ENG_PL::22079,2023-12-26 17:30:00+00:00,2023,walk_forward_dc,2,0.1647144553820519,0.2094896121332241,0.6257959324847239,0.4491384102279044,0.2334630350194552,0.3173985547526403,2023-12-26T00:00:00+00:00,3598,2023-12-24T13:00:00+00:00,False
ENG_PL::22082,2023-12-26 20:00:00+00:00,2023,walk_forward_dc,0,0.4555452031957304,0.2458308167522702,0.2986239800519991,0.4491384102279044,0.2334630350194552,0.3173985547526403,2023-12-26T00:00:00+00:00,3598,2023-12-24T13:00:00+00:00,False
ENG_PL::22077,2023-12-27 19:30:00+00:00,2023,walk_forward_dc,2,0.589800653908614,0.2355164926406536,0.1746828534507322,0.4490702192617263,0.2331390507910075,0.3177907299472661,2023-12-27T00:00:00+00:00,3603,2023-12-26T20:00:00+00:00,False
ENG_PL::22080,2023-12-27 19:30:00+00:00,2023,walk_forward_dc,0,0.5485904374051462,0.2518373822394333,0.1995721803554203,0.4490702192617263,0.2331390507910075,0.3177907299472661,2023-12-27T00:00:00+00:00,3603,2023-12-26T20:00:00+00:00,False
ENG_PL::22081,2023-12-27 20:15:00+00:00,2023,walk_forward_dc,2,0.2007847017779102,0.2328140785412748,0.5664012196808149,0.4490702192617263,0.2331390507910075,0.3177907299472661,2023-12-27T00:00:00+00:00,3603,2023-12-26T20:00:00+00:00,False
ENG_PL::22078,2023-12-28 19:30:00+00:00,2023,walk_forward_dc,0,0.5018593674641582,0.2343297517404536,0.2638108807953881,0.4489739323349972,0.232945091514143,0.3180809761508597,2023-12-28T00:00:00+00:00,3606,2023-12-27T20:15:00+00:00,False
ENG_PL::22076,2023-12-28 20:15:00+00:00,2023,walk_forward_dc,2,0.6316910864113927,0.2144233671974434,0.1538855463911638,0.4489739323349972,0.232945091514143,0.3180809761508597,2023-12-28T00:00:00+00:00,3606,2023-12-27T20:15:00+00:00,False
ENG_PL::22089,2023-12-30 12:30:00+00:00,2023,walk_forward_dc,2,0.1524840758009116,0.1817225554534698,0.6657933687456185,0.4490022172949002,0.2328159645232816,0.3181818181818182,2023-12-30T00:00:00+00:00,3608,2023-12-28T20:15:00+00:00,False
ENG_PL::22085,2023-12-30 15:00:00+00:00,2023,walk_forward_dc,0,0.6244661322268537,0.2227216746583787,0.1528121931147678,0.4490022172949002,0.2328159645232816,0.3181818181818182,2023-12-30T00:00:00+00:00,3608,2023-12-28T20:15:00+00:00,False
ENG_PL::22086,2023-12-30 15:00:00+00:00,2023,walk_forward_dc,0,0.3390742888588933,0.2849588239615965,0.3759668871795101,0.4490022172949002,0.2328159645232816,0.3181818181818182,2023-12-30T00:00:00+00:00,3608,2023-12-28T20:15:00+00:00,False
ENG_PL::22090,2023-12-30 15:00:00+00:00,2023,walk_forward_dc,0,0.8883598951460828,0.083158512215313,0.0284815926386043,0.4490022172949002,0.2328159645232816,0.3181818181818182,2023-12-30T00:00:00+00:00,3608,2023-12-28T20:15:00+00:00,False
ENG_PL::22094,2023-12-30 15:00:00+00:00,2023,walk_forward_dc,0,0.3323271620618341,0.2667582428788899,0.400914595059276,0.4490022172949002,0.2328159645232816,0.3181818181818182,2023-12-30T00:00:00+00:00,3608,2023-12-28T20:15:00+00:00,False
ENG_PL::22091,2023-12-30 17:30:00+00:00,2023,walk_forward_dc,0,0.3157765710234184,0.2566579278455968,0.4275655011309848,0.4490022172949002,0.2328159645232816,0.3181818181818182,2023-12-30T00:00:00+00:00,3608,2023-12-28T20:15:00+00:00,False
ENG_PL::22092,2023-12-31 14:00:00+00:00,2023,walk_forward_dc,0,0.5575409197311114,0.2178654043513513,0.2245936759175373,0.4496402877697841,0.2324294410625345,0.3179302711676812,2023-12-31T00:00:00+00:00,3614,2023-12-30T17:30:00+00:00,False
ENG_PL::22087,2023-12-31 14:00:00+00:00,2023,walk_forward_dc,0,0.2016700538848933,0.2435567745969206,0.5547731715181861,0.4496402877697841,0.2324294410625345,0.3179302711676812,2023-12-31T00:00:00+00:00,3614,2023-12-30T17:30:00+00:00,False
ENG_PL::22088,2024-01-01 20:00:00+00:00,2023,walk_forward_dc,0,0.5257848218700527,0.2184651883543204,0.2557499897756268,0.4499446902654867,0.2323008849557522,0.317754424778761,2024-01-01T00:00:00+00:00,3616,2023-12-31T14:00:00+00:00,False
ENG_PL::22093,2024-01-02 19:30:00+00:00,2023,walk_forward_dc,1,0.3401227940784339,0.2545196946676813,0.4053575112538845,0.4500967652750898,0.2322366602156483,0.3176665745092618,2024-01-02T00:00:00+00:00,3617,2024-01-01T20:00:00+00:00,False
ENG_PL::22096,2024-01-12 19:45:00+00:00,2023,walk_forward_dc,1,0.5278731229437864,0.2296224107918937,0.2425044662643199,0.4499723604201216,0.2324488667772249,0.3175787728026534,2024-01-12T00:00:00+00:00,3618,2024-01-02T19:30:00+00:00,False
ENG_PL::22097,2024-01-13 12:30:00+00:00,2023,walk_forward_dc,0,0.6093424324872838,0.2185911556372853,0.1720664118754309,0.4498480243161094,0.2326609560652114,0.3174910196186792,2024-01-13T00:00:00+00:00,3619,2024-01-12T19:45:00+00:00,False
ENG_PL::22100,2024-01-13 17:30:00+00:00,2023,walk_forward_dc,2,0.2789044192605546,0.2438445641547474,0.477251016584698,0.4498480243161094,0.2326609560652114,0.3174910196186792,2024-01-13T00:00:00+00:00,3619,2024-01-12T19:45:00+00:00,False
ENG_PL::22098,2024-01-14 14:00:00+00:00,2023,walk_forward_dc,1,0.4053075588821662,0.2577025479488763,0.3369898931689577,0.4498757249378625,0.2325324495995581,0.3175918254625794,2024-01-14T00:00:00+00:00,3621,2024-01-13T17:30:00+00:00,False
ENG_PL::22099,2024-01-14 16:30:00+00:00,2023,walk_forward_dc,1,0.4419333053060865,0.2360827256090018,0.3219839690849116,0.4498757249378625,0.2325324495995581,0.3175918254625794,2024-01-14T00:00:00+00:00,3621,2024-01-13T17:30:00+00:00,False
ENG_PL::22103,2024-01-20 12:30:00+00:00,2023,walk_forward_dc,0,0.6275718941371197,0.2285018449499573,0.143926260912923,0.4496273806237924,0.2329561137179133,0.3174165056582942,2024-01-20T00:00:00+00:00,3623,2024-01-14T16:30:00+00:00,False
ENG_PL::22104,2024-01-20 17:30:00+00:00,2023,walk_forward_dc,0,0.5873926933856317,0.2339009564223206,0.1787063501920477,0.4496273806237924,0.2329561137179133,0.3174165056582942,2024-01-20T00:00:00+00:00,3623,2024-01-14T16:30:00+00:00,False
ENG_PL::22101,2024-01-21 14:00:00+00:00,2023,walk_forward_dc,1,0.2371547952843466,0.2549544500593095,0.5078907546563435,0.4499310344827586,0.2328275862068965,0.3172413793103448,2024-01-21T00:00:00+00:00,3625,2024-01-20T17:30:00+00:00,False
ENG_PL::22102,2024-01-21 16:30:00+00:00,2023,walk_forward_dc,2,0.2516309381448084,0.2202419736521872,0.5281270882030042,0.4499310344827586,0.2328275862068965,0.3172413793103448,2024-01-21T00:00:00+00:00,3625,2024-01-20T17:30:00+00:00,False
ENG_PL::22095,2024-01-22 19:45:00+00:00,2023,walk_forward_dc,1,0.6298308566820954,0.2119617598991275,0.1582073834187771,0.4496829335539013,0.2329749103942652,0.3173421560518334,2024-01-22T00:00:00+00:00,3627,2024-01-21T16:30:00+00:00,False
ENG_PL::22108,2024-01-30 19:30:00+00:00,2023,walk_forward_dc,2,0.1953138844871673,0.2450629063640841,0.5596232091487487,0.4495589856670341,0.233186328555678,0.3172546857772877,2024-01-30T00:00:00+00:00,3628,2024-01-22T19:45:00+00:00,False
ENG_PL::22106,2024-01-30 19:45:00+00:00,2023,walk_forward_dc,1,0.3648888085169585,0.264768285460834,0.3703429060222077,0.4495589856670341,0.233186328555678,0.3172546857772877,2024-01-30T00:00:00+00:00,3628,2024-01-22T19:45:00+00:00,False
ENG_PL::22107,2024-01-30 19:45:00+00:00,2023,walk_forward_dc,0,0.1710238641511157,0.1868117325672672,0.6421644032816172,0.4495589856670341,0.233186328555678,0.3172546857772877,2024-01-30T00:00:00+00:00,3628,2024-01-22T19:45:00+00:00,False
ENG_PL::22112,2024-01-30 20:00:00+00:00,2023,walk_forward_dc,0,0.6061512936048634,0.2373041032221108,0.1565446031730257,0.4495589856670341,0.233186328555678,0.3172546857772877,2024-01-30T00:00:00+00:00,3628,2024-01-22T19:45:00+00:00,False
ENG_PL::22105,2024-01-30 20:15:00+00:00,2023,walk_forward_dc,2,0.4090129014126072,0.2445781408731603,0.3464089577142322,0.4495589856670341,0.233186328555678,0.3172546857772877,2024-01-30T00:00:00+00:00,3628,2024-01-22T19:45:00+00:00,False
ENG_PL::22109,2024-01-31 19:30:00+00:00,2023,walk_forward_dc,0,0.4626539604402779,0.2436196534497008,0.2937263861100213,0.4494907789705477,0.233140655105973,0.3173685659234792,2024-01-31T00:00:00+00:00,3633,2024-01-30T20:15:00+00:00,False
ENG_PL::22114,2024-01-31 19:30:00+00:00,2023,walk_forward_dc,0,0.817154432736085,0.1300389378852332,0.0528066293786817,0.4494907789705477,0.233140655105973,0.3173685659234792,2024-01-31T00:00:00+00:00,3633,2024-01-30T20:15:00+00:00,False
ENG_PL::22113,2024-01-31 20:15:00+00:00,2023,walk_forward_dc,0,0.5850136261980303,0.2124006599529384,0.2025857138490311,0.4494907789705477,0.233140655105973,0.3173685659234792,2024-01-31T00:00:00+00:00,3633,2024-01-30T20:15:00+00:00,False
ENG_PL::22110,2024-02-01 19:30:00+00:00,2023,walk_forward_dc,1,0.4591434181278976,0.2480721983666227,0.2927843835054795,0.4499449944994499,0.2329482948294829,0.3171067106710671,2024-02-01T00:00:00+00:00,3636,2024-01-31T20:15:00+00:00,False
ENG_PL::22111,2024-02-01 20:15:00+00:00,2023,walk_forward_dc,2,0.3449564756203298,0.2624394575308665,0.3926040668488035,0.4499449944994499,0.2329482948294829,0.3171067106710671,2024-02-01T00:00:00+00:00,3636,2024-01-31T20:15:00+00:00,False
ENG_PL::22121,2024-02-03 12:30:00+00:00,2023,walk_forward_dc,1,0.398051885688172,0.2412646253546713,0.3606834889571567,0.4496976360637713,0.2330951072017592,0.3172072567344695,2024-02-03T00:00:00+00:00,3638,2024-02-01T20:15:00+00:00,False
ENG_PL::22118,2024-02-03 15:00:00+00:00,2023,walk_forward_dc,0,0.5617643556086536,0.2428800127741796,0.1953556316171669,0.4496976360637713,0.2330951072017592,0.3172072567344695,2024-02-03T00:00:00+00:00,3638,2024-02-01T20:15:00+00:00,False
ENG_PL::22119,2024-02-03 15:00:00+00:00,2023,walk_forward_dc,1,0.3877982665696721,0.2775057586273224,0.3346959748030055,0.4496976360637713,0.2330951072017592,0.3172072567344695,2024-02-03T00:00:00+00:00,3638,2024-02-01T20:15:00+00:00,False
ENG_PL::22123,2024-02-03 15:00:00+00:00,2023,walk_forward_dc,1,0.7914931999657053,0.1200860556754692,0.0884207443588254,0.4496976360637713,0.2330951072017592,0.3172072567344695,2024-02-03T00:00:00+00:00,3638,2024-02-01T20:15:00+00:00,False
ENG_PL::22124,2024-02-03 17:30:00+00:00,2023,walk_forward_dc,2,0.2063831599945755,0.2415288617748563,0.5520879782305683,0.4496976360637713,0.2330951072017592,0.3172072567344695,2024-02-03T00:00:00+00:00,3638,2024-02-01T20:15:00+00:00,False
ENG_PL::22122,2024-02-04 14:00:00+00:00,2023,walk_forward_dc,0,0.5302246607564552,0.2318385428811062,0.2379367963624384,0.4493549272577546,0.2335986824046116,0.3170463903376338,2024-02-04T00:00:00+00:00,3643,2024-02-03T17:30:00+00:00,False
ENG_PL::22120,2024-02-04 14:00:00+00:00,2023,walk_forward_dc,2,0.5963247883434206,0.224229014639042,0.1794461970175373,0.4493549272577546,0.2335986824046116,0.3170463903376338,2024-02-04T00:00:00+00:00,3643,2024-02-03T17:30:00+00:00,False
ENG_PL::22115,2024-02-04 14:00:00+00:00,2023,walk_forward_dc,1,0.5092226515439164,0.2521087275570382,0.2386686208990452,0.4493549272577546,0.2335986824046116,0.3170463903376338,2024-02-04T00:00:00+00:00,3643,2024-02-03T17:30:00+00:00,False
ENG_PL::22116,2024-02-04 16:30:00+00:00,2023,walk_forward_dc,0,0.4527332470393777,0.2449048023369513,0.3023619506236709,0.4493549272577546,0.2335986824046116,0.3170463903376338,2024-02-04T00:00:00+00:00,3643,2024-02-03T17:30:00+00:00,False
ENG_PL::22117,2024-02-05 20:00:00+00:00,2023,walk_forward_dc,2,0.2347215511961395,0.24335069377722,0.5219277550266403,0.4494104743624897,0.2336166712366328,0.3169728544008774,2024-02-05T00:00:00+00:00,3647,2024-02-04T16:30:00+00:00,False
ENG_PL::22130,2024-02-10 12:30:00+00:00,2023,walk_forward_dc,0,0.7127471000665859,0.1747586806022946,0.1124942193311192,0.4492872807017544,0.2335526315789473,0.3171600877192982,2024-02-10T00:00:00+00:00,3648,2024-02-05T20:00:00+00:00,False
ENG_PL::22127,2024-02-10 15:00:00+00:00,2023,walk_forward_dc,0,0.3919326177941803,0.2596302594306057,0.3484371227752141,0.4492872807017544,0.2335526315789473,0.3171600877192982,2024-02-10T00:00:00+00:00,3648,2024-02-05T20:00:00+00:00,False
ENG_PL::22128,2024-02-10 15:00:00+00:00,2023,walk_forward_dc,0,0.7645021107064209,0.1496353999528091,0.0858624893407699,0.4492872807017544,0.2335526315789473,0.3171600877192982,2024-02-10T00:00:00+00:00,3648,2024-02-05T20:00:00+00:00,False
ENG_PL::22129,2024-02-10 15:00:00+00:00,2023,walk_forward_dc,2,0.560950252644999,0.2111734582035777,0.2278762891514232,0.4492872807017544,0.2335526315789473,0.3171600877192982,2024-02-10T00:00:00+00:00,3648,2024-02-05T20:00:00+00:00,False
ENG_PL::22132,2024-02-10 15:00:00+00:00,2023,walk_forward_dc,0,0.4330678961732446,0.2366960088026227,0.3302360950241326,0.4492872807017544,0.2335526315789473,0.3171600877192982,2024-02-10T00:00:00+00:00,3648,2024-02-05T20:00:00+00:00,False
ENG_PL::22134,2024-02-10 15:00:00+00:00,2023,walk_forward_dc,2,0.3264365388362796,0.2589997784887325,0.4145636826749877,0.4492872807017544,0.2335526315789473,0.3171600877192982,2024-02-10T00:00:00+00:00,3648,2024-02-05T20:00:00+00:00,False
ENG_PL::22131,2024-02-10 17:30:00+00:00,2023,walk_forward_dc,2,0.2616931221928869,0.2432857193242108,0.4950211584829022,0.4492872807017544,0.2335526315789473,0.3171600877192982,2024-02-10T00:00:00+00:00,3648,2024-02-05T20:00:00+00:00,False
ENG_PL::22133,2024-02-11 14:00:00+00:00,2023,walk_forward_dc,2,0.2316645939984522,0.2471327563593282,0.5212026496422196,0.4495212038303693,0.2331053351573187,0.3173734610123119,2024-02-11T00:00:00+00:00,3655,2024-02-10T17:30:00+00:00,False
ENG_PL::22125,2024-02-11 16:30:00+00:00,2023,walk_forward_dc,2,0.4636648429288285,0.2406977300795896,0.2956374269915817,0.4495212038303693,0.2331053351573187,0.3173734610123119,2024-02-11T00:00:00+00:00,3655,2024-02-10T17:30:00+00:00,False
ENG_PL::22126,2024-02-12 20:00:00+00:00,2023,walk_forward_dc,2,0.3170439808128,0.2755503373252123,0.4074056818619876,0.4492753623188406,0.2329778506972928,0.3177467869838665,2024-02-12T00:00:00+00:00,3657,2024-02-11T16:30:00+00:00,False
ENG_PL::22135,2024-02-17 12:30:00+00:00,2023,walk_forward_dc,2,0.3109222233924382,0.2328908381284547,0.4561869384791069,0.4491525423728814,0.2329141607435757,0.3179332968835429,2024-02-17T00:00:00+00:00,3658,2024-02-12T20:00:00+00:00,False
ENG_PL::22136,2024-02-17 15:00:00+00:00,2023,walk_forward_dc,2,0.1474119553451212,0.2166970591024061,0.6358909855524728,0.4491525423728814,0.2329141607435757,0.3179332968835429,2024-02-17T00:00:00+00:00,3658,2024-02-12T20:00:00+00:00,False
ENG_PL::22138,2024-02-17 15:00:00+00:00,2023,walk_forward_dc,2,0.3214055339326924,0.2531186556078086,0.4254758104594989,0.4491525423728814,0.2329141607435757,0.3179332968835429,2024-02-17T00:00:00+00:00,3658,2024-02-12T20:00:00+00:00,False
ENG_PL::22141,2024-02-17 15:00:00+00:00,2023,walk_forward_dc,1,0.5842932955758592,0.2065916948199934,0.2091150096041473,0.4491525423728814,0.2329141607435757,0.3179332968835429,2024-02-17T00:00:00+00:00,3658,2024-02-12T20:00:00+00:00,False
ENG_PL::22142,2024-02-17 15:00:00+00:00,2023,walk_forward_dc,0,0.3787733736468239,0.279713742776968,0.341512883576208,0.4491525423728814,0.2329141607435757,0.3179332968835429,2024-02-17T00:00:00+00:00,3658,2024-02-12T20:00:00+00:00,False
ENG_PL::22144,2024-02-17 15:00:00+00:00,2023,walk_forward_dc,2,0.598326049248326,0.2137325101865309,0.1879414405651431,0.4491525423728814,0.2329141607435757,0.3179332968835429,2024-02-17T00:00:00+00:00,3658,2024-02-12T20:00:00+00:00,False
ENG_PL::22140,2024-02-17 17:30:00+00:00,2023,walk_forward_dc,1,0.6527168273524474,0.2029176804464225,0.14436549220113,0.4491525423728814,0.2329141607435757,0.3179332968835429,2024-02-17T00:00:00+00:00,3658,2024-02-12T20:00:00+00:00,False
ENG_PL::22143,2024-02-18 14:00:00+00:00,2023,walk_forward_dc,2,0.1730302240269084,0.2145886373432008,0.6123811386298906,0.4485675306957708,0.2330150068212824,0.3184174624829468,2024-02-18T00:00:00+00:00,3665,2024-02-17T17:30:00+00:00,False
ENG_PL::22139,2024-02-18 16:30:00+00:00,2023,walk_forward_dc,2,0.2512914782816839,0.2050752957801332,0.5436332259381826,0.4485675306957708,0.2330150068212824,0.3184174624829468,2024-02-18T00:00:00+00:00,3665,2024-02-17T17:30:00+00:00,False
ENG_PL::22137,2024-02-19 20:00:00+00:00,2023,walk_forward_dc,1,0.4915759748200927,0.2627357240381558,0.2456883011417514,0.4483228797382056,0.2328879192800654,0.3187892009817289,2024-02-19T00:00:00+00:00,3667,2024-02-18T16:30:00+00:00,False
ENG_PL::22074,2024-02-20 19:30:00+00:00,2023,walk_forward_dc,0,0.6720076985364344,0.1925457556530069,0.1354465458105587,0.4482006543075245,0.2330970556161395,0.3187022900763359,2024-02-20T00:00:00+00:00,3668,2024-02-19T20:00:00+00:00,False
ENG_PL::22151,2024-02-21 19:30:00+00:00,2023,walk_forward_dc,0,0.8476604173951178,0.093262035771076,0.0590775468338061,0.4483510493322431,0.2330335241210139,0.3186154265467429,2024-02-21T00:00:00+00:00,3669,2024-02-20T19:30:00+00:00,False
ENG_PL::22150,2024-02-24 15:00:00+00:00,2023,walk_forward_dc,0,0.4699944287306424,0.2856508516850633,0.2443547195842944,0.4485013623978202,0.2329700272479564,0.3185286103542234,2024-02-24T00:00:00+00:00,3670,2024-02-21T19:30:00+00:00,False
ENG_PL::22152,2024-02-24 15:00:00+00:00,2023,walk_forward_dc,2,0.57199137305399,0.2186110023942533,0.2093976245517566,0.4485013623978202,0.2329700272479564,0.3185286103542234,2024-02-24T00:00:00+00:00,3670,2024-02-21T19:30:00+00:00,False
ENG_PL::22147,2024-02-24 15:00:00+00:00,2023,walk_forward_dc,0,0.5352261019599905,0.2476567475513328,0.2171171504886766,0.4485013623978202,0.2329700272479564,0.3185286103542234,2024-02-24T00:00:00+00:00,3670,2024-02-21T19:30:00+00:00,False
ENG_PL::22148,2024-02-24 15:00:00+00:00,2023,walk_forward_dc,1,0.5072989259018371,0.2326524709458038,0.260048603152359,0.4485013623978202,0.2329700272479564,0.3185286103542234,2024-02-24T00:00:00+00:00,3670,2024-02-21T19:30:00+00:00,False
ENG_PL::22145,2024-02-24 17:30:00+00:00,2023,walk_forward_dc,2,0.1817323270411681,0.2202685459818522,0.5979991269769795,0.4485013623978202,0.2329700272479564,0.3185286103542234,2024-02-24T00:00:00+00:00,3670,2024-02-21T19:30:00+00:00,False
ENG_PL::22146,2024-02-24 20:00:00+00:00,2023,walk_forward_dc,0,0.5793375672374873,0.2171720171906843,0.2034904155718285,0.4485013623978202,0.2329700272479564,0.3185286103542234,2024-02-24T00:00:00+00:00,3670,2024-02-21T19:30:00+00:00,False
ENG_PL::22154,2024-02-25 13:30:00+00:00,2023,walk_forward_dc,0,0.590740954203922,0.2299759225923833,0.1792831232036946,0.4485854189336235,0.2328618063112078,0.3185527747551687,2024-02-25T00:00:00+00:00,3676,2024-02-24T20:00:00+00:00,False
ENG_PL::22153,2024-02-26 20:00:00+00:00,2023,walk_forward_dc,0,0.3506683859991185,0.2540338150101073,0.3952977989907741,0.4487353821049769,0.2327984770193092,0.3184661408757139,2024-02-26T00:00:00+00:00,3677,2024-02-25T13:30:00+00:00,False
ENG_PL::22164,2024-03-02 15:00:00+00:00,2023,walk_forward_dc,0,0.5408211297269393,0.2437863585974896,0.2153925116755712,0.4488852637302882,0.2327351821642196,0.3183795541054921,2024-03-02T00:00:00+00:00,3678,2024-02-26T20:00:00+00:00,False
ENG_PL::22162,2024-03-02 15:00:00+00:00,2023,walk_forward_dc,2,0.2005478476032312,0.2203040868421436,0.5791480655546252,0.4488852637302882,0.2327351821642196,0.3183795541054921,2024-03-02T00:00:00+00:00,3678,2024-02-26T20:00:00+00:00,False
ENG_PL::22161,2024-03-02 15:00:00+00:00,2023,walk_forward_dc,0,0.6150291954298563,0.2066574133270165,0.178313391243127,0.4488852637302882,0.2327351821642196,0.3183795541054921,2024-03-02T00:00:00+00:00,3678,2024-02-26T20:00:00+00:00,False
ENG_PL::22157,2024-03-02 15:00:00+00:00,2023,walk_forward_dc,2,0.5061788765772615,0.2404833497387629,0.2533377736839757,0.4488852637302882,0.2327351821642196,0.3183795541054921,2024-03-02T00:00:00+00:00,3678,2024-02-26T20:00:00+00:00,False
ENG_PL::22155,2024-03-02 15:00:00+00:00,2023,walk_forward_dc,1,0.4054977842982531,0.2453583215888397,0.3491438941129072,0.4488852637302882,0.2327351821642196,0.3183795541054921,2024-03-02T00:00:00+00:00,3678,2024-02-26T20:00:00+00:00,False
ENG_PL::22158,2024-03-02 15:00:00+00:00,2023,walk_forward_dc,0,0.2753176228242492,0.2460861976219143,0.4785961795538365,0.4488852637302882,0.2327351821642196,0.3183795541054921,2024-03-02T00:00:00+00:00,3678,2024-02-26T20:00:00+00:00,False
ENG_PL::22159,2024-03-02 17:30:00+00:00,2023,walk_forward_dc,2,0.2354844196468621,0.2023567971007219,0.5621587832524161,0.4488852637302882,0.2327351821642196,0.3183795541054921,2024-03-02T00:00:00+00:00,3678,2024-02-26T20:00:00+00:00,False
ENG_PL::22156,2024-03-03 13:00:00+00:00,2023,walk_forward_dc,2,0.296835583383632,0.2649957076079936,0.4381687090083742,0.4488466757123474,0.2325644504748982,0.3185888738127544,2024-03-03T00:00:00+00:00,3685,2024-03-02T17:30:00+00:00,False
ENG_PL::22160,2024-03-03 15:30:00+00:00,2023,walk_forward_dc,0,0.6867622879600843,0.1833648616056206,0.129872850434295,0.4488466757123474,0.2325644504748982,0.3185888738127544,2024-03-03T00:00:00+00:00,3685,2024-03-02T17:30:00+00:00,False
ENG_PL::22163,2024-03-04 20:00:00+00:00,2023,walk_forward_dc,2,0.0884872234654899,0.1679342774408066,0.7435784990937034,0.4488744236506645,0.232438296718199,0.3186872796311364,2024-03-04T00:00:00+00:00,3687,2024-03-03T15:30:00+00:00,False
ENG_PL::22172,2024-03-09 12:30:00+00:00,2023,walk_forward_dc,0,0.470239351173379,0.2328739695813723,0.2968866792452486,0.4487527114967462,0.2323752711496746,0.3188720173535792,2024-03-09T00:00:00+00:00,3688,2024-03-04T20:00:00+00:00,False
ENG_PL::22174,2024-03-09 15:00:00+00:00,2023,walk_forward_dc,0,0.4161089303803312,0.2658322149509785,0.3180588546686903,0.4487527114967462,0.2323752711496746,0.3188720173535792,2024-03-09T00:00:00+00:00,3688,2024-03-04T20:00:00+00:00,False
ENG_PL::22170,2024-03-09 15:00:00+00:00,2023,walk_forward_dc,1,0.538515841418196,0.2296410035702004,0.2318431550116037,0.4487527114967462,0.2323752711496746,0.3188720173535792,2024-03-09T00:00:00+00:00,3688,2024-03-04T20:00:00+00:00,False
ENG_PL::22165,2024-03-09 15:00:00+00:00,2023,walk_forward_dc,1,0.6748115588639636,0.1928175360681018,0.1323709050679345,0.4487527114967462,0.2323752711496746,0.3188720173535792,2024-03-09T00:00:00+00:00,3688,2024-03-04T20:00:00+00:00,False
ENG_PL::22166,2024-03-09 17:30:00+00:00,2023,walk_forward_dc,0,0.6416375128876679,0.2039794017373076,0.1543830853750245,0.4487527114967462,0.2323752711496746,0.3188720173535792,2024-03-09T00:00:00+00:00,3688,2024-03-04T20:00:00+00:00,False
ENG_PL::22167,2024-03-10 13:00:00+00:00,2023,walk_forward_dc,2,0.4217102168519157,0.2364223277999707,0.3418674553481136,0.4489574871378283,0.2326022204170051,0.3184402924451665,2024-03-10T00:00:00+00:00,3693,2024-03-09T17:30:00+00:00,False
ENG_PL::22168,2024-03-10 14:00:00+00:00,2023,walk_forward_dc,0,0.5833748198509526,0.230955025605565,0.1856701545434824,0.4489574871378283,0.2326022204170051,0.3184402924451665,2024-03-10T00:00:00+00:00,3693,2024-03-09T17:30:00+00:00,False
ENG_PL::22173,2024-03-10 14:00:00+00:00,2023,walk_forward_dc,1,0.5218800122025243,0.2529080082387344,0.2252119795587413,0.4489574871378283,0.2326022204170051,0.3184402924451665,2024-03-10T00:00:00+00:00,3693,2024-03-09T17:30:00+00:00,False
ENG_PL::22171,2024-03-10 15:45:00+00:00,2023,walk_forward_dc,1,0.3387458255486025,0.2500132161893535,0.4112409582620439,0.4489574871378283,0.2326022204170051,0.3184402924451665,2024-03-10T00:00:00+00:00,3693,2024-03-09T17:30:00+00:00,False
ENG_PL::22169,2024-03-11 20:00:00+00:00,2023,walk_forward_dc,0,0.423193596258339,0.233689919486378,0.343116484255283,0.4487422234243982,0.2328915336759534,0.3183662428996484,2024-03-11T00:00:00+00:00,3697,2024-03-10T15:45:00+00:00,False
ENG_PL::25861,2024-03-13 19:30:00+00:00,2023,walk_forward_dc,0,0.652833743178527,0.1749196408052026,0.1722466160162703,0.4488912925905895,0.2328285559762033,0.3182801514332071,2024-03-13T00:00:00+00:00,3698,2024-03-11T20:00:00+00:00,False
ENG_PL::22177,2024-03-16 15:00:00+00:00,2023,walk_forward_dc,0,0.2616432126478853,0.2543733948156729,0.4839833925364418,0.4490402811570694,0.2327656123276561,0.3181941065152744,2024-03-16T00:00:00+00:00,3699,2024-03-13T19:30:00+00:00,False
ENG_PL::22181,2024-03-16 15:00:00+00:00,2023,walk_forward_dc,1,0.3506517290645954,0.2360274853813299,0.4133207855540746,0.4490402811570694,0.2327656123276561,0.3181941065152744,2024-03-16T00:00:00+00:00,3699,2024-03-13T19:30:00+00:00,False
ENG_PL::22180,2024-03-16 17:30:00+00:00,2023,walk_forward_dc,0,0.3068790210221241,0.2409312475500354,0.4521897314278406,0.4490402811570694,0.2327656123276561,0.3181941065152744,2024-03-16T00:00:00+00:00,3699,2024-03-13T19:30:00+00:00,False
ENG_PL::22183,2024-03-17 14:00:00+00:00,2023,walk_forward_dc,1,0.3682414444919639,0.2488999677174901,0.3828585877905457,0.4492166396542409,0.2328471096704484,0.3179362506753106,2024-03-17T00:00:00+00:00,3702,2024-03-16T17:30:00+00:00,False
ENG_PL::22191,2024-03-30 12:30:00+00:00,2023,walk_forward_dc,0,0.5823472210019472,0.2127209450486481,0.2049318339494047,0.4490953281123413,0.2330542803132595,0.3178503915743991,2024-03-30T00:00:00+00:00,3703,2024-03-17T14:00:00+00:00,False
ENG_PL::22188,2024-03-30 15:00:00+00:00,2023,walk_forward_dc,1,0.6357836775209132,0.2117019300570396,0.1525143924220471,0.4490953281123413,0.2330542803132595,0.3178503915743991,2024-03-30T00:00:00+00:00,3703,2024-03-17T14:00:00+00:00,False
ENG_PL::22185,2024-03-30 15:00:00+00:00,2023,walk_forward_dc,0,0.4086215781060301,0.2407368139504317,0.3506416079435381,0.4490953281123413,0.2330542803132595,0.3178503915743991,2024-03-30T00:00:00+00:00,3703,2024-03-17T14:00:00+00:00,False
ENG_PL::22192,2024-03-30 15:00:00+00:00,2023,walk_forward_dc,1,0.4055820139886035,0.2970170545760046,0.2974009314353917,0.4490953281123413,0.2330542803132595,0.3178503915743991,2024-03-30T00:00:00+00:00,3703,2024-03-17T14:00:00+00:00,False
ENG_PL::22194,2024-03-30 15:00:00+00:00,2023,walk_forward_dc,0,0.7374129885993335,0.1410254665432773,0.1215615448573891,0.4490953281123413,0.2330542803132595,0.3178503915743991,2024-03-30T00:00:00+00:00,3703,2024-03-17T14:00:00+00:00,False
ENG_PL::22193,2024-03-30 15:00:00+00:00,2023,walk_forward_dc,1,0.2632885727572307,0.2498206329802186,0.4868907942625505,0.4490953281123413,0.2330542803132595,0.3178503915743991,2024-03-30T00:00:00+00:00,3703,2024-03-17T14:00:00+00:00,False
ENG_PL::22186,2024-03-30 17:30:00+00:00,2023,walk_forward_dc,0,0.5674138322173973,0.2265874412702537,0.205998726512349,0.4490953281123413,0.2330542803132595,0.3178503915743991,2024-03-30T00:00:00+00:00,3703,2024-03-17T14:00:00+00:00,False
ENG_PL::22187,2024-03-30 20:00:00+00:00,2023,walk_forward_dc,1,0.4457546671328066,0.2351498063983539,0.3190955264688395,0.4490953281123413,0.2330542803132595,0.3178503915743991,2024-03-30T00:00:00+00:00,3703,2024-03-17T14:00:00+00:00,False
ENG_PL::22189,2024-03-31 13:00:00+00:00,2023,walk_forward_dc,0,0.5648284573440177,0.2156345902578031,0.2195369523981791,0.4492050660199407,0.2336297493936944,0.3171651845863648,2024-03-31T00:00:00+00:00,3711,2024-03-30T20:00:00+00:00,False
ENG_PL::22190,2024-03-31 15:30:00+00:00,2023,walk_forward_dc,1,0.4689045004417426,0.2686113985611695,0.262484100997088,0.4492050660199407,0.2336297493936944,0.3171651845863648,2024-03-31T00:00:00+00:00,3711,2024-03-30T20:00:00+00:00,False
ENG_PL::22202,2024-04-02 18:30:00+00:00,2023,walk_forward_dc,1,0.5256534662975447,0.2222394981671274,0.2521070355353277,0.4492324266092108,0.2337732291947212,0.3169943441960678,2024-04-02T00:00:00+00:00,3713,2024-03-31T15:30:00+00:00,False
ENG_PL::22198,2024-04-02 18:30:00+00:00,2023,walk_forward_dc,0,0.4274755817711159,0.2703822634072052,0.3021421548216788,0.4492324266092108,0.2337732291947212,0.3169943441960678,2024-04-02T00:00:00+00:00,3713,2024-03-31T15:30:00+00:00,False
ENG_PL::22197,2024-04-02 18:45:00+00:00,2023,walk_forward_dc,1,0.3830426759341525,0.2721801005182204,0.3447772235476272,0.4492324266092108,0.2337732291947212,0.3169943441960678,2024-04-02T00:00:00+00:00,3713,2024-03-31T15:30:00+00:00,False
ENG_PL::22195,2024-04-02 18:45:00+00:00,2023,walk_forward_dc,0,0.466499872482597,0.2628040082521231,0.2706961192652799,0.4492324266092108,0.2337732291947212,0.3169943441960678,2024-04-02T00:00:00+00:00,3713,2024-03-31T15:30:00+00:00,False
ENG_PL::22199,2024-04-02 19:15:00+00:00,2023,walk_forward_dc,1,0.3337797309302094,0.2441587707636445,0.4220614983061459,0.4492324266092108,0.2337732291947212,0.3169943441960678,2024-04-02T00:00:00+00:00,3713,2024-03-31T15:30:00+00:00,False
ENG_PL::22196,2024-04-03 18:30:00+00:00,2023,walk_forward_dc,0,0.8467420755072695,0.1002293914400335,0.0530285330526969,0.4491662183969876,0.2342657342657342,0.3165680473372781,2024-04-03T00:00:00+00:00,3718,2024-04-02T19:15:00+00:00,False
ENG_PL::22200,2024-04-03 18:30:00+00:00,2023,walk_forward_dc,1,0.4101490063985082,0.2457055951221824,0.3441453984793095,0.4491662183969876,0.2342657342657342,0.3165680473372781,2024-04-03T00:00:00+00:00,3718,2024-04-02T19:15:00+00:00,False
ENG_PL::22204,2024-04-03 19:15:00+00:00,2023,walk_forward_dc,0,0.6999707855846254,0.1822083864751634,0.1178208279402112,0.4491662183969876,0.2342657342657342,0.3165680473372781,2024-04-03T00:00:00+00:00,3718,2024-04-02T19:15:00+00:00,False
ENG_PL::22203,2024-04-04 18:30:00+00:00,2023,walk_forward_dc,0,0.8525503252562263,0.0990559568713932,0.0483937178723804,0.4493415748454716,0.2343456060198871,0.3163128191346412,2024-04-04T00:00:00+00:00,3721,2024-04-03T19:15:00+00:00,False
ENG_PL::22201,2024-04-04 19:15:00+00:00,2023,walk_forward_dc,0,0.5098826356542631,0.2245716524250196,0.2655457119207173,0.4493415748454716,0.2343456060198871,0.3163128191346412,2024-04-04T00:00:00+00:00,3721,2024-04-03T19:15:00+00:00,False
ENG_PL::22207,2024-04-06 11:30:00+00:00,2023,walk_forward_dc,2,0.1485457234634434,0.2355094472919869,0.6159448292445695,0.4496373892022562,0.2342197152833736,0.3161428955143701,2024-04-06T00:00:00+00:00,3723,2024-04-04T19:15:00+00:00,False
ENG_PL::22205,2024-04-06 14:00:00+00:00,2023,walk_forward_dc,1,0.4312135420273178,0.2382772615090472,0.3305091964636349,0.4496373892022562,0.2342197152833736,0.3161428955143701,2024-04-06T00:00:00+00:00,3723,2024-04-04T19:15:00+00:00,False
ENG_PL::22208,2024-04-06 14:00:00+00:00,2023,walk_forward_dc,0,0.5850660823028635,0.2254410764081907,0.1894928412889457,0.4496373892022562,0.2342197152833736,0.3161428955143701,2024-04-06T00:00:00+00:00,3723,2024-04-04T19:15:00+00:00,False
ENG_PL::22209,2024-04-06 14:00:00+00:00,2023,walk_forward_dc,2,0.2844269250275695,0.2312775501081966,0.484295524864234,0.4496373892022562,0.2342197152833736,0.3161428955143701,2024-04-06T00:00:00+00:00,3723,2024-04-04T19:15:00+00:00,False
ENG_PL::22210,2024-04-06 14:00:00+00:00,2023,walk_forward_dc,0,0.296429980324764,0.2160124729560635,0.4875575467191725,0.4496373892022562,0.2342197152833736,0.3161428955143701,2024-04-06T00:00:00+00:00,3723,2024-04-04T19:15:00+00:00,False
ENG_PL::22214,2024-04-06 14:00:00+00:00,2023,walk_forward_dc,2,0.3823258061231612,0.2645715544646115,0.3531026394122271,0.4496373892022562,0.2342197152833736,0.3161428955143701,2024-04-06T00:00:00+00:00,3723,2024-04-04T19:15:00+00:00,False
ENG_PL::22206,2024-04-06 16:30:00+00:00,2023,walk_forward_dc,2,0.286955984906357,0.2663105653721374,0.4467334497215056,0.4496373892022562,0.2342197152833736,0.3161428955143701,2024-04-06T00:00:00+00:00,3723,2024-04-04T19:15:00+00:00,False
ENG_PL::22211,2024-04-07 14:30:00+00:00,2023,walk_forward_dc,1,0.2736453006287513,0.2180642473625463,0.5082904520087023,0.4493297587131367,0.2340482573726541,0.3166219839142091,2024-04-07T00:00:00+00:00,3730,2024-04-06T16:30:00+00:00,False
ENG_PL::22212,2024-04-07 16:30:00+00:00,2023,walk_forward_dc,1,0.174304851914678,0.2080372781981073,0.6176578698872147,0.4493297587131367,0.2340482573726541,0.3166219839142091,2024-04-07T00:00:00+00:00,3730,2024-04-06T16:30:00+00:00,False
ENG_PL::22213,2024-04-07 17:00:00+00:00,2023,walk_forward_dc,0,0.5575338681497986,0.2321459153758361,0.2103202164743655,0.4493297587131367,0.2340482573726541,0.3166219839142091,2024-04-07T00:00:00+00:00,3730,2024-04-06T16:30:00+00:00,False
ENG_PL::22222,2024-04-13 11:30:00+00:00,2023,walk_forward_dc,0,0.4978977413702043,0.2196981265949859,0.2824041320348096,0.4492365389766943,0.2343959282078757,0.3163675328154299,2024-04-13T00:00:00+00:00,3733,2024-04-07T17:00:00+00:00,False
ENG_PL::22217,2024-04-13 14:00:00+00:00,2023,walk_forward_dc,0,0.6847315939042206,0.1849364698084461,0.1303319362873334,0.4492365389766943,0.2343959282078757,0.3163675328154299,2024-04-13T00:00:00+00:00,3733,2024-04-07T17:00:00+00:00,False
ENG_PL::22218,2024-04-13 14:00:00+00:00,2023,walk_forward_dc,1,0.2526688455145503,0.2523955076007153,0.4949356468847344,0.4492365389766943,0.2343959282078757,0.3163675328154299,2024-04-13T00:00:00+00:00,3733,2024-04-07T17:00:00+00:00,False
ENG_PL::22223,2024-04-13 14:00:00+00:00,2023,walk_forward_dc,1,0.4590210174902854,0.2710339224855267,0.269945060024188,0.4492365389766943,0.2343959282078757,0.3163675328154299,2024-04-13T00:00:00+00:00,3733,2024-04-07T17:00:00+00:00,False
ENG_PL::22221,2024-04-13 14:00:00+00:00,2023,walk_forward_dc,0,0.8725137962634363,0.0856222494169164,0.041863954319647,0.4492365389766943,0.2343959282078757,0.3163675328154299,2024-04-13T00:00:00+00:00,3733,2024-04-07T17:00:00+00:00,False
ENG_PL::22215,2024-04-13 16:30:00+00:00,2023,walk_forward_dc,1,0.4223722846632451,0.235334032410074,0.3422936829266808,0.4492365389766943,0.2343959282078757,0.3163675328154299,2024-04-13T00:00:00+00:00,3733,2024-04-07T17:00:00+00:00,False
ENG_PL::22220,2024-04-14 13:00:00+00:00,2023,walk_forward_dc,2,0.6984063554904352,0.1835717088486278,0.118021935660937,0.4493179994650976,0.234822144958545,0.3158598555763573,2024-04-14T00:00:00+00:00,3739,2024-04-13T16:30:00+00:00,False
ENG_PL::22224,2024-04-14 13:00:00+00:00,2023,walk_forward_dc,2,0.4640614608840376,0.2510332994069371,0.2849052397090249,0.4493179994650976,0.234822144958545,0.3158598555763573,2024-04-14T00:00:00+00:00,3739,2024-04-13T16:30:00+00:00,False
ENG_PL::22216,2024-04-14 15:30:00+00:00,2023,walk_forward_dc,2,0.6694688386814248,0.1947621025083439,0.1357690588102313,0.4493179994650976,0.234822144958545,0.3158598555763573,2024-04-14T00:00:00+00:00,3739,2024-04-13T16:30:00+00:00,False
ENG_PL::22219,2024-04-15 19:00:00+00:00,2023,walk_forward_dc,0,0.4980777443950075,0.235295725478352,0.2666265301266402,0.4489577765900588,0.2346338856226617,0.3164083377872795,2024-04-15T00:00:00+00:00,3742,2024-04-14T15:30:00+00:00,False
ENG_PL::22232,2024-04-20 14:00:00+00:00,2023,walk_forward_dc,2,0.3510653117361176,0.2762764755395653,0.372658212724317,0.4491049959925193,0.2345711995725354,0.3163238044349452,2024-04-20T00:00:00+00:00,3743,2024-04-15T19:00:00+00:00,False
ENG_PL::22230,2024-04-20 14:00:00+00:00,2023,walk_forward_dc,2,0.2644995134809373,0.2146369199731897,0.5208635665458732,0.4491049959925193,0.2345711995725354,0.3163238044349452,2024-04-20T00:00:00+00:00,3743,2024-04-15T19:00:00+00:00,False
ENG_PL::22234,2024-04-20 18:30:00+00:00,2023,walk_forward_dc,2,0.159197208872878,0.2282367126128025,0.6125660785143195,0.4491049959925193,0.2345711995725354,0.3163238044349452,2024-04-20T00:00:00+00:00,3743,2024-04-15T19:00:00+00:00,False
ENG_PL::22228,2024-04-21 12:30:00+00:00,2023,walk_forward_dc,0,0.4795660964380357,0.2566280051990542,0.26380589836291,0.4487453283502403,0.2343833422317138,0.3168713294180459,2024-04-21T00:00:00+00:00,3746,2024-04-20T18:30:00+00:00,False
ENG_PL::22225,2024-04-21 14:00:00+00:00,2023,walk_forward_dc,0,0.4668709877654974,0.2370316268842079,0.2960973853502947,0.4487453283502403,0.2343833422317138,0.3168713294180459,2024-04-21T00:00:00+00:00,3746,2024-04-20T18:30:00+00:00,False
ENG_PL::22227,2024-04-21 14:00:00+00:00,2023,walk_forward_dc,0,0.4203575545398436,0.2740561705637626,0.3055862748963938,0.4487453283502403,0.2343833422317138,0.3168713294180459,2024-04-21T00:00:00+00:00,3746,2024-04-20T18:30:00+00:00,False
ENG_PL::22229,2024-04-21 15:30:00+00:00,2023,walk_forward_dc,2,0.2018888156001105,0.2038255585757552,0.5942856258241342,0.4487453283502403,0.2343833422317138,0.3168713294180459,2024-04-21T00:00:00+00:00,3746,2024-04-20T18:30:00+00:00,False
ENG_PL::22175,2024-04-23 19:00:00+00:00,2023,walk_forward_dc,0,0.6137394655873408,0.2175234838617434,0.1687370505509157,0.4490666666666666,0.2341333333333333,0.3168,2024-04-23T00:00:00+00:00,3750,2024-04-21T15:30:00+00:00,False
ENG_PL::22184,2024-04-24 18:45:00+00:00,2023,walk_forward_dc,2,0.3577975557237571,0.2587550494676798,0.3834473948085628,0.4492135430551853,0.2340709144228205,0.3167155425219941,2024-04-24T00:00:00+00:00,3751,2024-04-23T19:00:00+00:00,False
ENG_PL::22182,2024-04-24 19:00:00+00:00,2023,walk_forward_dc,0,0.6581391527915633,0.1903854260992836,0.151475421109153,0.4492135430551853,0.2340709144228205,0.3167155425219941,2024-04-24T00:00:00+00:00,3751,2024-04-23T19:00:00+00:00,False
ENG_PL::22178,2024-04-24 19:00:00+00:00,2023,walk_forward_dc,0,0.3002850778544345,0.2525191026696967,0.4471958194758688,0.4492135430551853,0.2340709144228205,0.3167155425219941,2024-04-24T00:00:00+00:00,3751,2024-04-23T19:00:00+00:00,False
ENG_PL::22179,2024-04-24 19:00:00+00:00,2023,walk_forward_dc,0,0.2499095618212795,0.2228450713544266,0.5272453668242939,0.4492135430551853,0.2340709144228205,0.3167155425219941,2024-04-24T00:00:00+00:00,3751,2024-04-23T19:00:00+00:00,False
ENG_PL::22176,2024-04-25 19:00:00+00:00,2023,walk_forward_dc,2,0.2264618750982394,0.2397432682820515,0.533794856619709,0.4495339547270306,0.2338215712383488,0.3166444740346205,2024-04-25T00:00:00+00:00,3755,2024-04-24T19:00:00+00:00,False
ENG_PL::22243,2024-04-27 11:30:00+00:00,2023,walk_forward_dc,1,0.200045118427649,0.2048433784639135,0.5951115031084374,0.4494142705005325,0.2337593184238551,0.3168264110756124,2024-04-27T00:00:00+00:00,3756,2024-04-25T19:00:00+00:00,False
ENG_PL::22238,2024-04-27 14:00:00+00:00,2023,walk_forward_dc,1,0.4114223649242434,0.2698630526577425,0.318714582418014,0.4494142705005325,0.2337593184238551,0.3168264110756124,2024-04-27T00:00:00+00:00,3756,2024-04-25T19:00:00+00:00,False
ENG_PL::22239,2024-04-27 14:00:00+00:00,2023,walk_forward_dc,1,0.5694035173748427,0.2219023104278554,0.208694172197302,0.4494142705005325,0.2337593184238551,0.3168264110756124,2024-04-27T00:00:00+00:00,3756,2024-04-25T19:00:00+00:00,False
ENG_PL::22240,2024-04-27 14:00:00+00:00,2023,walk_forward_dc,0,0.7486646634672836,0.1524108722466576,0.0989244642860587,0.4494142705005325,0.2337593184238551,0.3168264110756124,2024-04-27T00:00:00+00:00,3756,2024-04-25T19:00:00+00:00,False
ENG_PL::22244,2024-04-27 14:00:00+00:00,2023,walk_forward_dc,0,0.5296574185757303,0.2229676363972443,0.2473749450270253,0.4494142705005325,0.2337593184238551,0.3168264110756124,2024-04-27T00:00:00+00:00,3756,2024-04-25T19:00:00+00:00,False
ENG_PL::22237,2024-04-27 16:30:00+00:00,2023,walk_forward_dc,0,0.4019548490627347,0.2485500439289024,0.3494951070083629,0.4494142705005325,0.2337593184238551,0.3168264110756124,2024-04-27T00:00:00+00:00,3756,2024-04-25T19:00:00+00:00,False
ENG_PL::22236,2024-04-27 19:00:00+00:00,2023,walk_forward_dc,1,0.4084495378742236,0.2351213247340023,0.3564291373917741,0.4494142705005325,0.2337593184238551,0.3168264110756124,2024-04-27T00:00:00+00:00,3756,2024-04-25T19:00:00+00:00,False
ENG_PL::22235,2024-04-28 13:00:00+00:00,2023,walk_forward_dc,0,0.392130359344268,0.2482533608615702,0.3596162797941618,0.4493754982726547,0.2343874568163699,0.3162370449109752,2024-04-28T00:00:00+00:00,3763,2024-04-27T19:00:00+00:00,False
ENG_PL::22241,2024-04-28 13:00:00+00:00,2023,walk_forward_dc,2,0.2531200418101239,0.2413933500704863,0.5054866081193897,0.4493754982726547,0.2343874568163699,0.3162370449109752,2024-04-28T00:00:00+00:00,3763,2024-04-27T19:00:00+00:00,False
ENG_PL::22242,2024-04-28 15:30:00+00:00,2023,walk_forward_dc,2,0.1590262811157093,0.2285883049997315,0.612385413884559,0.4493754982726547,0.2343874568163699,0.3162370449109752,2024-04-28T00:00:00+00:00,3763,2024-04-27T19:00:00+00:00,False
ENG_PL::22149,2024-05-02 18:30:00+00:00,2023,walk_forward_dc,0,0.4764859699981971,0.2262385274897787,0.297275502512024,0.4492830589484864,0.2342007434944238,0.3165161975570897,2024-05-02T00:00:00+00:00,3766,2024-04-28T15:30:00+00:00,False
ENG_PL::22252,2024-05-03 19:00:00+00:00,2023,walk_forward_dc,1,0.2764809579794233,0.2217952258386753,0.5017238161819014,0.4494292540483143,0.2341385718078046,0.3164321741438811,2024-05-03T00:00:00+00:00,3767,2024-05-02T18:30:00+00:00,False
ENG_PL::22245,2024-05-04 11:30:00+00:00,2023,walk_forward_dc,0,0.6760065050361593,0.192386289680448,0.1316072052833925,0.4493099787685775,0.2343418259023354,0.316348195329087,2024-05-04T00:00:00+00:00,3768,2024-05-03T19:00:00+00:00,False
ENG_PL::22248,2024-05-04 14:00:00+00:00,2023,walk_forward_dc,2,0.2470139964089672,0.2325579819830543,0.5204280216079786,0.4493099787685775,0.2343418259023354,0.316348195329087,2024-05-04T00:00:00+00:00,3768,2024-05-03T19:00:00+00:00,False
ENG_PL::22254,2024-05-04 14:00:00+00:00,2023,walk_forward_dc,2,0.2879305475955321,0.2654683921667678,0.4466010602377002,0.4493099787685775,0.2343418259023354,0.316348195329087,2024-05-04T00:00:00+00:00,3768,2024-05-03T19:00:00+00:00,False
ENG_PL::22246,2024-05-04 14:00:00+00:00,2023,walk_forward_dc,1,0.5438968895467757,0.2292166566336142,0.2268864538196101,0.4493099787685775,0.2343418259023354,0.316348195329087,2024-05-04T00:00:00+00:00,3768,2024-05-03T19:00:00+00:00,False
ENG_PL::22253,2024-05-04 16:30:00+00:00,2023,walk_forward_dc,0,0.7857547858918125,0.1443624907630344,0.0698827233451529,0.4493099787685775,0.2343418259023354,0.316348195329087,2024-05-04T00:00:00+00:00,3768,2024-05-03T19:00:00+00:00,False
ENG_PL::22247,2024-05-05 13:00:00+00:00,2023,walk_forward_dc,0,0.484671591595458,0.2367390002640161,0.2785894081405259,0.4492446329181023,0.234296315928969,0.3164590511529287,2024-05-05T00:00:00+00:00,3773,2024-05-04T16:30:00+00:00,False
ENG_PL::22249,2024-05-05 13:00:00+00:00,2023,walk_forward_dc,0,0.5999787239708033,0.2088987384604531,0.1911225375687436,0.4492446329181023,0.234296315928969,0.3164590511529287,2024-05-05T00:00:00+00:00,3773,2024-05-04T16:30:00+00:00,False
ENG_PL::22251,2024-05-05 15:30:00+00:00,2023,walk_forward_dc,0,0.6353844991818941,0.1857494308950535,0.1788660699230524,0.4492446329181023,0.234296315928969,0.3164590511529287,2024-05-05T00:00:00+00:00,3773,2024-05-04T16:30:00+00:00,False
ENG_PL::22250,2024-05-06 19:00:00+00:00,2023,walk_forward_dc,0,0.3989444492683718,0.2571634424135065,0.3438921083181218,0.4496822033898305,0.2341101694915254,0.3162076271186441,2024-05-06T00:00:00+00:00,3776,2024-05-05T15:30:00+00:00,False
ENG_PL::22258,2024-05-11 11:30:00+00:00,2023,walk_forward_dc,2,0.1662677567177098,0.2144344374405514,0.619297805841739,0.4498279057453005,0.2340481863913158,0.3161239078633836,2024-05-11T00:00:00+00:00,3777,2024-05-06T19:00:00+00:00,False
ENG_PL::22264,2024-05-11 14:00:00+00:00,2023,walk_forward_dc,2,0.350375115870343,0.2855304175190076,0.3640944666106491,0.4498279057453005,0.2340481863913158,0.3161239078633836,2024-05-11T00:00:00+00:00,3777,2024-05-06T19:00:00+00:00,False
ENG_PL::22263,2024-05-11 14:00:00+00:00,2023,walk_forward_dc,0,0.5692105994850183,0.2081153500340019,0.2226740504809798,0.4498279057453005,0.2340481863913158,0.3161239078633836,2024-05-11T00:00:00+00:00,3777,2024-05-06T19:00:00+00:00,False
ENG_PL::22262,2024-05-11 14:00:00+00:00,2023,walk_forward_dc,0,0.6411069922523988,0.1961417982774348,0.1627512094701663,0.4498279057453005,0.2340481863913158,0.3161239078633836,2024-05-11T00:00:00+00:00,3777,2024-05-06T19:00:00+00:00,False
ENG_PL::22257,2024-05-11 14:00:00+00:00,2023,walk_forward_dc,0,0.6292116752869594,0.2073242089430333,0.1634641157700073,0.4498279057453005,0.2340481863913158,0.3161239078633836,2024-05-11T00:00:00+00:00,3777,2024-05-06T19:00:00+00:00,False
ENG_PL::22255,2024-05-11 14:00:00+00:00,2023,walk_forward_dc,2,0.4153067557105287,0.2444469144309564,0.340246329858515,0.4498279057453005,0.2340481863913158,0.3161239078633836,2024-05-11T00:00:00+00:00,3777,2024-05-06T19:00:00+00:00,False
ENG_PL::22260,2024-05-11 14:00:00+00:00,2023,walk_forward_dc,1,0.5076983464736458,0.2275704639023508,0.2647311896240033,0.4498279057453005,0.2340481863913158,0.3161239078633836,2024-05-11T00:00:00+00:00,3777,2024-05-06T19:00:00+00:00,False
ENG_PL::22261,2024-05-11 16:30:00+00:00,2023,walk_forward_dc,2,0.3413712308622979,0.2557979243608626,0.4028308447768395,0.4498279057453005,0.2340481863913158,0.3161239078633836,2024-05-11T00:00:00+00:00,3777,2024-05-06T19:00:00+00:00,False
ENG_PL::22259,2024-05-12 15:30:00+00:00,2023,walk_forward_dc,2,0.2184251308346442,0.2297668900839858,0.5518079790813701,0.449669749009247,0.2338177014531043,0.3165125495376486,2024-05-12T00:00:00+00:00,3785,2024-05-11T16:30:00+00:00,False
ENG_PL::22256,2024-05-13 19:00:00+00:00,2023,walk_forward_dc,1,0.2590820172077757,0.2206979339967151,0.520220048795509,0.4495509772847332,0.233755942947702,0.3166930797675647,2024-05-13T00:00:00+00:00,3786,2024-05-12T15:30:00+00:00,False
ENG_PL::22233,2024-05-14 19:00:00+00:00,2023,walk_forward_dc,2,0.2216684331197094,0.2244093128576715,0.5539222540226191,0.4494322682862424,0.2339582783205703,0.3166094533931872,2024-05-14T00:00:00+00:00,3787,2024-05-13T19:00:00+00:00,False
ENG_PL::22226,2024-05-15 18:45:00+00:00,2023,walk_forward_dc,2,0.4268421411695168,0.2391978855018039,0.3339599733286794,0.4493136219640971,0.23389651531151,0.3167898627243928,2024-05-15T00:00:00+00:00,3788,2024-05-14T19:00:00+00:00,False
ENG_PL::22231,2024-05-15 19:00:00+00:00,2023,walk_forward_dc,0,0.3602889291336365,0.22671723474809,0.4129938361182734,0.4493136219640971,0.23389651531151,0.3167898627243928,2024-05-15T00:00:00+00:00,3788,2024-05-14T19:00:00+00:00,False
ENG_PL::22271,2024-05-19 15:00:00+00:00,2023,walk_forward_dc,0,0.761907893357253,0.1470882821921854,0.0910038244505617,0.4493403693931398,0.2337730870712401,0.31688654353562,2024-05-19T00:00:00+00:00,3790,2024-05-15T19:00:00+00:00,False
ENG_PL::22270,2024-05-19 15:00:00+00:00,2023,walk_forward_dc,0,0.405333063394397,0.2638154719135986,0.3308514646920042,0.4493403693931398,0.2337730870712401,0.31688654353562,2024-05-19T00:00:00+00:00,3790,2024-05-15T19:00:00+00:00,False
ENG_PL::22272,2024-05-19 15:00:00+00:00,2023,walk_forward_dc,2,0.3152838301939122,0.2332798098629383,0.4514363599431493,0.4493403693931398,0.2337730870712401,0.31688654353562,2024-05-19T00:00:00+00:00,3790,2024-05-15T19:00:00+00:00,False
ENG_PL::22269,2024-05-19 15:00:00+00:00,2023,walk_forward_dc,0,0.5574432144060208,0.2140357410029655,0.2285210445910135,0.4493403693931398,0.2337730870712401,0.31688654353562,2024-05-19T00:00:00+00:00,3790,2024-05-15T19:00:00+00:00,False
ENG_PL::22273,2024-05-19 15:00:00+00:00,2023,walk_forward_dc,0,0.7832244099578893,0.1406151211607158,0.0761604688813947,0.4493403693931398,0.2337730870712401,0.31688654353562,2024-05-19T00:00:00+00:00,3790,2024-05-15T19:00:00+00:00,False
ENG_PL::22267,2024-05-19 15:00:00+00:00,2023,walk_forward_dc,2,0.512357346270954,0.2277008922262789,0.259941761502767,0.4493403693931398,0.2337730870712401,0.31688654353562,2024-05-19T00:00:00+00:00,3790,2024-05-15T19:00:00+00:00,False
ENG_PL::22266,2024-05-19 15:00:00+00:00,2023,walk_forward_dc,2,0.3948281670364463,0.2375026576765857,0.3676691752869679,0.4493403693931398,0.2337730870712401,0.31688654353562,2024-05-19T00:00:00+00:00,3790,2024-05-15T19:00:00+00:00,False
ENG_PL::22265,2024-05-19 15:00:00+00:00,2023,walk_forward_dc,0,0.6742279515421391,0.2001806550589469,0.1255913933989137,0.4493403693931398,0.2337730870712401,0.31688654353562,2024-05-19T00:00:00+00:00,3790,2024-05-15T19:00:00+00:00,False
ENG_PL::22268,2024-05-19 15:00:00+00:00,2023,walk_forward_dc,2,0.3296016915272476,0.2697470635056452,0.400651244967107,0.4493403693931398,0.2337730870712401,0.31688654353562,2024-05-19T00:00:00+00:00,3790,2024-05-15T19:00:00+00:00,False
ENG_PL::22274,2024-05-19 15:00:00+00:00,2023,walk_forward_dc,2,0.2237876626915439,0.2175525334705514,0.5586598038379046,0.4493403693931398,0.2337730870712401,0.31688654353562,2024-05-19T00:00:00+00:00,3790,2024-05-15T19:00:00+00:00,False
ENG_PL::22275,2023-08-11 19:00:00+00:00,2023,walk_forward_poisson,2,0.135872036844581,0.2053899036093328,0.658738059546086,0.4482456140350877,0.2350877192982456,0.3166666666666666,2023-08-11T00:00:00+00:00,3420,2023-05-28T15:30:00+00:00,False
ENG_PL::22276,2023-08-12 11:30:00+00:00,2023,walk_forward_poisson,0,0.723441306869091,0.17080400649743,0.1057546866334789,0.4481145863782519,0.2350190002923121,0.3168664133294358,2023-08-12T00:00:00+00:00,3421,2023-08-11T19:00:00+00:00,False
ENG_PL::22277,2023-08-12 14:00:00+00:00,2023,walk_forward_poisson,1,0.3534214276765516,0.2575497523945768,0.3890288199288714,0.4481145863782519,0.2350190002923121,0.3168664133294358,2023-08-12T00:00:00+00:00,3421,2023-08-11T19:00:00+00:00,False
ENG_PL::22278,2023-08-12 14:00:00+00:00,2023,walk_forward_poisson,0,0.5946037642418658,0.2131243414203356,0.1922718943377986,0.4481145863782519,0.2350190002923121,0.3168664133294358,2023-08-12T00:00:00+00:00,3421,2023-08-11T19:00:00+00:00,True
ENG_PL::22279,2023-08-12 14:00:00+00:00,2023,walk_forward_poisson,2,0.4898267171921826,0.2421070375146596,0.2680662452931575,0.4481145863782519,0.2350190002923121,0.3168664133294358,2023-08-12T00:00:00+00:00,3421,2023-08-11T19:00:00+00:00,False
ENG_PL::22280,2023-08-12 14:00:00+00:00,2023,walk_forward_poisson,2,0.3357351268438642,0.2996490207864495,0.3646158523696863,0.4481145863782519,0.2350190002923121,0.3168664133294358,2023-08-12T00:00:00+00:00,3421,2023-08-11T19:00:00+00:00,False
ENG_PL::22281,2023-08-12 16:30:00+00:00,2023,walk_forward_poisson,0,0.5513561492825193,0.2350300471763939,0.2136138035410868,0.4481145863782519,0.2350190002923121,0.3168664133294358,2023-08-12T00:00:00+00:00,3421,2023-08-11T19:00:00+00:00,False
ENG_PL::22282,2023-08-13 13:00:00+00:00,2023,walk_forward_poisson,1,0.4167179188964969,0.2574999651241321,0.3257821159793708,0.4482054274875985,0.2348993288590604,0.3168952436533411,2023-08-13T00:00:00+00:00,3427,2023-08-12T16:30:00+00:00,False
ENG_PL::22283,2023-08-13 15:30:00+00:00,2023,walk_forward_poisson,1,0.3486412627210635,0.2365494785602289,0.4148092587187078,0.4482054274875985,0.2348993288590604,0.3168952436533411,2023-08-13T00:00:00+00:00,3427,2023-08-12T16:30:00+00:00,False
ENG_PL::22284,2023-08-14 19:00:00+00:00,2023,walk_forward_poisson,0,0.6786114692044577,0.1909784065108574,0.1304101242846848,0.4479440069991251,0.2353455818022747,0.3167104111986001,2023-08-14T00:00:00+00:00,3429,2023-08-13T15:30:00+00:00,False
ENG_PL::22285,2023-08-18 18:45:00+00:00,2023,walk_forward_poisson,0,0.4817703339597037,0.2675873050817242,0.250642360958572,0.4481049562682215,0.2352769679300291,0.3166180758017493,2023-08-18T00:00:00+00:00,3430,2023-08-14T19:00:00+00:00,False
ENG_PL::22286,2023-08-19 14:00:00+00:00,2023,walk_forward_poisson,2,0.2156237155217276,0.2384844433218531,0.5458918411564192,0.4482658117167006,0.2352083940542116,0.3165257942290877,2023-08-19T00:00:00+00:00,3431,2023-08-18T18:45:00+00:00,False
ENG_PL::22287,2023-08-19 14:00:00+00:00,2023,walk_forward_poisson,2,0.2957820599305532,0.2546310820355332,0.4495868580339137,0.4482658117167006,0.2352083940542116,0.3165257942290877,2023-08-19T00:00:00+00:00,3431,2023-08-18T18:45:00+00:00,False
ENG_PL::22288,2023-08-19 14:00:00+00:00,2023,walk_forward_poisson,0,0.746721191594469,0.1475106423900266,0.1057681660155042,0.4482658117167006,0.2352083940542116,0.3165257942290877,2023-08-19T00:00:00+00:00,3431,2023-08-18T18:45:00+00:00,False
ENG_PL::22290,2023-08-19 16:30:00+00:00,2023,walk_forward_poisson,0,0.4261408542161463,0.2395627951941807,0.3342963505896729,0.4482658117167006,0.2352083940542116,0.3165257942290877,2023-08-19T00:00:00+00:00,3431,2023-08-18T18:45:00+00:00,False
ENG_PL::22291,2023-08-19 19:00:00+00:00,2023,walk_forward_poisson,0,0.6250399219592594,0.2076304377089187,0.1673296403318219,0.4482658117167006,0.2352083940542116,0.3165257942290877,2023-08-19T00:00:00+00:00,3431,2023-08-18T18:45:00+00:00,False
ENG_PL::22292,2023-08-20 13:00:00+00:00,2023,walk_forward_poisson,0,0.4994825869937528,0.2429182573680638,0.2575991556381833,0.4484866123399301,0.2348661233993015,0.3166472642607683,2023-08-20T00:00:00+00:00,3436,2023-08-19T19:00:00+00:00,False
ENG_PL::22293,2023-08-20 15:30:00+00:00,2023,walk_forward_poisson,0,0.3512801347716252,0.2642049246532786,0.3845149405750961,0.4484866123399301,0.2348661233993015,0.3166472642607683,2023-08-20T00:00:00+00:00,3436,2023-08-19T19:00:00+00:00,False
ENG_PL::22294,2023-08-21 19:00:00+00:00,2023,walk_forward_poisson,2,0.2898132583984701,0.2754682266169032,0.4347185149846266,0.4488074461896451,0.2347294938917975,0.3164630599185573,2023-08-21T00:00:00+00:00,3438,2023-08-20T15:30:00+00:00,False
ENG_PL::22295,2023-08-25 19:00:00+00:00,2023,walk_forward_poisson,0,0.6806471685961496,0.1759922347414537,0.1433605966623966,0.4486769409712126,0.2346612387321895,0.3166618202965978,2023-08-25T00:00:00+00:00,3439,2023-08-21T19:00:00+00:00,False
ENG_PL::22296,2023-08-26 11:30:00+00:00,2023,walk_forward_poisson,2,0.2920732153746335,0.2468168583473892,0.4611099262779773,0.4488372093023255,0.2345930232558139,0.3165697674418604,2023-08-26T00:00:00+00:00,3440,2023-08-25T19:00:00+00:00,False
ENG_PL::22299,2023-08-26 14:00:00+00:00,2023,walk_forward_poisson,2,0.4893473296112396,0.2502445056430193,0.2604081647457412,0.4488372093023255,0.2345930232558139,0.3165697674418604,2023-08-26T00:00:00+00:00,3440,2023-08-25T19:00:00+00:00,False
ENG_PL::22300,2023-08-26 14:00:00+00:00,2023,walk_forward_poisson,0,0.6759795994050172,0.1883608118045756,0.1356595887904071,0.4488372093023255,0.2345930232558139,0.3165697674418604,2023-08-26T00:00:00+00:00,3440,2023-08-25T19:00:00+00:00,False
ENG_PL::22297,2023-08-26 14:00:00+00:00,2023,walk_forward_poisson,1,0.7151009769919068,0.1705404152753251,0.1143586077327681,0.4488372093023255,0.2345930232558139,0.3165697674418604,2023-08-26T00:00:00+00:00,3440,2023-08-25T19:00:00+00:00,False
ENG_PL::22298,2023-08-26 14:00:00+00:00,2023,walk_forward_poisson,1,0.4897041565316003,0.2731838933180511,0.2371119501503484,0.4488372093023255,0.2345930232558139,0.3165697674418604,2023-08-26T00:00:00+00:00,3440,2023-08-25T19:00:00+00:00,False
ENG_PL::22301,2023-08-26 16:30:00+00:00,2023,walk_forward_poisson,2,0.5871315341840488,0.2144116987763283,0.1984567670396228,0.4488372093023255,0.2345930232558139,0.3165697674418604,2023-08-26T00:00:00+00:00,3440,2023-08-25T19:00:00+00:00,False
ENG_PL::22303,2023-08-27 13:00:00+00:00,2023,walk_forward_poisson,2,0.0754472245565075,0.1563367811458467,0.7682159942976454,0.4483459082994777,0.23476494486361,0.3168891468369124,2023-08-27T00:00:00+00:00,3446,2023-08-26T16:30:00+00:00,False
ENG_PL::22302,2023-08-27 13:00:00+00:00,2023,walk_forward_poisson,2,0.3345239911044241,0.2739719456228709,0.3915040632727051,0.4483459082994777,0.23476494486361,0.3168891468369124,2023-08-27T00:00:00+00:00,3446,2023-08-26T16:30:00+00:00,False
ENG_PL::22304,2023-08-27 15:30:00+00:00,2023,walk_forward_poisson,2,0.4203335112893421,0.2287787305642421,0.350887758146416,0.4483459082994777,0.23476494486361,0.3168891468369124,2023-08-27T00:00:00+00:00,3446,2023-08-26T16:30:00+00:00,False
ENG_PL::21925,2023-09-01 19:00:00+00:00,2023,walk_forward_poisson,2,0.2257880412408123,0.2108336611926751,0.5633782975665125,0.4479559292548565,0.2345607422441287,0.3174833285010148,2023-09-01T00:00:00+00:00,3449,2023-08-27T15:30:00+00:00,False
ENG_PL::21926,2023-09-02 11:30:00+00:00,2023,walk_forward_poisson,1,0.295106082498178,0.2491123493091446,0.4557815681926772,0.4478260869565217,0.2344927536231884,0.3176811594202898,2023-09-02T00:00:00+00:00,3450,2023-09-01T19:00:00+00:00,False
ENG_PL::21930,2023-09-02 14:00:00+00:00,2023,walk_forward_poisson,2,0.625557365285825,0.2225772712936311,0.1518653634205439,0.4478260869565217,0.2344927536231884,0.3176811594202898,2023-09-02T00:00:00+00:00,3450,2023-09-01T19:00:00+00:00,False
ENG_PL::21929,2023-09-02 14:00:00+00:00,2023,walk_forward_poisson,2,0.2453875057586704,0.2483267207545183,0.5062857734868111,0.4478260869565217,0.2344927536231884,0.3176811594202898,2023-09-02T00:00:00+00:00,3450,2023-09-01T19:00:00+00:00,False
ENG_PL::21927,2023-09-02 14:00:00+00:00,2023,walk_forward_poisson,0,0.8285829752124411,0.1178914667621275,0.0535255580254314,0.4478260869565217,0.2344927536231884,0.3176811594202898,2023-09-02T00:00:00+00:00,3450,2023-09-01T19:00:00+00:00,False
ENG_PL::21928,2023-09-02 14:00:00+00:00,2023,walk_forward_poisson,1,0.5905891853493717,0.2221629485023234,0.1872478661483048,0.4478260869565217,0.2344927536231884,0.3176811594202898,2023-09-02T00:00:00+00:00,3450,2023-09-01T19:00:00+00:00,False
ENG_PL::21931,2023-09-02 16:30:00+00:00,2023,walk_forward_poisson,0,0.4196220790177941,0.2358537161883937,0.3445242047938122,0.4478260869565217,0.2344927536231884,0.3176811594202898,2023-09-02T00:00:00+00:00,3450,2023-09-01T19:00:00+00:00,False
ENG_PL::21932,2023-09-03 13:00:00+00:00,2023,walk_forward_poisson,0,0.4943162731397093,0.2818445489657528,0.2238391778945379,0.4476273148148148,0.2346643518518518,0.3177083333333333,2023-09-03T00:00:00+00:00,3456,2023-09-02T16:30:00+00:00,False
ENG_PL::21933,2023-09-03 13:00:00+00:00,2023,walk_forward_poisson,0,0.6108825537174658,0.2014946074499645,0.1876228388325695,0.4476273148148148,0.2346643518518518,0.3177083333333333,2023-09-03T00:00:00+00:00,3456,2023-09-02T16:30:00+00:00,False
ENG_PL::21934,2023-09-03 15:30:00+00:00,2023,walk_forward_poisson,0,0.4963113209589592,0.224838000716484,0.2788506783245565,0.4476273148148148,0.2346643518518518,0.3177083333333333,2023-09-03T00:00:00+00:00,3456,2023-09-02T16:30:00+00:00,False
ENG_PL::21935,2023-09-16 11:30:00+00:00,2023,walk_forward_poisson,2,0.182912859917825,0.2048491118744965,0.6122380282076783,0.4481063891298063,0.2344608268285631,0.3174327840416305,2023-09-16T00:00:00+00:00,3459,2023-09-03T15:30:00+00:00,False
ENG_PL::21936,2023-09-16 14:00:00+00:00,2023,walk_forward_poisson,0,0.751626954373206,0.1527206217126446,0.0956524239141494,0.4481063891298063,0.2344608268285631,0.3174327840416305,2023-09-16T00:00:00+00:00,3459,2023-09-03T15:30:00+00:00,False
ENG_PL::21937,2023-09-16 14:00:00+00:00,2023,walk_forward_poisson,2,0.1839294621815233,0.2294800843666933,0.5865904534517833,0.4481063891298063,0.2344608268285631,0.3174327840416305,2023-09-16T00:00:00+00:00,3459,2023-09-03T15:30:00+00:00,False
ENG_PL::21938,2023-09-16 14:00:00+00:00,2023,walk_forward_poisson,0,0.4339815352652405,0.2828555276823957,0.2831629370523639,0.4481063891298063,0.2344608268285631,0.3174327840416305,2023-09-16T00:00:00+00:00,3459,2023-09-03T15:30:00+00:00,False
ENG_PL::21939,2023-09-16 14:00:00+00:00,2023,walk_forward_poisson,0,0.5015061740619466,0.2176309106186154,0.2808629153194378,0.4481063891298063,0.2344608268285631,0.3174327840416305,2023-09-16T00:00:00+00:00,3459,2023-09-03T15:30:00+00:00,False
ENG_PL::21940,2023-09-16 14:00:00+00:00,2023,walk_forward_poisson,2,0.4497389544023037,0.2230832446705083,0.3271778009271878,0.4481063891298063,0.2344608268285631,0.3174327840416305,2023-09-16T00:00:00+00:00,3459,2023-09-03T15:30:00+00:00,False
ENG_PL::21943,2023-09-16 16:30:00+00:00,2023,walk_forward_poisson,0,0.5278737569105012,0.2343212024635987,0.2378050406259002,0.4481063891298063,0.2344608268285631,0.3174327840416305,2023-09-16T00:00:00+00:00,3459,2023-09-03T15:30:00+00:00,False
ENG_PL::21942,2023-09-17 13:00:00+00:00,2023,walk_forward_poisson,1,0.2653503300004615,0.243649714138454,0.4909999558610846,0.4483554529717253,0.2339873052510098,0.3176572417772648,2023-09-17T00:00:00+00:00,3466,2023-09-16T16:30:00+00:00,False
ENG_PL::21941,2023-09-17 15:30:00+00:00,2023,walk_forward_poisson,2,0.249946116955106,0.2265802510094711,0.5234736320354227,0.4483554529717253,0.2339873052510098,0.3176572417772648,2023-09-17T00:00:00+00:00,3466,2023-09-16T16:30:00+00:00,False
ENG_PL::21944,2023-09-18 18:45:00+00:00,2023,walk_forward_poisson,1,0.4225846025344931,0.2719537168943458,0.3054616805711611,0.4480968858131487,0.2341407151095732,0.317762399077278,2023-09-18T00:00:00+00:00,3468,2023-09-17T15:30:00+00:00,False
ENG_PL::21945,2023-09-23 14:00:00+00:00,2023,walk_forward_poisson,1,0.440033519319968,0.2334890708451564,0.3264774098348756,0.4479677140386278,0.2343614874603632,0.3176707985010089,2023-09-23T00:00:00+00:00,3469,2023-09-18T18:45:00+00:00,False
ENG_PL::21946,2023-09-23 14:00:00+00:00,2023,walk_forward_poisson,0,0.8089258459135873,0.1329790870369444,0.0580950670494683,0.4479677140386278,0.2343614874603632,0.3176707985010089,2023-09-23T00:00:00+00:00,3469,2023-09-18T18:45:00+00:00,False
ENG_PL::21948,2023-09-23 14:00:00+00:00,2023,walk_forward_poisson,1,0.5094974883265226,0.2644104866716335,0.2260920250018439,0.4479677140386278,0.2343614874603632,0.3176707985010089,2023-09-23T00:00:00+00:00,3469,2023-09-18T18:45:00+00:00,False
ENG_PL::21949,2023-09-23 16:30:00+00:00,2023,walk_forward_poisson,2,0.5648823285350777,0.223830880596959,0.2112867908679632,0.4479677140386278,0.2343614874603632,0.3176707985010089,2023-09-23T00:00:00+00:00,3469,2023-09-18T18:45:00+00:00,False
ENG_PL::21950,2023-09-23 19:00:00+00:00,2023,walk_forward_poisson,2,0.2427138100384989,0.2291192403926265,0.5281669495688746,0.4479677140386278,0.2343614874603632,0.3176707985010089,2023-09-23T00:00:00+00:00,3469,2023-09-18T18:45:00+00:00,False
ENG_PL::21953,2023-09-24 13:00:00+00:00,2023,walk_forward_poisson,0,0.6596025443646686,0.1828773966266021,0.1575200590087292,0.4476108232584916,0.2345998848589522,0.3177892918825561,2023-09-24T00:00:00+00:00,3474,2023-09-23T19:00:00+00:00,False
ENG_PL::21952,2023-09-24 13:00:00+00:00,2023,walk_forward_poisson,1,0.5067689346152786,0.2375121959565973,0.255718869428124,0.4476108232584916,0.2345998848589522,0.3177892918825561,2023-09-24T00:00:00+00:00,3474,2023-09-23T19:00:00+00:00,False
ENG_PL::21947,2023-09-24 13:00:00+00:00,2023,walk_forward_poisson,2,0.5044090176985819,0.2476053967990912,0.2479855855023268,0.4476108232584916,0.2345998848589522,0.3177892918825561,2023-09-24T00:00:00+00:00,3474,2023-09-23T19:00:00+00:00,False
ENG_PL::21951,2023-09-24 13:00:00+00:00,2023,walk_forward_poisson,0,0.6750192163398122,0.1791414733811103,0.1458393102790773,0.4476108232584916,0.2345998848589522,0.3177892918825561,2023-09-24T00:00:00+00:00,3474,2023-09-23T19:00:00+00:00,False
ENG_PL::21954,2023-09-24 15:30:00+00:00,2023,walk_forward_poisson,2,0.1427354424654738,0.1925899022334715,0.6646746553010546,0.4476108232584916,0.2345998848589522,0.3177892918825561,2023-09-24T00:00:00+00:00,3474,2023-09-23T19:00:00+00:00,False
ENG_PL::21955,2023-09-30 11:30:00+00:00,2023,walk_forward_poisson,0,0.3389214168868086,0.2442036919293744,0.4168748911838169,0.4475423972405863,0.2345501580914056,0.317907444668008,2023-09-30T00:00:00+00:00,3479,2023-09-24T15:30:00+00:00,False
ENG_PL::21961,2023-09-30 14:00:00+00:00,2023,walk_forward_poisson,0,0.1067114258057353,0.1848649452435649,0.7084236289506999,0.4475423972405863,0.2345501580914056,0.317907444668008,2023-09-30T00:00:00+00:00,3479,2023-09-24T15:30:00+00:00,False
ENG_PL::21959,2023-09-30 14:00:00+00:00,2023,walk_forward_poisson,2,0.2296288748144041,0.2255351185400876,0.5448360066455082,0.4475423972405863,0.2345501580914056,0.317907444668008,2023-09-30T00:00:00+00:00,3479,2023-09-24T15:30:00+00:00,False
ENG_PL::21958,2023-09-30 14:00:00+00:00,2023,walk_forward_poisson,0,0.6850950208385226,0.1896088504530659,0.1252961287084114,0.4475423972405863,0.2345501580914056,0.317907444668008,2023-09-30T00:00:00+00:00,3479,2023-09-24T15:30:00+00:00,False
ENG_PL::21957,2023-09-30 14:00:00+00:00,2023,walk_forward_poisson,2,0.5226602180953513,0.2493297812283888,0.2280100006762598,0.4475423972405863,0.2345501580914056,0.317907444668008,2023-09-30T00:00:00+00:00,3479,2023-09-24T15:30:00+00:00,False
ENG_PL::21956,2023-09-30 14:00:00+00:00,2023,walk_forward_poisson,2,0.5420684621958062,0.208615400615695,0.249316137188499,0.4475423972405863,0.2345501580914056,0.317907444668008,2023-09-30T00:00:00+00:00,3479,2023-09-24T15:30:00+00:00,False
ENG_PL::21960,2023-09-30 14:00:00+00:00,2023,walk_forward_poisson,0,0.7052668002897193,0.1704108019177916,0.1243223977924892,0.4475423972405863,0.2345501580914056,0.317907444668008,2023-09-30T00:00:00+00:00,3479,2023-09-24T15:30:00+00:00,False
ENG_PL::21962,2023-09-30 16:30:00+00:00,2023,walk_forward_poisson,0,0.3459063083583327,0.2292513656220035,0.4248423260196637,0.4475423972405863,0.2345501580914056,0.317907444668008,2023-09-30T00:00:00+00:00,3479,2023-09-24T15:30:00+00:00,False
ENG_PL::21963,2023-10-01 13:00:00+00:00,2023,walk_forward_poisson,1,0.2694855401651656,0.2667397569121293,0.4637747029227048,0.4479495268138801,0.2340120447375968,0.3180384284485231,2023-10-01T00:00:00+00:00,3487,2023-09-30T16:30:00+00:00,False
ENG_PL::21964,2023-10-02 19:00:00+00:00,2023,walk_forward_poisson,2,0.2559248040966627,0.2532653866924135,0.4908098092109237,0.4478211009174312,0.2342316513761468,0.317947247706422,2023-10-02T00:00:00+00:00,3488,2023-10-01T13:00:00+00:00,False
ENG_PL::22289,2023-10-03 18:30:00+00:00,2023,walk_forward_poisson,2,0.4016762857931132,0.2330600188071412,0.3652636953997457,0.4476927486385784,0.234164517053597,0.3181427343078246,2023-10-03T00:00:00+00:00,3489,2023-10-02T19:00:00+00:00,False
ENG_PL::21971,2023-10-07 11:30:00+00:00,2023,walk_forward_poisson,2,0.2117457605827894,0.1966486734025547,0.5916055660146559,0.4475644699140401,0.2340974212034384,0.3183381088825215,2023-10-07T00:00:00+00:00,3490,2023-10-03T18:30:00+00:00,False
ENG_PL::21967,2023-10-07 14:00:00+00:00,2023,walk_forward_poisson,2,0.2378424554105526,0.2567258708063052,0.505431673783142,0.4475644699140401,0.2340974212034384,0.3183381088825215,2023-10-07T00:00:00+00:00,3490,2023-10-03T18:30:00+00:00,False
ENG_PL::21969,2023-10-07 14:00:00+00:00,2023,walk_forward_poisson,0,0.4968590550031322,0.2301987944416295,0.2729421505552381,0.4475644699140401,0.2340974212034384,0.3183381088825215,2023-10-07T00:00:00+00:00,3490,2023-10-03T18:30:00+00:00,False
ENG_PL::21970,2023-10-07 14:00:00+00:00,2023,walk_forward_poisson,0,0.6144250031815524,0.2065948821609086,0.1789801146575391,0.4475644699140401,0.2340974212034384,0.3183381088825215,2023-10-07T00:00:00+00:00,3490,2023-10-03T18:30:00+00:00,False
ENG_PL::21972,2023-10-07 14:00:00+00:00,2023,walk_forward_poisson,0,0.4787967601927227,0.234107485355725,0.2870957544515524,0.4475644699140401,0.2340974212034384,0.3183381088825215,2023-10-07T00:00:00+00:00,3490,2023-10-03T18:30:00+00:00,False
ENG_PL::21968,2023-10-07 16:30:00+00:00,2023,walk_forward_poisson,1,0.4930725351443999,0.2879743981005496,0.2189530667550504,0.4475644699140401,0.2340974212034384,0.3183381088825215,2023-10-07T00:00:00+00:00,3490,2023-10-03T18:30:00+00:00,False
ENG_PL::21974,2023-10-08 13:00:00+00:00,2023,walk_forward_poisson,1,0.2905966154623715,0.2678085270107243,0.4415948575269043,0.4476544622425629,0.2339816933638444,0.3183638443935926,2023-10-08T00:00:00+00:00,3496,2023-10-07T16:30:00+00:00,False
ENG_PL::21973,2023-10-08 13:00:00+00:00,2023,walk_forward_poisson,1,0.278147431138427,0.2409494906652061,0.4809030781963664,0.4476544622425629,0.2339816933638444,0.3183638443935926,2023-10-08T00:00:00+00:00,3496,2023-10-07T16:30:00+00:00,False
ENG_PL::21966,2023-10-08 13:00:00+00:00,2023,walk_forward_poisson,1,0.3866746076442019,0.2210821925147051,0.3922431998410929,0.4476544622425629,0.2339816933638444,0.3183638443935926,2023-10-08T00:00:00+00:00,3496,2023-10-07T16:30:00+00:00,False
ENG_PL::21965,2023-10-08 15:30:00+00:00,2023,walk_forward_poisson,0,0.289451203724921,0.2557954890615393,0.4547533072135397,0.4476544622425629,0.2339816933638444,0.3183638443935926,2023-10-08T00:00:00+00:00,3496,2023-10-07T16:30:00+00:00,False
ENG_PL::21979,2023-10-21 11:30:00+00:00,2023,walk_forward_poisson,0,0.688465516214023,0.1655016527198915,0.1460328310660855,0.4474285714285714,0.2345714285714285,0.318,2023-10-21T00:00:00+00:00,3500,2023-10-08T15:30:00+00:00,False
ENG_PL::21982,2023-10-21 14:00:00+00:00,2023,walk_forward_poisson,1,0.4832036803265415,0.2367479741732223,0.2800483455002362,0.4474285714285714,0.2345714285714285,0.318,2023-10-21T00:00:00+00:00,3500,2023-10-08T15:30:00+00:00,False
ENG_PL::21980,2023-10-21 14:00:00+00:00,2023,walk_forward_poisson,0,0.6262473665443534,0.2054387849599988,0.1683138484956476,0.4474285714285714,0.2345714285714285,0.318,2023-10-21T00:00:00+00:00,3500,2023-10-08T15:30:00+00:00,False
ENG_PL::21981,2023-10-21 14:00:00+00:00,2023,walk_forward_poisson,0,0.5791671268914786,0.2424837955429011,0.1783490775656201,0.4474285714285714,0.2345714285714285,0.318,2023-10-21T00:00:00+00:00,3500,2023-10-08T15:30:00+00:00,False
ENG_PL::21975,2023-10-21 14:00:00+00:00,2023,walk_forward_poisson,2,0.4471185188056575,0.25573264299709,0.2971488381972523,0.4474285714285714,0.2345714285714285,0.318,2023-10-21T00:00:00+00:00,3500,2023-10-08T15:30:00+00:00,False
ENG_PL::21977,2023-10-21 14:00:00+00:00,2023,walk_forward_poisson,0,0.5905670222509473,0.2305111154671086,0.1789218622819443,0.4474285714285714,0.2345714285714285,0.318,2023-10-21T00:00:00+00:00,3500,2023-10-08T15:30:00+00:00,False
ENG_PL::21978,2023-10-21 16:30:00+00:00,2023,walk_forward_poisson,1,0.3715580062773022,0.26071107128529,0.3677309224374078,0.4474285714285714,0.2345714285714285,0.318,2023-10-21T00:00:00+00:00,3500,2023-10-08T15:30:00+00:00,False
ENG_PL::21983,2023-10-21 19:00:00+00:00,2023,walk_forward_poisson,2,0.1156655344856597,0.1569589044214001,0.7273755610929402,0.4474285714285714,0.2345714285714285,0.318,2023-10-21T00:00:00+00:00,3500,2023-10-08T15:30:00+00:00,False
ENG_PL::21976,2023-10-22 15:30:00+00:00,2023,walk_forward_poisson,0,0.4724374121203691,0.2458128185668469,0.2817497693127838,0.4475484606613455,0.2346066134549601,0.3178449258836944,2023-10-22T00:00:00+00:00,3508,2023-10-21T19:00:00+00:00,False
ENG_PL::21984,2023-10-23 19:00:00+00:00,2023,walk_forward_poisson,0,0.6363934064130484,0.2053843987530421,0.1582221948339092,0.4477058991165574,0.2345397549159304,0.3177543459675121,2023-10-23T00:00:00+00:00,3509,2023-10-22T15:30:00+00:00,False
ENG_PL::21990,2023-10-27 19:00:00+00:00,2023,walk_forward_poisson,2,0.3110017375019991,0.2765205723389324,0.4124776901590682,0.4478632478632479,0.2344729344729344,0.3176638176638177,2023-10-27T00:00:00+00:00,3510,2023-10-23T19:00:00+00:00,False
ENG_PL::21989,2023-10-28 11:30:00+00:00,2023,walk_forward_poisson,2,0.4537407556420135,0.2557035410378967,0.2905557033200897,0.4477356878382227,0.2344061520934206,0.3178581600683566,2023-10-28T00:00:00+00:00,3511,2023-10-27T19:00:00+00:00,False
ENG_PL::21986,2023-10-28 14:00:00+00:00,2023,walk_forward_poisson,0,0.8500856417747569,0.1017326216034886,0.0481817366217544,0.4477356878382227,0.2344061520934206,0.3178581600683566,2023-10-28T00:00:00+00:00,3511,2023-10-27T19:00:00+00:00,False
ENG_PL::21985,2023-10-28 14:00:00+00:00,2023,walk_forward_poisson,0,0.45880675466837,0.2516896275630881,0.2895036177685418,0.4477356878382227,0.2344061520934206,0.3178581600683566,2023-10-28T00:00:00+00:00,3511,2023-10-27T19:00:00+00:00,False
ENG_PL::21994,2023-10-28 16:30:00+00:00,2023,walk_forward_poisson,1,0.1965578276044101,0.2259013149422363,0.5775408574533535,0.4477356878382227,0.2344061520934206,0.3178581600683566,2023-10-28T00:00:00+00:00,3511,2023-10-27T19:00:00+00:00,False
ENG_PL::21993,2023-10-29 13:00:00+00:00,2023,walk_forward_poisson,2,0.4638560415912019,0.237850837666572,0.2982931207422259,0.4477951635846373,0.2344238975817923,0.3177809388335704,2023-10-29T00:00:00+00:00,3515,2023-10-28T16:30:00+00:00,False
ENG_PL::21987,2023-10-29 14:00:00+00:00,2023,walk_forward_poisson,0,0.6892069283030771,0.165875994700901,0.1449170769960218,0.4477951635846373,0.2344238975817923,0.3177809388335704,2023-10-29T00:00:00+00:00,3515,2023-10-28T16:30:00+00:00,False
ENG_PL::21988,2023-10-29 14:00:00+00:00,2023,walk_forward_poisson,1,0.6760890501753332,0.1841678036417809,0.1397431461828859,0.4477951635846373,0.2344238975817923,0.3177809388335704,2023-10-29T00:00:00+00:00,3515,2023-10-28T16:30:00+00:00,False
ENG_PL::21991,2023-10-29 14:00:00+00:00,2023,walk_forward_poisson,0,0.7303453827663985,0.1612206398258647,0.1084339774077369,0.4477951635846373,0.2344238975817923,0.3177809388335704,2023-10-29T00:00:00+00:00,3515,2023-10-28T16:30:00+00:00,False
ENG_PL::21992,2023-10-29 15:30:00+00:00,2023,walk_forward_poisson,2,0.2439328836574012,0.2380847960576033,0.5179823202849957,0.4477951635846373,0.2344238975817923,0.3177809388335704,2023-10-29T00:00:00+00:00,3515,2023-10-28T16:30:00+00:00,False
ENG_PL::21998,2023-11-04 12:30:00+00:00,2023,walk_forward_poisson,2,0.2786186246116418,0.2391750584283223,0.4822063169600359,0.4477272727272727,0.234375,0.3178977272727272,2023-11-04T00:00:00+00:00,3520,2023-10-29T15:30:00+00:00,False
ENG_PL::22003,2023-11-04 15:00:00+00:00,2023,walk_forward_poisson,0,0.2536059954543399,0.2546985224315418,0.4916954821141182,0.4477272727272727,0.234375,0.3178977272727272,2023-11-04T00:00:00+00:00,3520,2023-10-29T15:30:00+00:00,False
ENG_PL::22000,2023-11-04 15:00:00+00:00,2023,walk_forward_poisson,0,0.8268523929397527,0.1167832134152555,0.0563643936449918,0.4477272727272727,0.234375,0.3178977272727272,2023-11-04T00:00:00+00:00,3520,2023-10-29T15:30:00+00:00,False
ENG_PL::21995,2023-11-04 15:00:00+00:00,2023,walk_forward_poisson,0,0.5348500263698083,0.2321371182635153,0.2330128553666764,0.4477272727272727,0.234375,0.3178977272727272,2023-11-04T00:00:00+00:00,3520,2023-10-29T15:30:00+00:00,False
ENG_PL::21996,2023-11-04 15:00:00+00:00,2023,walk_forward_poisson,2,0.3187345809533591,0.296355922295429,0.3849094967512116,0.4477272727272727,0.234375,0.3178977272727272,2023-11-04T00:00:00+00:00,3520,2023-10-29T15:30:00+00:00,False
ENG_PL::21997,2023-11-04 15:00:00+00:00,2023,walk_forward_poisson,1,0.2975830467527917,0.2313521944195599,0.4710647588276485,0.4477272727272727,0.234375,0.3178977272727272,2023-11-04T00:00:00+00:00,3520,2023-10-29T15:30:00+00:00,False
ENG_PL::22001,2023-11-04 17:30:00+00:00,2023,walk_forward_poisson,0,0.4569568928121172,0.2458314814194883,0.2972116257683944,0.4477272727272727,0.234375,0.3178977272727272,2023-11-04T00:00:00+00:00,3520,2023-10-29T15:30:00+00:00,False
ENG_PL::22002,2023-11-05 14:00:00+00:00,2023,walk_forward_poisson,0,0.3014038422930876,0.2657849819806963,0.4328111757262163,0.4479727814006237,0.234193365466402,0.3178338531329742,2023-11-05T00:00:00+00:00,3527,2023-11-04T17:30:00+00:00,False
ENG_PL::21999,2023-11-05 16:30:00+00:00,2023,walk_forward_poisson,1,0.108029528405189,0.1272633825607559,0.7647070890340552,0.4479727814006237,0.234193365466402,0.3178338531329742,2023-11-05T00:00:00+00:00,3527,2023-11-04T17:30:00+00:00,False
ENG_PL::22004,2023-11-06 20:00:00+00:00,2023,walk_forward_poisson,2,0.4602440642182743,0.250652231741483,0.2891037040402425,0.448002266931142,0.2343440068007934,0.3176537262680646,2023-11-06T00:00:00+00:00,3529,2023-11-05T16:30:00+00:00,False
ENG_PL::22014,2023-11-11 12:30:00+00:00,2023,walk_forward_poisson,0,0.2648749812103422,0.2514611946275759,0.4836638241620821,0.4478753541076487,0.2342776203966005,0.3178470254957507,2023-11-11T00:00:00+00:00,3530,2023-11-06T20:00:00+00:00,False
ENG_PL::22006,2023-11-11 15:00:00+00:00,2023,walk_forward_poisson,0,0.6996774633311467,0.1858145344131719,0.1145080022556815,0.4478753541076487,0.2342776203966005,0.3178470254957507,2023-11-11T00:00:00+00:00,3530,2023-11-06T20:00:00+00:00,False
ENG_PL::22010,2023-11-11 15:00:00+00:00,2023,walk_forward_poisson,2,0.4204380121906705,0.2717802354244552,0.3077817523848742,0.4478753541076487,0.2342776203966005,0.3178470254957507,2023-11-11T00:00:00+00:00,3530,2023-11-06T20:00:00+00:00,False
ENG_PL::22012,2023-11-11 15:00:00+00:00,2023,walk_forward_poisson,0,0.7690407303136174,0.1283659038108976,0.1025933658754849,0.4478753541076487,0.2342776203966005,0.3178470254957507,2023-11-11T00:00:00+00:00,3530,2023-11-06T20:00:00+00:00,False
ENG_PL::22005,2023-11-11 17:30:00+00:00,2023,walk_forward_poisson,0,0.1904641742903041,0.2083222158502284,0.6012136098594677,0.4478753541076487,0.2342776203966005,0.3178470254957507,2023-11-11T00:00:00+00:00,3530,2023-11-06T20:00:00+00:00,False
ENG_PL::22007,2023-11-12 14:00:00+00:00,2023,walk_forward_poisson,0,0.5582895626775528,0.2372542465849142,0.2044561907375327,0.4483734087694483,0.2339462517680339,0.3176803394625176,2023-11-12T00:00:00+00:00,3535,2023-11-11T17:30:00+00:00,False
ENG_PL::22008,2023-11-12 14:00:00+00:00,2023,walk_forward_poisson,1,0.8491075341974834,0.1023437242296854,0.0485487415728309,0.4483734087694483,0.2339462517680339,0.3176803394625176,2023-11-12T00:00:00+00:00,3535,2023-11-11T17:30:00+00:00,False
ENG_PL::22011,2023-11-12 14:00:00+00:00,2023,walk_forward_poisson,0,0.5850386737815954,0.2029295849046875,0.2120317413137171,0.4483734087694483,0.2339462517680339,0.3176803394625176,2023-11-12T00:00:00+00:00,3535,2023-11-11T17:30:00+00:00,False
ENG_PL::22013,2023-11-12 14:00:00+00:00,2023,walk_forward_poisson,0,0.5280635021998686,0.2459964134246071,0.2259400843755242,0.4483734087694483,0.2339462517680339,0.3176803394625176,2023-11-12T00:00:00+00:00,3535,2023-11-11T17:30:00+00:00,False
ENG_PL::22009,2023-11-12 16:30:00+00:00,2023,walk_forward_poisson,1,0.2436560691364283,0.2507266867411461,0.5056172441224258,0.4483734087694483,0.2339462517680339,0.3176803394625176,2023-11-12T00:00:00+00:00,3535,2023-11-11T17:30:00+00:00,False
ENG_PL::22020,2023-11-25 12:30:00+00:00,2023,walk_forward_poisson,1,0.5833396231158557,0.2095150922584056,0.2071452846257384,0.4485875706214689,0.2341807909604519,0.3172316384180791,2023-11-25T00:00:00+00:00,3540,2023-11-12T16:30:00+00:00,False
ENG_PL::22023,2023-11-25 15:00:00+00:00,2023,walk_forward_poisson,2,0.2497039168718005,0.241806331963171,0.5084897511650281,0.4485875706214689,0.2341807909604519,0.3172316384180791,2023-11-25T00:00:00+00:00,3540,2023-11-12T16:30:00+00:00,False
ENG_PL::22022,2023-11-25 15:00:00+00:00,2023,walk_forward_poisson,2,0.240106982653715,0.2417594658943188,0.518133551451966,0.4485875706214689,0.2341807909604519,0.3172316384180791,2023-11-25T00:00:00+00:00,3540,2023-11-12T16:30:00+00:00,False
ENG_PL::22016,2023-11-25 15:00:00+00:00,2023,walk_forward_poisson,2,0.3169532769073082,0.2593484412317867,0.4236982818609052,0.4485875706214689,0.2341807909604519,0.3172316384180791,2023-11-25T00:00:00+00:00,3540,2023-11-12T16:30:00+00:00,False
ENG_PL::22019,2023-11-25 15:00:00+00:00,2023,walk_forward_poisson,0,0.2827670775940851,0.2391554807188357,0.4780774416870794,0.4485875706214689,0.2341807909604519,0.3172316384180791,2023-11-25T00:00:00+00:00,3540,2023-11-12T16:30:00+00:00,False
ENG_PL::22021,2023-11-25 15:00:00+00:00,2023,walk_forward_poisson,0,0.5031783402965613,0.2347169338896455,0.262104725813793,0.4485875706214689,0.2341807909604519,0.3172316384180791,2023-11-25T00:00:00+00:00,3540,2023-11-12T16:30:00+00:00,False
ENG_PL::22015,2023-11-25 17:30:00+00:00,2023,walk_forward_poisson,2,0.3601194182628925,0.2548378118492291,0.3850427698878785,0.4485875706214689,0.2341807909604519,0.3172316384180791,2023-11-25T00:00:00+00:00,3540,2023-11-12T16:30:00+00:00,False
ENG_PL::22024,2023-11-26 14:00:00+00:00,2023,walk_forward_poisson,2,0.4710351870644195,0.2441699372063746,0.2847948757292058,0.4482661404003383,0.2340005638567804,0.3177332957428813,2023-11-26T00:00:00+00:00,3547,2023-11-25T17:30:00+00:00,False
ENG_PL::22017,2023-11-26 16:30:00+00:00,2023,walk_forward_poisson,2,0.3636882792587555,0.2370328874748429,0.3992788332664015,0.4482661404003383,0.2340005638567804,0.3177332957428813,2023-11-26T00:00:00+00:00,3547,2023-11-25T17:30:00+00:00,False
ENG_PL::22018,2023-11-27 20:00:00+00:00,2023,walk_forward_poisson,0,0.415545496496148,0.2724127178578664,0.3120417856459854,0.4480135249366018,0.2338686954071569,0.3181177796562412,2023-11-27T00:00:00+00:00,3549,2023-11-26T16:30:00+00:00,False
ENG_PL::22026,2023-12-02 15:00:00+00:00,2023,walk_forward_poisson,0,0.6695497241489997,0.1991819483293103,0.13126832752169,0.448169014084507,0.2338028169014084,0.3180281690140845,2023-12-02T00:00:00+00:00,3550,2023-11-27T20:00:00+00:00,False
ENG_PL::22027,2023-12-02 15:00:00+00:00,2023,walk_forward_poisson,0,0.7726401107559473,0.1317571169161884,0.0956027723278642,0.448169014084507,0.2338028169014084,0.3180281690140845,2023-12-02T00:00:00+00:00,3550,2023-11-27T20:00:00+00:00,False
ENG_PL::22028,2023-12-02 15:00:00+00:00,2023,walk_forward_poisson,0,0.5839255838260901,0.2353611776456029,0.1807132385283066,0.448169014084507,0.2338028169014084,0.3180281690140845,2023-12-02T00:00:00+00:00,3550,2023-11-27T20:00:00+00:00,False
ENG_PL::22033,2023-12-02 17:30:00+00:00,2023,walk_forward_poisson,2,0.353386192382825,0.2608425289847231,0.3857712786324518,0.448169014084507,0.2338028169014084,0.3180281690140845,2023-12-02T00:00:00+00:00,3550,2023-11-27T20:00:00+00:00,False
ENG_PL::22032,2023-12-02 20:00:00+00:00,2023,walk_forward_poisson,0,0.5561840600949791,0.2143026840493473,0.2295132558556735,0.448169014084507,0.2338028169014084,0.3180281690140845,2023-12-02T00:00:00+00:00,3550,2023-11-27T20:00:00+00:00,False
ENG_PL::22025,2023-12-03 14:00:00+00:00,2023,walk_forward_poisson,1,0.3308491495876665,0.2414913010229668,0.4276595493893668,0.4486638537271448,0.2334739803094233,0.3178621659634318,2023-12-03T00:00:00+00:00,3555,2023-12-02T20:00:00+00:00,False
ENG_PL::22029,2023-12-03 14:00:00+00:00,2023,walk_forward_poisson,0,0.4420730293611436,0.2424118909618119,0.3155150796770445,0.4486638537271448,0.2334739803094233,0.3178621659634318,2023-12-03T00:00:00+00:00,3555,2023-12-02T20:00:00+00:00,False
ENG_PL::22030,2023-12-03 14:00:00+00:00,2023,walk_forward_poisson,0,0.7379725577737203,0.1562404835544724,0.1057869586718072,0.4486638537271448,0.2334739803094233,0.3178621659634318,2023-12-03T00:00:00+00:00,3555,2023-12-02T20:00:00+00:00,False
ENG_PL::22034,2023-12-03 14:00:00+00:00,2023,walk_forward_poisson,1,0.448637239470595,0.2691435881542471,0.2822191723751579,0.4486638537271448,0.2334739803094233,0.3178621659634318,2023-12-03T00:00:00+00:00,3555,2023-12-02T20:00:00+00:00,False
ENG_PL::22031,2023-12-03 16:30:00+00:00,2023,walk_forward_poisson,1,0.6766090046892946,0.1880471554208568,0.1353438398898486,0.4486638537271448,0.2334739803094233,0.3178621659634318,2023-12-03T00:00:00+00:00,3555,2023-12-02T20:00:00+00:00,False
ENG_PL::22042,2023-12-05 19:30:00+00:00,2023,walk_forward_poisson,0,0.4594348866494288,0.2659667006684315,0.2745984126821396,0.4485955056179775,0.2339887640449438,0.3174157303370786,2023-12-05T00:00:00+00:00,3560,2023-12-03T16:30:00+00:00,False
ENG_PL::22039,2023-12-05 20:15:00+00:00,2023,walk_forward_poisson,2,0.1127017668491731,0.1493291390319748,0.7379690941188519,0.4485955056179775,0.2339887640449438,0.3174157303370786,2023-12-05T00:00:00+00:00,3560,2023-12-03T16:30:00+00:00,False
ENG_PL::22040,2023-12-06 19:30:00+00:00,2023,walk_forward_poisson,2,0.0692673281011231,0.1185123090692553,0.8122203628296213,0.4486243683323975,0.23385738349242,0.3175182481751825,2023-12-06T00:00:00+00:00,3562,2023-12-05T20:15:00+00:00,False
ENG_PL::22043,2023-12-06 19:30:00+00:00,2023,walk_forward_poisson,2,0.455991543726505,0.2579744318697896,0.2860340244037053,0.4486243683323975,0.23385738349242,0.3175182481751825,2023-12-06T00:00:00+00:00,3562,2023-12-05T20:15:00+00:00,False
ENG_PL::22036,2023-12-06 19:30:00+00:00,2023,walk_forward_poisson,0,0.472480111159862,0.2376413848698321,0.289878503970306,0.4486243683323975,0.23385738349242,0.3175182481751825,2023-12-06T00:00:00+00:00,3562,2023-12-05T20:15:00+00:00,False
ENG_PL::22038,2023-12-06 19:30:00+00:00,2023,walk_forward_poisson,0,0.4223934744840419,0.2738443040027504,0.3037622215132076,0.4486243683323975,0.23385738349242,0.3175182481751825,2023-12-06T00:00:00+00:00,3562,2023-12-05T20:15:00+00:00,False
ENG_PL::22035,2023-12-06 20:15:00+00:00,2023,walk_forward_poisson,0,0.2008964309562761,0.2256356752565065,0.5734678937872174,0.4486243683323975,0.23385738349242,0.3175182481751825,2023-12-06T00:00:00+00:00,3562,2023-12-05T20:15:00+00:00,False
ENG_PL::22044,2023-12-06 20:15:00+00:00,2023,walk_forward_poisson,0,0.406469998351902,0.2381307921815078,0.3553992094665902,0.4486243683323975,0.23385738349242,0.3175182481751825,2023-12-06T00:00:00+00:00,3562,2023-12-05T20:15:00+00:00,False
ENG_PL::22037,2023-12-07 19:30:00+00:00,2023,walk_forward_poisson,0,0.2782414015031935,0.2356104792220338,0.4861481192747727,0.4489910313901345,0.2334641255605381,0.3175448430493273,2023-12-07T00:00:00+00:00,3568,2023-12-06T20:15:00+00:00,False
ENG_PL::22041,2023-12-07 20:15:00+00:00,2023,walk_forward_poisson,2,0.5260292950313086,0.2284109211098315,0.2455597838588598,0.4489910313901345,0.2334641255605381,0.3175448430493273,2023-12-07T00:00:00+00:00,3568,2023-12-06T20:15:00+00:00,False
ENG_PL::22047,2023-12-09 12:30:00+00:00,2023,walk_forward_poisson,2,0.2527316553902556,0.2412843255592337,0.5059840190505105,0.4490196078431372,0.2333333333333333,0.3176470588235294,2023-12-09T00:00:00+00:00,3570,2023-12-07T20:15:00+00:00,False
ENG_PL::22054,2023-12-09 15:00:00+00:00,2023,walk_forward_poisson,1,0.444673780953731,0.2748351946719513,0.2804910243743176,0.4490196078431372,0.2333333333333333,0.3176470588235294,2023-12-09T00:00:00+00:00,3570,2023-12-07T20:15:00+00:00,False
ENG_PL::22051,2023-12-09 15:00:00+00:00,2023,walk_forward_poisson,2,0.5855906371912807,0.199724578644226,0.2146847841644932,0.4490196078431372,0.2333333333333333,0.3176470588235294,2023-12-09T00:00:00+00:00,3570,2023-12-07T20:15:00+00:00,False
ENG_PL::22052,2023-12-09 15:00:00+00:00,2023,walk_forward_poisson,0,0.1291056245617026,0.1896594769599433,0.6812348984783541,0.4490196078431372,0.2333333333333333,0.3176470588235294,2023-12-09T00:00:00+00:00,3570,2023-12-07T20:15:00+00:00,False
ENG_PL::22046,2023-12-09 15:00:00+00:00,2023,walk_forward_poisson,1,0.6785604115745714,0.1915884622353604,0.129851126190068,0.4490196078431372,0.2333333333333333,0.3176470588235294,2023-12-09T00:00:00+00:00,3570,2023-12-07T20:15:00+00:00,False
ENG_PL::22045,2023-12-09 17:30:00+00:00,2023,walk_forward_poisson,0,0.3323326238954648,0.2514769274482839,0.416190448656251,0.4490196078431372,0.2333333333333333,0.3176470588235294,2023-12-09T00:00:00+00:00,3570,2023-12-07T20:15:00+00:00,False
ENG_PL::22048,2023-12-10 14:00:00+00:00,2023,walk_forward_poisson,0,0.362858979047977,0.2436984956675736,0.3934425252844492,0.4488255033557047,0.2335011185682326,0.3176733780760626,2023-12-10T00:00:00+00:00,3576,2023-12-09T17:30:00+00:00,False
ENG_PL::22049,2023-12-10 14:00:00+00:00,2023,walk_forward_poisson,0,0.3728007776403095,0.2567369878878814,0.3704622344718091,0.4488255033557047,0.2335011185682326,0.3176733780760626,2023-12-10T00:00:00+00:00,3576,2023-12-09T17:30:00+00:00,False
ENG_PL::22050,2023-12-10 14:00:00+00:00,2023,walk_forward_poisson,2,0.0575125506827891,0.1038934745145441,0.8385939748026666,0.4488255033557047,0.2335011185682326,0.3176733780760626,2023-12-10T00:00:00+00:00,3576,2023-12-09T17:30:00+00:00,False
ENG_PL::22053,2023-12-10 16:30:00+00:00,2023,walk_forward_poisson,0,0.3553777734632288,0.2396990233008569,0.4049232032359141,0.4488255033557047,0.2335011185682326,0.3176733780760626,2023-12-10T00:00:00+00:00,3576,2023-12-09T17:30:00+00:00,False
ENG_PL::22063,2023-12-15 20:00:00+00:00,2023,walk_forward_poisson,2,0.2811998794898784,0.2508159999303745,0.4679841205797467,0.4491620111731844,0.2332402234636871,0.3175977653631285,2023-12-15T00:00:00+00:00,3580,2023-12-10T16:30:00+00:00,False
ENG_PL::22059,2023-12-16 15:00:00+00:00,2023,walk_forward_poisson,0,0.8012100181367945,0.1325615118415956,0.0662284700216098,0.4490365819603463,0.2331750907567718,0.3177883272828818,2023-12-16T00:00:00+00:00,3581,2023-12-15T20:00:00+00:00,False
ENG_PL::22061,2023-12-16 15:00:00+00:00,2023,walk_forward_poisson,1,0.7217127140113089,0.1828434186711834,0.0954438673175076,0.4490365819603463,0.2331750907567718,0.3177883272828818,2023-12-16T00:00:00+00:00,3581,2023-12-15T20:00:00+00:00,False
ENG_PL::22062,2023-12-16 15:00:00+00:00,2023,walk_forward_poisson,0,0.6665079966087929,0.1880194871163829,0.1454725162748243,0.4490365819603463,0.2331750907567718,0.3177883272828818,2023-12-16T00:00:00+00:00,3581,2023-12-15T20:00:00+00:00,False
ENG_PL::22058,2023-12-16 17:30:00+00:00,2023,walk_forward_poisson,2,0.3145260119490684,0.2551508503868911,0.4303231376640406,0.4490365819603463,0.2331750907567718,0.3177883272828818,2023-12-16T00:00:00+00:00,3581,2023-12-15T20:00:00+00:00,False
ENG_PL::22064,2023-12-17 14:00:00+00:00,2023,walk_forward_poisson,0,0.528421050195595,0.243070292122159,0.228508657682246,0.4490934449093445,0.2331938633193863,0.3177126917712691,2023-12-17T00:00:00+00:00,3585,2023-12-16T17:30:00+00:00,False
ENG_PL::22056,2023-12-17 14:00:00+00:00,2023,walk_forward_poisson,0,0.5107484231967032,0.2386723602429207,0.2505792165603759,0.4490934449093445,0.2331938633193863,0.3177126917712691,2023-12-17T00:00:00+00:00,3585,2023-12-16T17:30:00+00:00,False
ENG_PL::22057,2023-12-17 14:00:00+00:00,2023,walk_forward_poisson,2,0.476641232855744,0.2451847337798063,0.2781740333644495,0.4490934449093445,0.2331938633193863,0.3177126917712691,2023-12-17T00:00:00+00:00,3585,2023-12-16T17:30:00+00:00,False
ENG_PL::22060,2023-12-17 16:30:00+00:00,2023,walk_forward_poisson,1,0.6179273352364543,0.1872942603338,0.1947784044297455,0.4490934449093445,0.2331938633193863,0.3177126917712691,2023-12-17T00:00:00+00:00,3585,2023-12-16T17:30:00+00:00,False
ENG_PL::22066,2023-12-21 20:00:00+00:00,2023,walk_forward_poisson,1,0.3106288094431373,0.2697796030321229,0.4195915875247397,0.449150181108944,0.2332125940373363,0.3176372248537197,2023-12-21T00:00:00+00:00,3589,2023-12-17T16:30:00+00:00,False
ENG_PL::22065,2023-12-22 20:00:00+00:00,2023,walk_forward_poisson,1,0.7761475210140277,0.1470345810928781,0.0768178978930939,0.449025069637883,0.2334261838440111,0.3175487465181058,2023-12-22T00:00:00+00:00,3590,2023-12-21T20:00:00+00:00,False
ENG_PL::22072,2023-12-23 12:30:00+00:00,2023,walk_forward_poisson,0,0.3991442948205357,0.2390994798453814,0.3617562253340828,0.4489000278473962,0.2336396546922862,0.3174603174603174,2023-12-23T00:00:00+00:00,3591,2023-12-22T20:00:00+00:00,False
ENG_PL::22071,2023-12-23 15:00:00+00:00,2023,walk_forward_poisson,0,0.5201621785921751,0.2247391047804626,0.2550987166273621,0.4489000278473962,0.2336396546922862,0.3174603174603174,2023-12-23T00:00:00+00:00,3591,2023-12-22T20:00:00+00:00,False
ENG_PL::22070,2023-12-23 15:00:00+00:00,2023,walk_forward_poisson,2,0.3784236022799224,0.2566683339024023,0.364908063817675,0.4489000278473962,0.2336396546922862,0.3174603174603174,2023-12-23T00:00:00+00:00,3591,2023-12-22T20:00:00+00:00,False
ENG_PL::22067,2023-12-23 15:00:00+00:00,2023,walk_forward_poisson,2,0.5038975584519089,0.250008189468793,0.2460942520792979,0.4489000278473962,0.2336396546922862,0.3174603174603174,2023-12-23T00:00:00+00:00,3591,2023-12-22T20:00:00+00:00,False
ENG_PL::22069,2023-12-23 15:00:00+00:00,2023,walk_forward_poisson,0,0.1219776079341466,0.1514797117518461,0.726542680314007,0.4489000278473962,0.2336396546922862,0.3174603174603174,2023-12-23T00:00:00+00:00,3591,2023-12-22T20:00:00+00:00,False
ENG_PL::22068,2023-12-23 17:30:00+00:00,2023,walk_forward_poisson,1,0.4542434690199541,0.2351120161845369,0.310644514795509,0.4489000278473962,0.2336396546922862,0.3174603174603174,2023-12-23T00:00:00+00:00,3591,2023-12-22T20:00:00+00:00,False
ENG_PL::22073,2023-12-24 13:00:00+00:00,2023,walk_forward_poisson,0,0.2682753945122629,0.2547089712265518,0.4770156342611854,0.4489852654990269,0.2335279399499583,0.3174867945510147,2023-12-24T00:00:00+00:00,3597,2023-12-23T17:30:00+00:00,False
ENG_PL::22083,2023-12-26 12:30:00+00:00,2023,walk_forward_poisson,2,0.7021935124889245,0.1785517418498552,0.1192547456612202,0.4491384102279044,0.2334630350194552,0.3173985547526403,2023-12-26T00:00:00+00:00,3598,2023-12-24T13:00:00+00:00,False
ENG_PL::22084,2023-12-26 15:00:00+00:00,2023,walk_forward_poisson,2,0.3659534498034453,0.2463712792236717,0.3876752709728828,0.4491384102279044,0.2334630350194552,0.3173985547526403,2023-12-26T00:00:00+00:00,3598,2023-12-24T13:00:00+00:00,False
ENG_PL::22075,2023-12-26 15:00:00+00:00,2023,walk_forward_poisson,0,0.5117505125799107,0.2322223520419438,0.2560271353781455,0.4491384102279044,0.2334630350194552,0.3173985547526403,2023-12-26T00:00:00+00:00,3598,2023-12-24T13:00:00+00:00,False
ENG_PL::22079,2023-12-26 17:30:00+00:00,2023,walk_forward_poisson,2,0.168492506572639,0.2019335097520499,0.6295739836753109,0.4491384102279044,0.2334630350194552,0.3173985547526403,2023-12-26T00:00:00+00:00,3598,2023-12-24T13:00:00+00:00,False
ENG_PL::22082,2023-12-26 20:00:00+00:00,2023,walk_forward_poisson,0,0.459907046206611,0.237107130730509,0.3029858230628797,0.4491384102279044,0.2334630350194552,0.3173985547526403,2023-12-26T00:00:00+00:00,3598,2023-12-24T13:00:00+00:00,False
ENG_PL::22077,2023-12-27 19:30:00+00:00,2023,walk_forward_poisson,2,0.5941149521391694,0.2268878961795429,0.1789971516812876,0.4490702192617263,0.2331390507910075,0.3177907299472661,2023-12-27T00:00:00+00:00,3603,2023-12-26T20:00:00+00:00,False
ENG_PL::22080,2023-12-27 19:30:00+00:00,2023,walk_forward_poisson,0,0.5531936280907215,0.2426310008682829,0.2041753710409954,0.4490702192617263,0.2331390507910075,0.3177907299472661,2023-12-27T00:00:00+00:00,3603,2023-12-26T20:00:00+00:00,False
ENG_PL::22081,2023-12-27 20:15:00+00:00,2023,walk_forward_poisson,2,0.2050237763159344,0.2243359294652264,0.5706402942188392,0.4490702192617263,0.2331390507910075,0.3177907299472661,2023-12-27T00:00:00+00:00,3603,2023-12-26T20:00:00+00:00,False
ENG_PL::22078,2023-12-28 19:30:00+00:00,2023,walk_forward_poisson,0,0.5059518266675166,0.226144833333737,0.2679033399987465,0.4489739323349972,0.232945091514143,0.3180809761508597,2023-12-28T00:00:00+00:00,3606,2023-12-27T20:15:00+00:00,False
ENG_PL::22076,2023-12-28 20:15:00+00:00,2023,walk_forward_poisson,2,0.6356141099832776,0.2065773200536736,0.1578085699630488,0.4489739323349972,0.232945091514143,0.3180809761508597,2023-12-28T00:00:00+00:00,3606,2023-12-27T20:15:00+00:00,False
ENG_PL::22089,2023-12-30 12:30:00+00:00,2023,walk_forward_poisson,2,0.1555131657897748,0.1756643754757433,0.6688224587344818,0.4490022172949002,0.2328159645232816,0.3181818181818182,2023-12-30T00:00:00+00:00,3608,2023-12-28T20:15:00+00:00,False
ENG_PL::22085,2023-12-30 15:00:00+00:00,2023,walk_forward_poisson,0,0.6285462816737547,0.2145613757645765,0.1568923425616689,0.4490022172949002,0.2328159645232816,0.3181818181818182,2023-12-30T00:00:00+00:00,3608,2023-12-28T20:15:00+00:00,False
ENG_PL::22086,2023-12-30 15:00:00+00:00,2023,walk_forward_poisson,0,0.3442705893486777,0.2745662229820278,0.3811631876692945,0.4490022172949002,0.2328159645232816,0.3181818181818182,2023-12-30T00:00:00+00:00,3608,2023-12-28T20:15:00+00:00,False
ENG_PL::22090,2023-12-30 15:00:00+00:00,2023,walk_forward_poisson,0,0.8898838626944868,0.0801105771185048,0.0300055601870084,0.4490022172949002,0.2328159645232816,0.3181818181818182,2023-12-30T00:00:00+00:00,3608,2023-12-28T20:15:00+00:00,False
ENG_PL::22094,2023-12-30 15:00:00+00:00,2023,walk_forward_poisson,0,0.3372036904857801,0.257005186030998,0.405791123483222,0.4490022172949002,0.2328159645232816,0.3181818181818182,2023-12-30T00:00:00+00:00,3608,2023-12-28T20:15:00+00:00,False
ENG_PL::22091,2023-12-30 17:30:00+00:00,2023,walk_forward_poisson,0,0.3204196544245429,0.2473717610433477,0.4322085845321094,0.4490022172949002,0.2328159645232816,0.3181818181818182,2023-12-30T00:00:00+00:00,3608,2023-12-28T20:15:00+00:00,False
ENG_PL::22092,2023-12-31 14:00:00+00:00,2023,walk_forward_poisson,0,0.5612611310877119,0.2104249816381503,0.2283138872741377,0.4496402877697841,0.2324294410625345,0.3179302711676812,2023-12-31T00:00:00+00:00,3614,2023-12-30T17:30:00+00:00,False
ENG_PL::22087,2023-12-31 14:00:00+00:00,2023,walk_forward_poisson,0,0.2061337098349297,0.2346294626968479,0.5592368274682223,0.4496402877697841,0.2324294410625345,0.3179302711676812,2023-12-31T00:00:00+00:00,3614,2023-12-30T17:30:00+00:00,False
ENG_PL::22088,2024-01-01 20:00:00+00:00,2023,walk_forward_poisson,0,0.529359891321441,0.2113150494515437,0.2593250592270151,0.4499446902654867,0.2323008849557522,0.317754424778761,2024-01-01T00:00:00+00:00,3616,2023-12-31T14:00:00+00:00,False
ENG_PL::22093,2024-01-02 19:30:00+00:00,2023,walk_forward_poisson,1,0.3446897752908677,0.2453857322428138,0.4099244924663182,0.4500967652750898,0.2322366602156483,0.3176665745092618,2024-01-02T00:00:00+00:00,3617,2024-01-01T20:00:00+00:00,False
ENG_PL::22096,2024-01-12 19:45:00+00:00,2023,walk_forward_poisson,1,0.531892824078929,0.2215830085216086,0.2465241673994625,0.4499723604201216,0.2324488667772249,0.3175787728026534,2024-01-12T00:00:00+00:00,3618,2024-01-02T19:30:00+00:00,False
ENG_PL::22097,2024-01-13 12:30:00+00:00,2023,walk_forward_poisson,0,0.6133183957127989,0.2106392291862552,0.176042375100946,0.4498480243161094,0.2326609560652114,0.3174910196186792,2024-01-13T00:00:00+00:00,3619,2024-01-12T19:45:00+00:00,False
ENG_PL::22100,2024-01-13 17:30:00+00:00,2023,walk_forward_poisson,2,0.2832465685985235,0.2351602654788095,0.481593165922667,0.4498480243161094,0.2326609560652114,0.3174910196186792,2024-01-13T00:00:00+00:00,3619,2024-01-12T19:45:00+00:00,False
ENG_PL::22098,2024-01-14 14:00:00+00:00,2023,walk_forward_poisson,1,0.4099634435494311,0.2483907786143463,0.3416457778362227,0.4498757249378625,0.2325324495995581,0.3175918254625794,2024-01-14T00:00:00+00:00,3621,2024-01-13T17:30:00+00:00,False
ENG_PL::22099,2024-01-14 16:30:00+00:00,2023,walk_forward_poisson,1,0.4459277393715988,0.228093857477977,0.3259784031504239,0.4498757249378625,0.2325324495995581,0.3175918254625794,2024-01-14T00:00:00+00:00,3621,2024-01-13T17:30:00+00:00,False
ENG_PL::22103,2024-01-20 12:30:00+00:00,2023,walk_forward_poisson,0,0.6317182882279783,0.2202090567682402,0.1480726550037816,0.4496273806237924,0.2329561137179133,0.3174165056582942,2024-01-20T00:00:00+00:00,3623,2024-01-14T16:30:00+00:00,False
ENG_PL::22104,2024-01-20 17:30:00+00:00,2023,walk_forward_poisson,0,0.5916796704305127,0.2253270023325586,0.1829933272369287,0.4496273806237924,0.2329561137179133,0.3174165056582942,2024-01-20T00:00:00+00:00,3623,2024-01-14T16:30:00+00:00,False
ENG_PL::22101,2024-01-21 14:00:00+00:00,2023,walk_forward_poisson,1,0.2418263120783456,0.2456114164713115,0.5125622714503425,0.4499310344827586,0.2328275862068965,0.3172413793103448,2024-01-21T00:00:00+00:00,3625,2024-01-20T17:30:00+00:00,False
ENG_PL::22102,2024-01-21 16:30:00+00:00,2023,walk_forward_poisson,2,0.2552925582401981,0.2129187334614077,0.5317887082983941,0.4499310344827586,0.2328275862068965,0.3172413793103448,2024-01-21T00:00:00+00:00,3625,2024-01-20T17:30:00+00:00,False
ENG_PL::22095,2024-01-22 19:45:00+00:00,2023,walk_forward_poisson,1,0.6336910980027312,0.204241277257856,0.1620676247394128,0.4496829335539013,0.2329749103942652,0.3173421560518334,2024-01-22T00:00:00+00:00,3627,2024-01-21T16:30:00+00:00,False
ENG_PL::22108,2024-01-30 19:30:00+00:00,2023,walk_forward_poisson,2,0.1998036439355187,0.2360833874673812,0.5641129685971001,0.4495589856670341,0.233186328555678,0.3172546857772877,2024-01-30T00:00:00+00:00,3628,2024-01-22T19:45:00+00:00,False
ENG_PL::22106,2024-01-30 19:45:00+00:00,2023,walk_forward_poisson,1,0.3697151473911303,0.2551156077124902,0.3751692448963796,0.4495589856670341,0.233186328555678,0.3172546857772877,2024-01-30T00:00:00+00:00,3628,2024-01-22T19:45:00+00:00,False
ENG_PL::22107,2024-01-30 19:45:00+00:00,2023,walk_forward_poisson,0,0.1740507105431003,0.1807580397832979,0.6451912496736018,0.4495589856670341,0.233186328555678,0.3172546857772877,2024-01-30T00:00:00+00:00,3628,2024-01-22T19:45:00+00:00,False
ENG_PL::22112,2024-01-30 20:00:00+00:00,2023,walk_forward_poisson,0,0.6104547283780064,0.2286972336758248,0.1608480379461687,0.4495589856670341,0.233186328555678,0.3172546857772877,2024-01-30T00:00:00+00:00,3628,2024-01-22T19:45:00+00:00,False
ENG_PL::22105,2024-01-30 20:15:00+00:00,2023,walk_forward_poisson,2,0.4132688011566322,0.2360663413851104,0.3506648574582571,0.4495589856670341,0.233186328555678,0.3172546857772877,2024-01-30T00:00:00+00:00,3628,2024-01-22T19:45:00+00:00,False
ENG_PL::22109,2024-01-31 19:30:00+00:00,2023,walk_forward_poisson,0,0.4669582108562723,0.2350111526177117,0.2980306365260157,0.4494907789705477,0.233140655105973,0.3173685659234792,2024-01-31T00:00:00+00:00,3633,2024-01-30T20:15:00+00:00,False
ENG_PL::22114,2024-01-31 19:30:00+00:00,2023,walk_forward_poisson,0,0.8195269609330029,0.1252938814913973,0.0551791575755996,0.4494907789705477,0.233140655105973,0.3173685659234792,2024-01-31T00:00:00+00:00,3633,2024-01-30T20:15:00+00:00,False
ENG_PL::22113,2024-01-31 20:15:00+00:00,2023,walk_forward_poisson,0,0.5886783191017765,0.2050712741454463,0.2062504067527772,0.4494907789705477,0.233140655105973,0.3173685659234792,2024-01-31T00:00:00+00:00,3633,2024-01-30T20:15:00+00:00,False
ENG_PL::22110,2024-02-01 19:30:00+00:00,2023,walk_forward_poisson,1,0.4635808129827207,0.2391974086569765,0.2972217783603026,0.4499449944994499,0.2329482948294829,0.3171067106710671,2024-02-01T00:00:00+00:00,3636,2024-01-31T20:15:00+00:00,False
ENG_PL::22111,2024-02-01 20:15:00+00:00,2023,walk_forward_poisson,2,0.349729802196125,0.2528928043792761,0.3973773934245987,0.4499449944994499,0.2329482948294829,0.3171067106710671,2024-02-01T00:00:00+00:00,3636,2024-01-31T20:15:00+00:00,False
ENG_PL::22121,2024-02-03 12:30:00+00:00,2023,walk_forward_poisson,1,0.4021832253746588,0.2330019459816976,0.3648148286436434,0.4496976360637713,0.2330951072017592,0.3172072567344695,2024-02-03T00:00:00+00:00,3638,2024-02-01T20:15:00+00:00,False
ENG_PL::22118,2024-02-03 15:00:00+00:00,2023,walk_forward_poisson,0,0.5662157909166766,0.2339771421581334,0.1998070669251899,0.4496976360637713,0.2330951072017592,0.3172072567344695,2024-02-03T00:00:00+00:00,3638,2024-02-01T20:15:00+00:00,False
ENG_PL::22119,2024-02-03 15:00:00+00:00,2023,walk_forward_poisson,1,0.3928817846577618,0.2673387224511429,0.3397794928910952,0.4496976360637713,0.2330951072017592,0.3172072567344695,2024-02-03T00:00:00+00:00,3638,2024-02-01T20:15:00+00:00,False
ENG_PL::22123,2024-02-03 15:00:00+00:00,2023,walk_forward_poisson,1,0.7931800839353933,0.1167122877360935,0.0901076283285133,0.4496976360637713,0.2330951072017592,0.3172072567344695,2024-02-03T00:00:00+00:00,3638,2024-02-01T20:15:00+00:00,False
ENG_PL::22124,2024-02-03 17:30:00+00:00,2023,walk_forward_poisson,2,0.2108043935950812,0.2326863945738449,0.556509211831074,0.4496976360637713,0.2330951072017592,0.3172072567344695,2024-02-03T00:00:00+00:00,3638,2024-02-01T20:15:00+00:00,False
ENG_PL::22122,2024-02-04 14:00:00+00:00,2023,walk_forward_poisson,0,0.5343286516519082,0.2236305610902003,0.2420407872578913,0.4493549272577546,0.2335986824046116,0.3170463903376338,2024-02-04T00:00:00+00:00,3643,2024-02-03T17:30:00+00:00,False
ENG_PL::22120,2024-02-04 14:00:00+00:00,2023,walk_forward_poisson,2,0.600412511639403,0.2160535680470773,0.1835339203135197,0.4493549272577546,0.2335986824046116,0.3170463903376338,2024-02-04T00:00:00+00:00,3643,2024-02-03T17:30:00+00:00,False
ENG_PL::22115,2024-02-04 14:00:00+00:00,2023,walk_forward_poisson,1,0.5138361611392421,0.2428817083663868,0.2432821304943709,0.4493549272577546,0.2335986824046116,0.3170463903376338,2024-02-04T00:00:00+00:00,3643,2024-02-03T17:30:00+00:00,False
ENG_PL::22116,2024-02-04 16:30:00+00:00,2023,walk_forward_poisson,0,0.4570602928338743,0.2362507107479581,0.3066889964181675,0.4493549272577546,0.2335986824046116,0.3170463903376338,2024-02-04T00:00:00+00:00,3643,2024-02-03T17:30:00+00:00,False
ENG_PL::22117,2024-02-05 20:00:00+00:00,2023,walk_forward_poisson,2,0.2391434487586165,0.2345068986522658,0.5263496525891175,0.4494104743624897,0.2336166712366328,0.3169728544008774,2024-02-05T00:00:00+00:00,3647,2024-02-04T16:30:00+00:00,False
ENG_PL::22130,2024-02-10 12:30:00+00:00,2023,walk_forward_poisson,0,0.7158995122305017,0.1684538562744634,0.1156466314950348,0.4492872807017544,0.2335526315789473,0.3171600877192982,2024-02-10T00:00:00+00:00,3648,2024-02-05T20:00:00+00:00,False
ENG_PL::22127,2024-02-10 15:00:00+00:00,2023,walk_forward_poisson,0,0.3966342423365802,0.2502270103458059,0.3531387473176139,0.4492872807017544,0.2335526315789473,0.3171600877192982,2024-02-10T00:00:00+00:00,3648,2024-02-05T20:00:00+00:00,False
ENG_PL::22128,2024-02-10 15:00:00+00:00,2023,walk_forward_poisson,0,0.7671930173032222,0.1442535867592065,0.0885533959375712,0.4492872807017544,0.2335526315789473,0.3171600877192982,2024-02-10T00:00:00+00:00,3648,2024-02-05T20:00:00+00:00,False
ENG_PL::22129,2024-02-10 15:00:00+00:00,2023,walk_forward_poisson,2,0.5644149913154262,0.2042439808627232,0.2313410278218504,0.4492872807017544,0.2335526315789473,0.3171600877192982,2024-02-10T00:00:00+00:00,3648,2024-02-05T20:00:00+00:00,False
ENG_PL::22132,2024-02-10 15:00:00+00:00,2023,walk_forward_poisson,0,0.4370693407738106,0.2286931196014908,0.3342375396246986,0.4492872807017544,0.2335526315789473,0.3171600877192982,2024-02-10T00:00:00+00:00,3648,2024-02-05T20:00:00+00:00,False
ENG_PL::22134,2024-02-10 15:00:00+00:00,2023,walk_forward_poisson,2,0.3311321556978929,0.2496085447655061,0.419259299536601,0.4492872807017544,0.2335526315789473,0.3171600877192982,2024-02-10T00:00:00+00:00,3648,2024-02-05T20:00:00+00:00,False
ENG_PL::22131,2024-02-10 17:30:00+00:00,2023,walk_forward_poisson,2,0.2660574044740695,0.2345571547618454,0.4993854407640849,0.4492872807017544,0.2335526315789473,0.3171600877192982,2024-02-10T00:00:00+00:00,3648,2024-02-05T20:00:00+00:00,False
ENG_PL::22133,2024-02-11 14:00:00+00:00,2023,walk_forward_poisson,2,0.2361782608048846,0.2381054227464633,0.525716316448652,0.4495212038303693,0.2331053351573187,0.3173734610123119,2024-02-11T00:00:00+00:00,3655,2024-02-10T17:30:00+00:00,False
ENG_PL::22125,2024-02-11 16:30:00+00:00,2023,walk_forward_poisson,2,0.4678734277767186,0.2322805603838093,0.2998460118394719,0.4495212038303693,0.2331053351573187,0.3173734610123119,2024-02-11T00:00:00+00:00,3655,2024-02-10T17:30:00+00:00,False
ENG_PL::22126,2024-02-12 20:00:00+00:00,2023,walk_forward_poisson,2,0.3220926261963255,0.2654530465581612,0.4124543272455132,0.4492753623188406,0.2329778506972928,0.3177467869838665,2024-02-12T00:00:00+00:00,3657,2024-02-11T16:30:00+00:00,False
ENG_PL::22135,2024-02-17 12:30:00+00:00,2023,walk_forward_poisson,2,0.3148251915299868,0.2250849018533578,0.4600899066166554,0.4491525423728814,0.2329141607435757,0.3179332968835429,2024-02-17T00:00:00+00:00,3658,2024-02-12T20:00:00+00:00,False
ENG_PL::22136,2024-02-17 15:00:00+00:00,2023,walk_forward_poisson,2,0.1513835748968275,0.2087538199989936,0.6398626051041789,0.4491525423728814,0.2329141607435757,0.3179332968835429,2024-02-17T00:00:00+00:00,3658,2024-02-12T20:00:00+00:00,False
ENG_PL::22138,2024-02-17 15:00:00+00:00,2023,walk_forward_poisson,2,0.3259479214361715,0.2440338806008504,0.4300181979629779,0.4491525423728814,0.2329141607435757,0.3179332968835429,2024-02-17T00:00:00+00:00,3658,2024-02-12T20:00:00+00:00,False
ENG_PL::22141,2024-02-17 15:00:00+00:00,2023,walk_forward_poisson,1,0.5877175674121885,0.199743151147335,0.2125392814404765,0.4491525423728814,0.2329141607435757,0.3179332968835429,2024-02-17T00:00:00+00:00,3658,2024-02-12T20:00:00+00:00,False
ENG_PL::22142,2024-02-17 15:00:00+00:00,2023,walk_forward_poisson,0,0.3838934736359403,0.2694735427987351,0.3466329835653245,0.4491525423728814,0.2329141607435757,0.3179332968835429,2024-02-17T00:00:00+00:00,3658,2024-02-12T20:00:00+00:00,False
ENG_PL::22144,2024-02-17 15:00:00+00:00,2023,walk_forward_poisson,2,0.6021122318467025,0.2061601449897779,0.1917276231635196,0.4491525423728814,0.2329141607435757,0.3179332968835429,2024-02-17T00:00:00+00:00,3658,2024-02-12T20:00:00+00:00,False
ENG_PL::22140,2024-02-17 17:30:00+00:00,2023,walk_forward_poisson,1,0.656409734843075,0.1955318654651673,0.1480583996917576,0.4491525423728814,0.2329141607435757,0.3179332968835429,2024-02-17T00:00:00+00:00,3658,2024-02-12T20:00:00+00:00,False
ENG_PL::22143,2024-02-18 14:00:00+00:00,2023,walk_forward_poisson,2,0.1769055691289657,0.2068379471390863,0.6162564837319479,0.4485675306957708,0.2330150068212824,0.3184174624829468,2024-02-18T00:00:00+00:00,3665,2024-02-17T17:30:00+00:00,False
ENG_PL::22139,2024-02-18 16:30:00+00:00,2023,walk_forward_poisson,2,0.2543620497661297,0.1989341528112418,0.5467037974226283,0.4485675306957708,0.2330150068212824,0.3184174624829468,2024-02-18T00:00:00+00:00,3665,2024-02-17T17:30:00+00:00,False
ENG_PL::22137,2024-02-19 20:00:00+00:00,2023,walk_forward_poisson,1,0.4963898293476309,0.2531080149830796,0.2505021556692896,0.4483228797382056,0.2328879192800654,0.3187892009817289,2024-02-19T00:00:00+00:00,3667,2024-02-18T16:30:00+00:00,False
ENG_PL::22074,2024-02-20 19:30:00+00:00,2023,walk_forward_poisson,0,0.6754864152498353,0.1855883222262049,0.1389252625239597,0.4482006543075245,0.2330970556161395,0.3187022900763359,2024-02-20T00:00:00+00:00,3668,2024-02-19T20:00:00+00:00,False
ENG_PL::22151,2024-02-21 19:30:00+00:00,2023,walk_forward_poisson,0,0.848968284137542,0.0906463022862275,0.0603854135762303,0.4483510493322431,0.2330335241210139,0.3186154265467429,2024-02-21T00:00:00+00:00,3669,2024-02-20T19:30:00+00:00,False
ENG_PL::22150,2024-02-24 15:00:00+00:00,2023,walk_forward_poisson,0,0.4750950997002248,0.2754495097458984,0.2494553905538768,0.4485013623978202,0.2329700272479564,0.3185286103542234,2024-02-24T00:00:00+00:00,3670,2024-02-21T19:30:00+00:00,False
ENG_PL::22152,2024-02-24 15:00:00+00:00,2023,walk_forward_poisson,2,0.5758153124867432,0.210963123528747,0.2132215639845098,0.4485013623978202,0.2329700272479564,0.3185286103542234,2024-02-24T00:00:00+00:00,3670,2024-02-21T19:30:00+00:00,False
ENG_PL::22147,2024-02-24 15:00:00+00:00,2023,walk_forward_poisson,0,0.5397631267136631,0.2385826980439875,0.2216541752423492,0.4485013623978202,0.2329700272479564,0.3185286103542234,2024-02-24T00:00:00+00:00,3670,2024-02-21T19:30:00+00:00,False
ENG_PL::22148,2024-02-24 15:00:00+00:00,2023,walk_forward_poisson,1,0.5113503812315087,0.2245495602864609,0.2641000584820304,0.4485013623978202,0.2329700272479564,0.3185286103542234,2024-02-24T00:00:00+00:00,3670,2024-02-21T19:30:00+00:00,False
ENG_PL::22145,2024-02-24 17:30:00+00:00,2023,walk_forward_poisson,2,0.1857199577037463,0.2122932846566956,0.6019867576395578,0.4485013623978202,0.2329700272479564,0.3185286103542234,2024-02-24T00:00:00+00:00,3670,2024-02-21T19:30:00+00:00,False
ENG_PL::22146,2024-02-24 20:00:00+00:00,2023,walk_forward_poisson,0,0.5831471608395484,0.2095528299865621,0.2073000091738896,0.4485013623978202,0.2329700272479564,0.3185286103542234,2024-02-24T00:00:00+00:00,3670,2024-02-21T19:30:00+00:00,False
ENG_PL::22154,2024-02-25 13:30:00+00:00,2023,walk_forward_poisson,0,0.5949518703928751,0.2215540902144772,0.1834940393926477,0.4485854189336235,0.2328618063112078,0.3185527747551687,2024-02-25T00:00:00+00:00,3676,2024-02-24T20:00:00+00:00,False
ENG_PL::22153,2024-02-26 20:00:00+00:00,2023,walk_forward_poisson,0,0.3552159578658451,0.244938671276654,0.3998453708575007,0.4487353821049769,0.2327984770193092,0.3184661408757139,2024-02-26T00:00:00+00:00,3677,2024-02-25T13:30:00+00:00,False
ENG_PL::22164,2024-03-02 15:00:00+00:00,2023,walk_forward_poisson,0,0.5452807561733604,0.2348671057046477,0.2198521381219921,0.4488852637302882,0.2327351821642196,0.3183795541054921,2024-03-02T00:00:00+00:00,3678,2024-02-26T20:00:00+00:00,False
ENG_PL::22162,2024-03-02 15:00:00+00:00,2023,walk_forward_poisson,2,0.2044638687902505,0.212472044468105,0.5830640867416444,0.4488852637302882,0.2327351821642196,0.3183795541054921,2024-03-02T00:00:00+00:00,3678,2024-02-26T20:00:00+00:00,False
ENG_PL::22161,2024-03-02 15:00:00+00:00,2023,walk_forward_poisson,0,0.6186595834452028,0.1993966372963236,0.1819437792584734,0.4488852637302882,0.2327351821642196,0.3183795541054921,2024-03-02T00:00:00+00:00,3678,2024-02-26T20:00:00+00:00,False
ENG_PL::22157,2024-03-02 15:00:00+00:00,2023,walk_forward_poisson,2,0.5104853425399137,0.2318704178134583,0.2576442396466279,0.4488852637302882,0.2327351821642196,0.3183795541054921,2024-03-02T00:00:00+00:00,3678,2024-02-26T20:00:00+00:00,False
ENG_PL::22155,2024-03-02 15:00:00+00:00,2023,walk_forward_poisson,1,0.4097773999320618,0.2367990903212222,0.353423509746716,0.4488852637302882,0.2327351821642196,0.3183795541054921,2024-03-02T00:00:00+00:00,3678,2024-02-26T20:00:00+00:00,False
ENG_PL::22158,2024-03-02 15:00:00+00:00,2023,walk_forward_poisson,0,0.2797308873981005,0.2372596684742119,0.4830094441276878,0.4488852637302882,0.2327351821642196,0.3183795541054921,2024-03-02T00:00:00+00:00,3678,2024-02-26T20:00:00+00:00,False
ENG_PL::22159,2024-03-02 17:30:00+00:00,2023,walk_forward_poisson,2,0.2385537910735632,0.1962180542473196,0.5652281546791172,0.4488852637302882,0.2327351821642196,0.3183795541054921,2024-03-02T00:00:00+00:00,3678,2024-02-26T20:00:00+00:00,False
ENG_PL::22156,2024-03-03 13:00:00+00:00,2023,walk_forward_poisson,2,0.3016856926397478,0.2552954890957618,0.4430188182644901,0.4488466757123474,0.2325644504748982,0.3185888738127544,2024-03-03T00:00:00+00:00,3685,2024-03-02T17:30:00+00:00,False
ENG_PL::22160,2024-03-03 15:30:00+00:00,2023,walk_forward_poisson,0,0.690032738595155,0.176823960335479,0.1331433010693657,0.4488466757123474,0.2325644504748982,0.3185888738127544,2024-03-03T00:00:00+00:00,3685,2024-03-02T17:30:00+00:00,False
ENG_PL::22163,2024-03-04 20:00:00+00:00,2023,walk_forward_poisson,2,0.0915650920915823,0.1617785401886217,0.7466563677197958,0.4488744236506645,0.232438296718199,0.3186872796311364,2024-03-04T00:00:00+00:00,3687,2024-03-03T15:30:00+00:00,False
ENG_PL::22172,2024-03-09 12:30:00+00:00,2023,walk_forward_poisson,0,0.4741795190771024,0.2249936337739258,0.3008268471489719,0.4487527114967462,0.2323752711496746,0.3188720173535792,2024-03-09T00:00:00+00:00,3688,2024-03-04T20:00:00+00:00,False
ENG_PL::22174,2024-03-09 15:00:00+00:00,2023,walk_forward_poisson,0,0.4209693333168492,0.2561114090779424,0.3229192576052084,0.4487527114967462,0.2323752711496746,0.3188720173535792,2024-03-09T00:00:00+00:00,3688,2024-03-04T20:00:00+00:00,False
ENG_PL::22170,2024-03-09 15:00:00+00:00,2023,walk_forward_poisson,1,0.5425766400607771,0.2215194062850382,0.2359039536541848,0.4487527114967462,0.2323752711496746,0.3188720173535792,2024-03-09T00:00:00+00:00,3688,2024-03-04T20:00:00+00:00,False
ENG_PL::22165,2024-03-09 15:00:00+00:00,2023,walk_forward_poisson,1,0.6783102477667596,0.1858201582625097,0.1358695939707305,0.4487527114967462,0.2323752711496746,0.3188720173535792,2024-03-09T00:00:00+00:00,3688,2024-03-04T20:00:00+00:00,False
ENG_PL::22166,2024-03-09 17:30:00+00:00,2023,walk_forward_poisson,0,0.6453186809173205,0.1966170656780025,0.1580642534046771,0.4487527114967462,0.2323752711496746,0.3188720173535792,2024-03-09T00:00:00+00:00,3688,2024-03-04T20:00:00+00:00,False
ENG_PL::22167,2024-03-10 13:00:00+00:00,2023,walk_forward_poisson,2,0.4256838441200901,0.2284750732636218,0.3458410826162881,0.4489574871378283,0.2326022204170051,0.3184402924451665,2024-03-10T00:00:00+00:00,3693,2024-03-09T17:30:00+00:00,False
ENG_PL::22168,2024-03-10 14:00:00+00:00,2023,walk_forward_poisson,0,0.5875987103637762,0.2225072445799181,0.1898940450563058,0.4489574871378283,0.2326022204170051,0.3184402924451665,2024-03-10T00:00:00+00:00,3693,2024-03-09T17:30:00+00:00,False
ENG_PL::22173,2024-03-10 14:00:00+00:00,2023,walk_forward_poisson,1,0.5265152495652998,0.2436375335131833,0.2298472169215169,0.4489574871378283,0.2326022204170051,0.3184402924451665,2024-03-10T00:00:00+00:00,3693,2024-03-09T17:30:00+00:00,False
ENG_PL::22171,2024-03-10 15:45:00+00:00,2023,walk_forward_poisson,1,0.3431816504578583,0.2411415663708418,0.4156767831712997,0.4489574871378283,0.2326022204170051,0.3184402924451665,2024-03-10T00:00:00+00:00,3693,2024-03-09T17:30:00+00:00,False
ENG_PL::22169,2024-03-11 20:00:00+00:00,2023,walk_forward_poisson,0,0.4270626491235012,0.2259518137560535,0.3469855371204453,0.4487422234243982,0.2328915336759534,0.3183662428996484,2024-03-11T00:00:00+00:00,3697,2024-03-10T15:45:00+00:00,False
ENG_PL::25861,2024-03-13 19:30:00+00:00,2023,walk_forward_poisson,0,0.6553886211205148,0.1698098849212272,0.174801493958258,0.4488912925905895,0.2328285559762033,0.3182801514332071,2024-03-13T00:00:00+00:00,3698,2024-03-11T20:00:00+00:00,False
ENG_PL::22177,2024-03-16 15:00:00+00:00,2023,walk_forward_poisson,0,0.2662853127627135,0.2450891945860163,0.4886254926512701,0.4490402811570694,0.2327656123276561,0.3181941065152744,2024-03-16T00:00:00+00:00,3699,2024-03-13T19:30:00+00:00,False
ENG_PL::22181,2024-03-16 15:00:00+00:00,2023,walk_forward_poisson,1,0.3545999247445304,0.2281310940214599,0.4172689812340096,0.4490402811570694,0.2327656123276561,0.3181941065152744,2024-03-16T00:00:00+00:00,3699,2024-03-13T19:30:00+00:00,False
ENG_PL::22180,2024-03-16 17:30:00+00:00,2023,walk_forward_poisson,0,0.3110711356683126,0.2325470182576582,0.4563818460740291,0.4490402811570694,0.2327656123276561,0.3181941065152744,2024-03-16T00:00:00+00:00,3699,2024-03-13T19:30:00+00:00,False
ENG_PL::22183,2024-03-17 14:00:00+00:00,2023,walk_forward_poisson,1,0.3726274298751761,0.2401279969510659,0.3872445731737579,0.4492166396542409,0.2328471096704484,0.3179362506753106,2024-03-17T00:00:00+00:00,3702,2024-03-16T17:30:00+00:00,False
ENG_PL::22191,2024-03-30 12:30:00+00:00,2023,walk_forward_poisson,0,0.5860084364146813,0.20539851422318,0.2085930493621387,0.4490953281123413,0.2330542803132595,0.3178503915743991,2024-03-30T00:00:00+00:00,3703,2024-03-17T14:00:00+00:00,False
ENG_PL::22188,2024-03-30 15:00:00+00:00,2023,walk_forward_poisson,1,0.6396515889079577,0.2039661072829507,0.1563823038090916,0.4490953281123413,0.2330542803132595,0.3178503915743991,2024-03-30T00:00:00+00:00,3703,2024-03-17T14:00:00+00:00,False
ENG_PL::22185,2024-03-30 15:00:00+00:00,2023,walk_forward_poisson,0,0.4127416075599776,0.2324967550425372,0.3547616373974855,0.4490953281123413,0.2330542803132595,0.3178503915743991,2024-03-30T00:00:00+00:00,3703,2024-03-17T14:00:00+00:00,False
ENG_PL::22192,2024-03-30 15:00:00+00:00,2023,walk_forward_poisson,1,0.4108766636532011,0.2864277552468096,0.3026955810999892,0.4490953281123413,0.2330542803132595,0.3178503915743991,2024-03-30T00:00:00+00:00,3703,2024-03-17T14:00:00+00:00,False
ENG_PL::22194,2024-03-30 15:00:00+00:00,2023,walk_forward_poisson,0,0.7393178747664455,0.1372156942090531,0.1234664310245012,0.4490953281123413,0.2330542803132595,0.3178503915743991,2024-03-30T00:00:00+00:00,3703,2024-03-17T14:00:00+00:00,False
ENG_PL::22193,2024-03-30 15:00:00+00:00,2023,walk_forward_poisson,1,0.2678208962214968,0.2407559860516865,0.4914231177268165,0.4490953281123413,0.2330542803132595,0.3178503915743991,2024-03-30T00:00:00+00:00,3703,2024-03-17T14:00:00+00:00,False
ENG_PL::22186,2024-03-30 17:30:00+00:00,2023,walk_forward_poisson,0,0.5714826258870789,0.2184498539308906,0.2100675201820306,0.4490953281123413,0.2330542803132595,0.3178503915743991,2024-03-30T00:00:00+00:00,3703,2024-03-17T14:00:00+00:00,False
ENG_PL::22187,2024-03-30 20:00:00+00:00,2023,walk_forward_poisson,1,0.4497212548039213,0.2272166310561245,0.3230621141399542,0.4490953281123413,0.2330542803132595,0.3178503915743991,2024-03-30T00:00:00+00:00,3703,2024-03-17T14:00:00+00:00,False
ENG_PL::22189,2024-03-31 13:00:00+00:00,2023,walk_forward_poisson,0,0.5685014604697538,0.2082885840063311,0.2232099555239151,0.4492050660199407,0.2336297493936944,0.3171651845863648,2024-03-31T00:00:00+00:00,3711,2024-03-30T20:00:00+00:00,False
ENG_PL::22190,2024-03-31 15:30:00+00:00,2023,walk_forward_poisson,1,0.4738234714463542,0.2587734565519461,0.2674030720016997,0.4492050660199407,0.2336297493936944,0.3171651845863648,2024-03-31T00:00:00+00:00,3711,2024-03-30T20:00:00+00:00,False
ENG_PL::22202,2024-04-02 18:30:00+00:00,2023,walk_forward_poisson,1,0.5293846151630959,0.2147772004360253,0.2558381844008788,0.4492324266092108,0.2337732291947212,0.3169943441960678,2024-04-02T00:00:00+00:00,3713,2024-03-31T15:30:00+00:00,False
ENG_PL::22198,2024-04-02 18:30:00+00:00,2023,walk_forward_poisson,0,0.4324310701733165,0.2604712866028039,0.3070976432238794,0.4492324266092108,0.2337732291947212,0.3169943441960678,2024-04-02T00:00:00+00:00,3713,2024-03-31T15:30:00+00:00,False
ENG_PL::22197,2024-04-02 18:45:00+00:00,2023,walk_forward_poisson,1,0.388029813909844,0.2622058245668374,0.3497643615233187,0.4492324266092108,0.2337732291947212,0.3169943441960678,2024-04-02T00:00:00+00:00,3713,2024-03-31T15:30:00+00:00,False
ENG_PL::22195,2024-04-02 18:45:00+00:00,2023,walk_forward_poisson,0,0.4713144465628932,0.2531748600915308,0.2755106933455761,0.4492324266092108,0.2337732291947212,0.3169943441960678,2024-04-02T00:00:00+00:00,3713,2024-03-31T15:30:00+00:00,False
ENG_PL::22199,2024-04-02 19:15:00+00:00,2023,walk_forward_poisson,1,0.3380348141683939,0.2356486042872755,0.4263165815443304,0.4492324266092108,0.2337732291947212,0.3169943441960678,2024-04-02T00:00:00+00:00,3713,2024-03-31T15:30:00+00:00,False
ENG_PL::22196,2024-04-03 18:30:00+00:00,2023,walk_forward_poisson,0,0.8484251988814234,0.096863144691726,0.0547116564268506,0.4491662183969876,0.2342657342657342,0.3165680473372781,2024-04-03T00:00:00+00:00,3718,2024-04-02T19:15:00+00:00,False
ENG_PL::22200,2024-04-03 18:30:00+00:00,2023,walk_forward_poisson,1,0.4144441692868043,0.2371152693455901,0.3484405613676056,0.4491662183969876,0.2342657342657342,0.3165680473372781,2024-04-03T00:00:00+00:00,3718,2024-04-02T19:15:00+00:00,False
ENG_PL::22204,2024-04-03 19:15:00+00:00,2023,walk_forward_poisson,0,0.7032780520489176,0.1755938535465791,0.1211280944045033,0.4491662183969876,0.2342657342657342,0.3165680473372781,2024-04-03T00:00:00+00:00,3718,2024-04-02T19:15:00+00:00,False
ENG_PL::22203,2024-04-04 18:30:00+00:00,2023,walk_forward_poisson,0,0.8542751416683899,0.0956063240470663,0.0501185342845439,0.4493415748454716,0.2343456060198871,0.3163128191346412,2024-04-04T00:00:00+00:00,3721,2024-04-03T19:15:00+00:00,False
ENG_PL::22201,2024-04-04 19:15:00+00:00,2023,walk_forward_poisson,0,0.5136364688669591,0.2170639859996273,0.2692995451334134,0.4493415748454716,0.2343456060198871,0.3163128191346412,2024-04-04T00:00:00+00:00,3721,2024-04-03T19:15:00+00:00,False
ENG_PL::22207,2024-04-06 11:30:00+00:00,2023,walk_forward_poisson,2,0.1527957519664485,0.2270093902859765,0.6201948577475747,0.4496373892022562,0.2342197152833736,0.3161428955143701,2024-04-06T00:00:00+00:00,3723,2024-04-04T19:15:00+00:00,False
ENG_PL::22205,2024-04-06 14:00:00+00:00,2023,walk_forward_poisson,1,0.4352713646535831,0.2301616162565166,0.3345670190899003,0.4496373892022562,0.2342197152833736,0.3161428955143701,2024-04-06T00:00:00+00:00,3723,2024-04-04T19:15:00+00:00,False
ENG_PL::22208,2024-04-06 14:00:00+00:00,2023,walk_forward_poisson,0,0.5891574152022732,0.2172584106093715,0.1935841741883553,0.4496373892022562,0.2342197152833736,0.3161428955143701,2024-04-06T00:00:00+00:00,3723,2024-04-04T19:15:00+00:00,False
ENG_PL::22209,2024-04-06 14:00:00+00:00,2023,walk_forward_poisson,2,0.2883488583772743,0.2234336834087868,0.4882174582139389,0.4496373892022562,0.2342197152833736,0.3161428955143701,2024-04-06T00:00:00+00:00,3723,2024-04-04T19:15:00+00:00,False
ENG_PL::22210,2024-04-06 14:00:00+00:00,2023,walk_forward_poisson,0,0.2997140439570052,0.2094443456915812,0.4908416103514137,0.4496373892022562,0.2342197152833736,0.3161428955143701,2024-04-06T00:00:00+00:00,3723,2024-04-04T19:15:00+00:00,False
ENG_PL::22214,2024-04-06 14:00:00+00:00,2023,walk_forward_poisson,2,0.387148521915768,0.254926122879398,0.3579253552048339,0.4496373892022562,0.2342197152833736,0.3161428955143701,2024-04-06T00:00:00+00:00,3723,2024-04-04T19:15:00+00:00,False
ENG_PL::22206,2024-04-06 16:30:00+00:00,2023,walk_forward_poisson,2,0.2918354254979621,0.256551684188927,0.4516128903131108,0.4496373892022562,0.2342197152833736,0.3161428955143701,2024-04-06T00:00:00+00:00,3723,2024-04-04T19:15:00+00:00,False
ENG_PL::22211,2024-04-07 14:30:00+00:00,2023,walk_forward_poisson,1,0.2771158059553323,0.2111232367093843,0.5117609573352834,0.4493297587131367,0.2340482573726541,0.3166219839142091,2024-04-07T00:00:00+00:00,3730,2024-04-06T16:30:00+00:00,False
ENG_PL::22212,2024-04-07 16:30:00+00:00,2023,walk_forward_poisson,1,0.1779981488869665,0.2006506842535303,0.6213511668595032,0.4493297587131367,0.2340482573726541,0.3166219839142091,2024-04-07T00:00:00+00:00,3730,2024-04-06T16:30:00+00:00,False
ENG_PL::22213,2024-04-07 17:00:00+00:00,2023,walk_forward_poisson,0,0.5617339760788055,0.2237456995178222,0.2145203244033724,0.4493297587131367,0.2340482573726541,0.3166219839142091,2024-04-07T00:00:00+00:00,3730,2024-04-06T16:30:00+00:00,False
ENG_PL::22222,2024-04-13 11:30:00+00:00,2023,walk_forward_poisson,0,0.5013928032114671,0.2127080029124608,0.2858991938760721,0.4492365389766943,0.2343959282078757,0.3163675328154299,2024-04-13T00:00:00+00:00,3733,2024-04-07T17:00:00+00:00,False
ENG_PL::22217,2024-04-13 14:00:00+00:00,2023,walk_forward_poisson,0,0.6880415080738367,0.1783166414692137,0.1336418504569495,0.4492365389766943,0.2343959282078757,0.3163675328154299,2024-04-13T00:00:00+00:00,3733,2024-04-07T17:00:00+00:00,False
ENG_PL::22218,2024-04-13 14:00:00+00:00,2023,walk_forward_poisson,1,0.2572757224566747,0.2431817537164665,0.4995425238268587,0.4492365389766943,0.2343959282078757,0.3163675328154299,2024-04-13T00:00:00+00:00,3733,2024-04-07T17:00:00+00:00,False
ENG_PL::22223,2024-04-13 14:00:00+00:00,2023,walk_forward_poisson,1,0.4639827000762939,0.2611105573135096,0.2749067426101965,0.4492365389766943,0.2343959282078757,0.3163675328154299,2024-04-13T00:00:00+00:00,3733,2024-04-07T17:00:00+00:00,False
ENG_PL::22221,2024-04-13 14:00:00+00:00,2023,walk_forward_poisson,0,0.8739495850180591,0.0827506719076709,0.0432997430742698,0.4492365389766943,0.2343959282078757,0.3163675328154299,2024-04-13T00:00:00+00:00,3733,2024-04-07T17:00:00+00:00,False
ENG_PL::22215,2024-04-13 16:30:00+00:00,2023,walk_forward_poisson,1,0.4263047849235014,0.2274690318895615,0.346226183186937,0.4492365389766943,0.2343959282078757,0.3163675328154299,2024-04-13T00:00:00+00:00,3733,2024-04-07T17:00:00+00:00,False
ENG_PL::22220,2024-04-14 13:00:00+00:00,2023,walk_forward_poisson,2,0.7017446706902251,0.1768950784490481,0.1213602508607268,0.4493179994650976,0.234822144958545,0.3158598555763573,2024-04-14T00:00:00+00:00,3739,2024-04-13T16:30:00+00:00,False
ENG_PL::22224,2024-04-14 13:00:00+00:00,2023,walk_forward_poisson,2,0.4685923594121751,0.241971502350662,0.2894361382371624,0.4493179994650976,0.234822144958545,0.3158598555763573,2024-04-14T00:00:00+00:00,3739,2024-04-13T16:30:00+00:00,False
ENG_PL::22216,2024-04-14 15:30:00+00:00,2023,walk_forward_poisson,2,0.6730004222724763,0.1876989353262408,0.1393006424012829,0.4493179994650976,0.234822144958545,0.3158598555763573,2024-04-14T00:00:00+00:00,3739,2024-04-13T16:30:00+00:00,False
ENG_PL::22219,2024-04-15 19:00:00+00:00,2023,walk_forward_poisson,0,0.502191914333541,0.2270673856012852,0.2707407000651737,0.4489577765900588,0.2346338856226617,0.3164083377872795,2024-04-15T00:00:00+00:00,3742,2024-04-14T15:30:00+00:00,False
ENG_PL::22232,2024-04-20 14:00:00+00:00,2023,walk_forward_poisson,2,0.3561284335490951,0.2661502319136104,0.3777213345372945,0.4491049959925193,0.2345711995725354,0.3163238044349452,2024-04-20T00:00:00+00:00,3743,2024-04-15T19:00:00+00:00,False
ENG_PL::22230,2024-04-20 14:00:00+00:00,2023,walk_forward_poisson,2,0.2678804240224092,0.2078750988902461,0.524244477087345,0.4491049959925193,0.2345711995725354,0.3163238044349452,2024-04-20T00:00:00+00:00,3743,2024-04-15T19:00:00+00:00,False
ENG_PL::22234,2024-04-20 18:30:00+00:00,2023,walk_forward_poisson,2,0.1633758891629944,0.2198793520325694,0.6167447588044361,0.4491049959925193,0.2345711995725354,0.3163238044349452,2024-04-20T00:00:00+00:00,3743,2024-04-15T19:00:00+00:00,False
ENG_PL::22228,2024-04-21 12:30:00+00:00,2023,walk_forward_poisson,0,0.4842562285852912,0.2472477409045432,0.2684960305101654,0.4487453283502403,0.2343833422317138,0.3168713294180459,2024-04-21T00:00:00+00:00,3746,2024-04-20T18:30:00+00:00,False
ENG_PL::22225,2024-04-21 14:00:00+00:00,2023,walk_forward_poisson,0,0.4709577063359947,0.228858189743213,0.3001841039207921,0.4487453283502403,0.2343833422317138,0.3168713294180459,2024-04-21T00:00:00+00:00,3746,2024-04-20T18:30:00+00:00,False
ENG_PL::22227,2024-04-21 14:00:00+00:00,2023,walk_forward_poisson,0,0.4253791599958733,0.2640129596517032,0.3106078803524235,0.4487453283502403,0.2343833422317138,0.3168713294180459,2024-04-21T00:00:00+00:00,3746,2024-04-20T18:30:00+00:00,False
ENG_PL::22229,2024-04-21 15:30:00+00:00,2023,walk_forward_poisson,2,0.205266305109836,0.1970705795563041,0.5976631153338599,0.4487453283502403,0.2343833422317138,0.3168713294180459,2024-04-21T00:00:00+00:00,3746,2024-04-20T18:30:00+00:00,False
ENG_PL::22175,2024-04-23 19:00:00+00:00,2023,walk_forward_poisson,0,0.6176994785074233,0.2096034580215784,0.1726970634709982,0.4490666666666666,0.2341333333333333,0.3168,2024-04-23T00:00:00+00:00,3750,2024-04-21T15:30:00+00:00,False
ENG_PL::22184,2024-04-24 18:45:00+00:00,2023,walk_forward_poisson,2,0.3624737891856042,0.2494025825439856,0.3881236282704099,0.4492135430551853,0.2340709144228205,0.3167155425219941,2024-04-24T00:00:00+00:00,3751,2024-04-23T19:00:00+00:00,False
ENG_PL::22182,2024-04-24 19:00:00+00:00,2023,walk_forward_poisson,0,0.6614580679101063,0.1837475958621977,0.154794336227696,0.4492135430551853,0.2340709144228205,0.3167155425219941,2024-04-24T00:00:00+00:00,3751,2024-04-23T19:00:00+00:00,False
ENG_PL::22178,2024-04-24 19:00:00+00:00,2023,walk_forward_poisson,0,0.3048346848809352,0.2434198886166953,0.4517454265023694,0.4492135430551853,0.2340709144228205,0.3167155425219941,2024-04-24T00:00:00+00:00,3751,2024-04-23T19:00:00+00:00,False
ENG_PL::22179,2024-04-24 19:00:00+00:00,2023,walk_forward_poisson,0,0.2536725267449574,0.2153191415070709,0.5310083317479718,0.4492135430551853,0.2340709144228205,0.3167155425219941,2024-04-24T00:00:00+00:00,3751,2024-04-23T19:00:00+00:00,False
ENG_PL::22176,2024-04-25 19:00:00+00:00,2023,walk_forward_poisson,2,0.2308122437831414,0.2310425309122477,0.5381452253046108,0.4495339547270306,0.2338215712383488,0.3166444740346205,2024-04-25T00:00:00+00:00,3755,2024-04-24T19:00:00+00:00,False
ENG_PL::22243,2024-04-27 11:30:00+00:00,2023,walk_forward_poisson,1,0.2034720067557239,0.1979896018077638,0.5985383914365123,0.4494142705005325,0.2337593184238551,0.3168264110756124,2024-04-27T00:00:00+00:00,3756,2024-04-25T19:00:00+00:00,False
ENG_PL::22238,2024-04-27 14:00:00+00:00,2023,walk_forward_poisson,1,0.4163661985153807,0.259975385475468,0.3236584160091512,0.4494142705005325,0.2337593184238551,0.3168264110756124,2024-04-27T00:00:00+00:00,3756,2024-04-25T19:00:00+00:00,False
ENG_PL::22239,2024-04-27 14:00:00+00:00,2023,walk_forward_poisson,1,0.5733299713332722,0.2140494025109963,0.2126206261557316,0.4494142705005325,0.2337593184238551,0.3168264110756124,2024-04-27T00:00:00+00:00,3756,2024-04-25T19:00:00+00:00,False
ENG_PL::22240,2024-04-27 14:00:00+00:00,2023,walk_forward_poisson,0,0.7513125086107011,0.1471151819598225,0.1015723094294763,0.4494142705005325,0.2337593184238551,0.3168264110756124,2024-04-27T00:00:00+00:00,3756,2024-04-25T19:00:00+00:00,False
ENG_PL::22244,2024-04-27 14:00:00+00:00,2023,walk_forward_poisson,0,0.5334366118830597,0.2154092497825856,0.2511541383343546,0.4494142705005325,0.2337593184238551,0.3168264110756124,2024-04-27T00:00:00+00:00,3756,2024-04-25T19:00:00+00:00,False
ENG_PL::22237,2024-04-27 16:30:00+00:00,2023,walk_forward_poisson,0,0.4063374363306499,0.239784869393072,0.3538776942762781,0.4494142705005325,0.2337593184238551,0.3168264110756124,2024-04-27T00:00:00+00:00,3756,2024-04-25T19:00:00+00:00,False
ENG_PL::22236,2024-04-27 19:00:00+00:00,2023,walk_forward_poisson,1,0.4123576224733177,0.2273051555358141,0.3603372219908682,0.4494142705005325,0.2337593184238551,0.3168264110756124,2024-04-27T00:00:00+00:00,3756,2024-04-25T19:00:00+00:00,False
ENG_PL::22235,2024-04-28 13:00:00+00:00,2023,walk_forward_poisson,0,0.3964982041260935,0.2395176712979192,0.3639841245759873,0.4493754982726547,0.2343874568163699,0.3162370449109752,2024-04-28T00:00:00+00:00,3763,2024-04-27T19:00:00+00:00,False
ENG_PL::22241,2024-04-28 13:00:00+00:00,2023,walk_forward_poisson,2,0.2574521736929698,0.2327290863047946,0.5098187400022355,0.4493754982726547,0.2343874568163699,0.3162370449109752,2024-04-28T00:00:00+00:00,3763,2024-04-27T19:00:00+00:00,False
ENG_PL::22242,2024-04-28 15:30:00+00:00,2023,walk_forward_poisson,2,0.1632105133877255,0.2202198404556991,0.6165696461565753,0.4493754982726547,0.2343874568163699,0.3162370449109752,2024-04-28T00:00:00+00:00,3763,2024-04-27T19:00:00+00:00,False
ENG_PL::22149,2024-05-02 18:30:00+00:00,2023,walk_forward_poisson,0,0.4801789002677233,0.2188526669507262,0.3009684327815503,0.4492830589484864,0.2342007434944238,0.3165161975570897,2024-05-02T00:00:00+00:00,3766,2024-04-28T15:30:00+00:00,False
ENG_PL::22252,2024-05-03 19:00:00+00:00,2023,walk_forward_poisson,1,0.2800837615406196,0.2145896187162828,0.5053266197430977,0.4494292540483143,0.2341385718078046,0.3164321741438811,2024-05-03T00:00:00+00:00,3767,2024-05-02T18:30:00+00:00,False
ENG_PL::22245,2024-05-04 11:30:00+00:00,2023,walk_forward_poisson,0,0.679497973100608,0.1854033535515507,0.1350986733478412,0.4493099787685775,0.2343418259023354,0.316348195329087,2024-05-04T00:00:00+00:00,3768,2024-05-03T19:00:00+00:00,False
ENG_PL::22248,2024-05-04 14:00:00+00:00,2023,walk_forward_poisson,2,0.2511079007270655,0.2243701733468578,0.5245219259260768,0.4493099787685775,0.2343418259023354,0.316348195329087,2024-05-04T00:00:00+00:00,3768,2024-05-03T19:00:00+00:00,False
ENG_PL::22254,2024-05-04 14:00:00+00:00,2023,walk_forward_poisson,2,0.2927931372723955,0.2557432128130412,0.4514636499145634,0.4493099787685775,0.2343418259023354,0.316348195329087,2024-05-04T00:00:00+00:00,3768,2024-05-03T19:00:00+00:00,False
ENG_PL::22246,2024-05-04 14:00:00+00:00,2023,walk_forward_poisson,1,0.5479636496457112,0.2210831364357431,0.2309532139185456,0.4493099787685775,0.2343418259023354,0.316348195329087,2024-05-04T00:00:00+00:00,3768,2024-05-03T19:00:00+00:00,False
ENG_PL::22253,2024-05-04 16:30:00+00:00,2023,walk_forward_poisson,0,0.7883998069471324,0.1390724486523944,0.072527744400473,0.4493099787685775,0.2343418259023354,0.316348195329087,2024-05-04T00:00:00+00:00,3768,2024-05-03T19:00:00+00:00,False
ENG_PL::22247,2024-05-05 13:00:00+00:00,2023,walk_forward_poisson,0,0.4887961437561579,0.2284898959426162,0.2827139603012258,0.4492446329181023,0.234296315928969,0.3164590511529287,2024-05-05T00:00:00+00:00,3773,2024-05-04T16:30:00+00:00,False
ENG_PL::22249,2024-05-05 13:00:00+00:00,2023,walk_forward_poisson,0,0.6036005672473687,0.2016550519073224,0.1947443808453089,0.4492446329181023,0.234296315928969,0.3164590511529287,2024-05-05T00:00:00+00:00,3773,2024-05-04T16:30:00+00:00,False
ENG_PL::22251,2024-05-05 15:30:00+00:00,2023,walk_forward_poisson,0,0.6382935124578648,0.179931404343112,0.1817750831990232,0.4492446329181023,0.234296315928969,0.3164590511529287,2024-05-05T00:00:00+00:00,3773,2024-05-04T16:30:00+00:00,False
ENG_PL::22250,2024-05-06 19:00:00+00:00,2023,walk_forward_poisson,0,0.403582485260843,0.247887370428564,0.348530144310593,0.4496822033898305,0.2341101694915254,0.3162076271186441,2024-05-06T00:00:00+00:00,3776,2024-05-05T15:30:00+00:00,False
ENG_PL::22258,2024-05-11 11:30:00+00:00,2023,walk_forward_poisson,2,0.1701623517712273,0.2066452473335164,0.6231924008952564,0.4498279057453005,0.2340481863913158,0.3161239078633836,2024-05-11T00:00:00+00:00,3777,2024-05-06T19:00:00+00:00,False
ENG_PL::22264,2024-05-11 14:00:00+00:00,2023,walk_forward_poisson,2,0.3555804558301162,0.275119737599461,0.3692998065704224,0.4498279057453005,0.2340481863913158,0.3161239078633836,2024-05-11T00:00:00+00:00,3777,2024-05-06T19:00:00+00:00,False
ENG_PL::22263,2024-05-11 14:00:00+00:00,2023,walk_forward_poisson,0,0.5725964316769642,0.2013436856501101,0.2260598826729256,0.4498279057453005,0.2340481863913158,0.3161239078633836,2024-05-11T00:00:00+00:00,3777,2024-05-06T19:00:00+00:00,False
ENG_PL::22262,2024-05-11 14:00:00+00:00,2023,walk_forward_poisson,0,0.6445192705417906,0.1893172416986511,0.1661634877595582,0.4498279057453005,0.2340481863913158,0.3161239078633836,2024-05-11T00:00:00+00:00,3777,2024-05-06T19:00:00+00:00,False
ENG_PL::22257,2024-05-11 14:00:00+00:00,2023,walk_forward_poisson,0,0.6329390372820325,0.1998694849528872,0.1671914777650804,0.4498279057453005,0.2340481863913158,0.3161239078633836,2024-05-11T00:00:00+00:00,3777,2024-05-06T19:00:00+00:00,False
ENG_PL::22255,2024-05-11 14:00:00+00:00,2023,walk_forward_poisson,2,0.4195641362479949,0.235932153356024,0.3445037103959812,0.4498279057453005,0.2340481863913158,0.3161239078633836,2024-05-11T00:00:00+00:00,3777,2024-05-06T19:00:00+00:00,False
ENG_PL::22260,2024-05-11 14:00:00+00:00,2023,walk_forward_poisson,1,0.5115620622011375,0.2198430324473672,0.2685949053514951,0.4498279057453005,0.2340481863913158,0.3161239078633836,2024-05-11T00:00:00+00:00,3777,2024-05-06T19:00:00+00:00,False
ENG_PL::22261,2024-05-11 16:30:00+00:00,2023,walk_forward_poisson,2,0.345973194352933,0.2465939973795924,0.4074328082674746,0.4498279057453005,0.2340481863913158,0.3161239078633836,2024-05-11T00:00:00+00:00,3777,2024-05-06T19:00:00+00:00,False
ENG_PL::22259,2024-05-12 15:30:00+00:00,2023,walk_forward_poisson,2,0.2225376683251551,0.2215418151029638,0.555920516571881,0.449669749009247,0.2338177014531043,0.3165125495376486,2024-05-12T00:00:00+00:00,3785,2024-05-11T16:30:00+00:00,False
ENG_PL::22256,2024-05-13 19:00:00+00:00,2023,walk_forward_poisson,1,0.2627236438229993,0.213414680766268,0.5238616754107325,0.4495509772847332,0.233755942947702,0.3166930797675647,2024-05-13T00:00:00+00:00,3786,2024-05-12T15:30:00+00:00,False
ENG_PL::22233,2024-05-14 19:00:00+00:00,2023,walk_forward_poisson,2,0.2256128765678983,0.2165204259612936,0.557866697470808,0.4494322682862424,0.2339582783205703,0.3166094533931872,2024-05-14T00:00:00+00:00,3787,2024-05-13T19:00:00+00:00,False
ENG_PL::22226,2024-05-15 18:45:00+00:00,2023,walk_forward_poisson,2,0.4309273389275231,0.2310274899857912,0.3380451710866857,0.4493136219640971,0.23389651531151,0.3167898627243928,2024-05-15T00:00:00+00:00,3788,2024-05-14T19:00:00+00:00,False
ENG_PL::22231,2024-05-15 19:00:00+00:00,2023,walk_forward_poisson,0,0.3638566713800907,0.2195817502551816,0.4165615783647277,0.4493136219640971,0.23389651531151,0.3167898627243928,2024-05-15T00:00:00+00:00,3788,2024-05-14T19:00:00+00:00,False
ENG_PL::22271,2024-05-19 15:00:00+00:00,2023,walk_forward_poisson,0,0.7644832662713844,0.1419375363639225,0.0935791973646931,0.4493403693931398,0.2337730870712401,0.31688654353562,2024-05-19T00:00:00+00:00,3790,2024-05-15T19:00:00+00:00,False
ENG_PL::22270,2024-05-19 15:00:00+00:00,2023,walk_forward_poisson,0,0.4101437098652019,0.254194178971989,0.335662111162809,0.4493403693931398,0.2337730870712401,0.31688654353562,2024-05-19T00:00:00+00:00,3790,2024-05-15T19:00:00+00:00,False
ENG_PL::22272,2024-05-19 15:00:00+00:00,2023,walk_forward_poisson,2,0.3191905203026683,0.2254664296454261,0.4553430500519053,0.4493403693931398,0.2337730870712401,0.31688654353562,2024-05-19T00:00:00+00:00,3790,2024-05-15T19:00:00+00:00,False
ENG_PL::22269,2024-05-19 15:00:00+00:00,2023,walk_forward_poisson,0,0.5610079225849762,0.2069063246450548,0.2320857527699688,0.4493403693931398,0.2337730870712401,0.31688654353562,2024-05-19T00:00:00+00:00,3790,2024-05-15T19:00:00+00:00,False
ENG_PL::22273,2024-05-19 15:00:00+00:00,2023,walk_forward_poisson,0,0.7857602092912126,0.1355435224940694,0.078696268214718,0.4493403693931398,0.2337730870712401,0.31688654353562,2024-05-19T00:00:00+00:00,3790,2024-05-15T19:00:00+00:00,False
ENG_PL::22267,2024-05-19 15:00:00+00:00,2023,walk_forward_poisson,2,0.5162448232227032,0.2199259383227805,0.2638292384545161,0.4493403693931398,0.2337730870712401,0.31688654353562,2024-05-19T00:00:00+00:00,3790,2024-05-15T19:00:00+00:00,False
ENG_PL::22266,2024-05-19 15:00:00+00:00,2023,walk_forward_poisson,2,0.3988186221946813,0.2295217473601158,0.3716596304452028,0.4493403693931398,0.2337730870712401,0.31688654353562,2024-05-19T00:00:00+00:00,3790,2024-05-15T19:00:00+00:00,False
ENG_PL::22265,2024-05-19 15:00:00+00:00,2023,walk_forward_poisson,0,0.6778968584592098,0.192842841224806,0.1292603003159843,0.4493403693931398,0.2337730870712401,0.31688654353562,2024-05-19T00:00:00+00:00,3790,2024-05-15T19:00:00+00:00,False
ENG_PL::22268,2024-05-19 15:00:00+00:00,2023,walk_forward_poisson,2,0.3345416823926366,0.2598670817748671,0.405591235832496,0.4493403693931398,0.2337730870712401,0.31688654353562,2024-05-19T00:00:00+00:00,3790,2024-05-15T19:00:00+00:00,False
ENG_PL::22274,2024-05-19 15:00:00+00:00,2023,walk_forward_poisson,2,0.2275017116353236,0.2101244355829921,0.5623738527816844,0.4493403693931398,0.2337730870712401,0.31688654353562,2024-05-19T00:00:00+00:00,3790,2024-05-15T19:00:00+00:00,False
ENG_PL::26602,2024-08-16 19:00:00+00:00,2024,frozen_dc,0,0.4987791150709986,0.2342677504886096,0.2669531344403917,0.4494736842105263,0.2331578947368421,0.3173684210526316,2024-08-16T00:00:00+00:00,3800,2024-05-19T15:00:00+00:00,False
ENG_PL::26603,2024-08-17 11:30:00+00:00,2024,frozen_dc,2,0.2391428911786337,0.2173953933297135,0.5434617154916526,0.4494736842105263,0.2331578947368421,0.3173684210526316,2024-08-16T00:00:00+00:00,3800,2024-05-19T15:00:00+00:00,True
ENG_PL::26606,2024-08-17 14:00:00+00:00,2024,frozen_dc,0,0.6651301782284795,0.1913109046188217,0.1435589171526987,0.4494736842105263,0.2331578947368421,0.3173684210526316,2024-08-16T00:00:00+00:00,3800,2024-05-19T15:00:00+00:00,False
ENG_PL::26607,2024-08-17 14:00:00+00:00,2024,frozen_dc,1,0.4176280770931625,0.2570856807393483,0.3252862421674892,0.4494736842105263,0.2331578947368421,0.3173684210526316,2024-08-16T00:00:00+00:00,3800,2024-05-19T15:00:00+00:00,False
ENG_PL::26604,2024-08-17 14:00:00+00:00,2024,frozen_dc,0,0.7753278336077678,0.1516282782383445,0.0730438881538877,0.4494736842105263,0.2331578947368421,0.3173684210526316,2024-08-16T00:00:00+00:00,3800,2024-05-19T15:00:00+00:00,False
ENG_PL::26605,2024-08-17 14:00:00+00:00,2024,frozen_dc,2,0.3794837845173904,0.2576034418342302,0.3629127736483795,0.4494736842105263,0.2331578947368421,0.3173684210526316,2024-08-16T00:00:00+00:00,3800,2024-05-19T15:00:00+00:00,False
ENG_PL::26608,2024-08-17 16:30:00+00:00,2024,frozen_dc,2,0.3694737206145047,0.2457988971280811,0.3847273822574141,0.4494736842105263,0.2331578947368421,0.3173684210526316,2024-08-16T00:00:00+00:00,3800,2024-05-19T15:00:00+00:00,False
ENG_PL::26609,2024-08-18 13:00:00+00:00,2024,frozen_dc,0,0.4685882610658749,0.2589509162670786,0.2724608226670463,0.4494736842105263,0.2331578947368421,0.3173684210526316,2024-08-16T00:00:00+00:00,3800,2024-05-19T15:00:00+00:00,False
ENG_PL::26610,2024-08-18 15:30:00+00:00,2024,frozen_dc,2,0.2435776114466089,0.2331936052828871,0.523228783270504,0.4494736842105263,0.2331578947368421,0.3173684210526316,2024-08-16T00:00:00+00:00,3800,2024-05-19T15:00:00+00:00,False
ENG_PL::26611,2024-08-19 19:00:00+00:00,2024,frozen_dc,1,0.3587776808752632,0.2492503302720203,0.3919719888527166,0.4494736842105263,0.2331578947368421,0.3173684210526316,2024-08-16T00:00:00+00:00,3800,2024-05-19T15:00:00+00:00,False
ENG_PL::26612,2024-08-24 11:30:00+00:00,2024,frozen_dc,0,0.5111094967906376,0.2290631243327398,0.2598273788766224,0.4494736842105263,0.2331578947368421,0.3173684210526316,2024-08-16T00:00:00+00:00,3800,2024-05-19T15:00:00+00:00,False
ENG_PL::26613,2024-08-24 14:00:00+00:00,2024,frozen_dc,2,0.4893069174695704,0.2563296182980107,0.2543634642324188,0.4494736842105263,0.2331578947368421,0.3173684210526316,2024-08-16T00:00:00+00:00,3800,2024-05-19T15:00:00+00:00,False
ENG_PL::26614,2024-08-24 14:00:00+00:00,2024,frozen_dc,0,0.4036944278071463,0.2678701892538708,0.3284353829389829,0.4494736842105263,0.2331578947368421,0.3173684210526316,2024-08-16T00:00:00+00:00,3800,2024-05-19T15:00:00+00:00,False
ENG_PL::26615,2024-08-24 14:00:00+00:00,2024,frozen_dc,0,0.7249397636252128,0.171896235193655,0.1031640011811322,0.4494736842105263,0.2331578947368421,0.3173684210526316,2024-08-16T00:00:00+00:00,3800,2024-05-19T15:00:00+00:00,True
ENG_PL::26616,2024-08-24 14:00:00+00:00,2024,frozen_dc,2,0.3425090478811763,0.2816888111073444,0.3758021410114793,0.4494736842105263,0.2331578947368421,0.3173684210526316,2024-08-16T00:00:00+00:00,3800,2024-05-19T15:00:00+00:00,False
ENG_PL::26617,2024-08-24 14:00:00+00:00,2024,frozen_dc,0,0.5242027225257789,0.2263923969067804,0.2494048805674406,0.4494736842105263,0.2331578947368421,0.3173684210526316,2024-08-16T00:00:00+00:00,3800,2024-05-19T15:00:00+00:00,False
ENG_PL::26618,2024-08-24 16:30:00+00:00,2024,frozen_dc,2,0.2149431658654663,0.2368410490337388,0.5482157851007948,0.4494736842105263,0.2331578947368421,0.3173684210526316,2024-08-16T00:00:00+00:00,3800,2024-05-19T15:00:00+00:00,False
ENG_PL::26619,2024-08-25 13:00:00+00:00,2024,frozen_dc,2,0.2523844205951319,0.2344382626159144,0.5131773167889536,0.4494736842105263,0.2331578947368421,0.3173684210526316,2024-08-16T00:00:00+00:00,3800,2024-05-19T15:00:00+00:00,False
ENG_PL::26620,2024-08-25 13:00:00+00:00,2024,frozen_dc,1,0.3423800563944701,0.2298628084975345,0.4277571351079953,0.4494736842105263,0.2331578947368421,0.3173684210526316,2024-08-16T00:00:00+00:00,3800,2024-05-19T15:00:00+00:00,False
ENG_PL::26621,2024-08-25 15:30:00+00:00,2024,frozen_dc,0,0.6519683159897782,0.1840288237450447,0.164002860265177,0.4494736842105263,0.2331578947368421,0.3173684210526316,2024-08-16T00:00:00+00:00,3800,2024-05-19T15:00:00+00:00,False
ENG_PL::26622,2024-08-31 11:30:00+00:00,2024,frozen_dc,1,0.6305928431133254,0.2148861720037519,0.1545209848829227,0.4494736842105263,0.2331578947368421,0.3173684210526316,2024-08-16T00:00:00+00:00,3800,2024-05-19T15:00:00+00:00,False
ENG_PL::26626,2024-08-31 14:00:00+00:00,2024,frozen_dc,2,0.40642759053945,0.2576809976174355,0.3358914118431143,0.4494736842105263,0.2331578947368421,0.3173684210526316,2024-08-16T00:00:00+00:00,3800,2024-05-19T15:00:00+00:00,False
ENG_PL::26625,2024-08-31 14:00:00+00:00,2024,frozen_dc,1,0.47897300850681,0.2491871333675908,0.2718398581255989,0.4494736842105263,0.2331578947368421,0.3173684210526316,2024-08-16T00:00:00+00:00,3800,2024-05-19T15:00:00+00:00,True
ENG_PL::26627,2024-08-31 14:00:00+00:00,2024,frozen_dc,1,0.5289407688889426,0.2503956447647176,0.2206635863463397,0.4494736842105263,0.2331578947368421,0.3173684210526316,2024-08-16T00:00:00+00:00,3800,2024-05-19T15:00:00+00:00,False
ENG_PL::26623,2024-08-31 14:00:00+00:00,2024,frozen_dc,0,0.5705806002737515,0.2333705204126483,0.1960488793136002,0.4494736842105263,0.2331578947368421,0.3173684210526316,2024-08-16T00:00:00+00:00,3800,2024-05-19T15:00:00+00:00,False
ENG_PL::26624,2024-08-31 14:00:00+00:00,2024,frozen_dc,2,0.437632422704413,0.2478988178714167,0.3144687594241703,0.4494736842105263,0.2331578947368421,0.3173684210526316,2024-08-16T00:00:00+00:00,3800,2024-05-19T15:00:00+00:00,False
ENG_PL::26628,2024-08-31 16:30:00+00:00,2024,frozen_dc,2,0.1439764440613111,0.1998783978728462,0.6561451580658426,0.4494736842105263,0.2331578947368421,0.3173684210526316,2024-08-16T00:00:00+00:00,3800,2024-05-19T15:00:00+00:00,False
ENG_PL::26629,2024-09-01 12:30:00+00:00,2024,frozen_dc,0,0.5188121211313167,0.2112232137472237,0.2699646651214594,0.4494736842105263,0.2331578947368421,0.3173684210526316,2024-08-16T00:00:00+00:00,3800,2024-05-19T15:00:00+00:00,False
ENG_PL::26630,2024-09-01 12:30:00+00:00,2024,frozen_dc,1,0.523071481256349,0.2401534722023885,0.2367750465412626,0.4494736842105263,0.2331578947368421,0.3173684210526316,2024-08-16T00:00:00+00:00,3800,2024-05-19T15:00:00+00:00,False
ENG_PL::26631,2024-09-01 15:00:00+00:00,2024,frozen_dc,2,0.2450109441256357,0.206527644514129,0.5484614113602352,0.4494736842105263,0.2331578947368421,0.3173684210526316,2024-08-16T00:00:00+00:00,3800,2024-05-19T15:00:00+00:00,False
ENG_PL::26632,2024-09-14 11:30:00+00:00,2024,frozen_dc,2,0.3366026924786353,0.2559889116789869,0.4074083958423777,0.4494736842105263,0.2331578947368421,0.3173684210526316,2024-08-16T00:00:00+00:00,3800,2024-05-19T15:00:00+00:00,False
ENG_PL::26634,2024-09-14 14:00:00+00:00,2024,frozen_dc,1,0.4572128231334681,0.249773415360406,0.2930137615061258,0.4494736842105263,0.2331578947368421,0.3173684210526316,2024-08-16T00:00:00+00:00,3800,2024-05-19T15:00:00+00:00,False
ENG_PL::26633,2024-09-14 14:00:00+00:00,2024,frozen_dc,1,0.5062217400186364,0.2410021985872275,0.2527760613941361,0.4494736842105263,0.2331578947368421,0.3173684210526316,2024-08-16T00:00:00+00:00,3800,2024-05-19T15:00:00+00:00,True
ENG_PL::26636,2024-09-14 14:00:00+00:00,2024,frozen_dc,1,0.4348647791411953,0.2780522148616793,0.2870830059971252,0.4494736842105263,0.2331578947368421,0.3173684210526316,2024-08-16T00:00:00+00:00,3800,2024-05-19T15:00:00+00:00,False
ENG_PL::26637,2024-09-14 14:00:00+00:00,2024,frozen_dc,0,0.6942887415334815,0.1834766504257852,0.1222346080407332,0.4494736842105263,0.2331578947368421,0.3173684210526316,2024-08-16T00:00:00+00:00,3800,2024-05-19T15:00:00+00:00,False
ENG_PL::26635,2024-09-14 14:00:00+00:00,2024,frozen_dc,2,0.6847785974641327,0.180222685795589,0.1349987167402781,0.4494736842105263,0.2331578947368421,0.3173684210526316,2024-08-16T00:00:00+00:00,3800,2024-05-19T15:00:00+00:00,False
ENG_PL::26638,2024-09-14 16:30:00+00:00,2024,frozen_dc,0,0.459193437274335,0.2453762755832188,0.2954302871424462,0.4494736842105263,0.2331578947368421,0.3173684210526316,2024-08-16T00:00:00+00:00,3800,2024-05-19T15:00:00+00:00,False
ENG_PL::26639,2024-09-14 19:00:00+00:00,2024,frozen_dc,2,0.3732538050912025,0.2359677284709153,0.3907784664378823,0.4494736842105263,0.2331578947368421,0.3173684210526316,2024-08-16T00:00:00+00:00,3800,2024-05-19T15:00:00+00:00,False
ENG_PL::26640,2024-09-15 13:00:00+00:00,2024,frozen_dc,2,0.2571774383318763,0.2396791086101952,0.5031434530579285,0.4494736842105263,0.2331578947368421,0.3173684210526316,2024-08-16T00:00:00+00:00,3800,2024-05-19T15:00:00+00:00,False
ENG_PL::26641,2024-09-15 15:30:00+00:00,2024,frozen_dc,2,0.2262191613815524,0.2216725522000181,0.5521082864184296,0.4494736842105263,0.2331578947368421,0.3173684210526316,2024-08-16T00:00:00+00:00,3800,2024-05-19T15:00:00+00:00,False
ENG_PL::26642,2024-09-21 11:30:00+00:00,2024,frozen_dc,2,0.3052757243776929,0.2348975013438523,0.4598267742784548,0.4494736842105263,0.2331578947368421,0.3173684210526316,2024-08-16T00:00:00+00:00,3800,2024-05-19T15:00:00+00:00,False
ENG_PL::26645,2024-09-21 14:00:00+00:00,2024,frozen_dc,0,0.6880153318315113,0.1697972085879064,0.1421874595805823,0.4494736842105263,0.2331578947368421,0.3173684210526316,2024-08-16T00:00:00+00:00,3800,2024-05-19T15:00:00+00:00,False
ENG_PL::26647,2024-09-21 14:00:00+00:00,2024,frozen_dc,0,0.5782235944395095,0.2231768508851066,0.1985995546753837,0.4494736842105263,0.2331578947368421,0.3173684210526316,2024-08-16T00:00:00+00:00,3800,2024-05-19T15:00:00+00:00,False
ENG_PL::26648,2024-09-21 14:00:00+00:00,2024,frozen_dc,0,0.4897509540517167,0.2271469638806539,0.2831020820676293,0.4494736842105263,0.2331578947368421,0.3173684210526316,2024-08-16T00:00:00+00:00,3800,2024-05-19T15:00:00+00:00,False
ENG_PL::26646,2024-09-21 14:00:00+00:00,2024,frozen_dc,0,0.2909635454190059,0.2336047788263283,0.475431675754666,0.4494736842105263,0.2331578947368421,0.3173684210526316,2024-08-16T00:00:00+00:00,3800,2024-05-19T15:00:00+00:00,False
ENG_PL::26644,2024-09-21 14:00:00+00:00,2024,frozen_dc,1,0.4146031907250742,0.2664749961207225,0.3189218131542033,0.4494736842105263,0.2331578947368421,0.3173684210526316,2024-08-16T00:00:00+00:00,3800,2024-05-19T15:00:00+00:00,False
ENG_PL::26643,2024-09-21 14:00:00+00:00,2024,frozen_dc,1,0.3380304220228168,0.2702128124850184,0.3917567654921648,0.4494736842105263,0.2331578947368421,0.3173684210526316,2024-08-16T00:00:00+00:00,3800,2024-05-19T15:00:00+00:00,True
ENG_PL::26649,2024-09-21 16:30:00+00:00,2024,frozen_dc,1,0.4337608807729501,0.2553532828082574,0.3108858364187925,0.4494736842105263,0.2331578947368421,0.3173684210526316,2024-08-16T00:00:00+00:00,3800,2024-05-19T15:00:00+00:00,False
ENG_PL::26650,2024-09-22 13:00:00+00:00,2024,frozen_dc,1,0.5066485609877399,0.2496058177582198,0.2437456212540402,0.4494736842105263,0.2331578947368421,0.3173684210526316,2024-08-16T00:00:00+00:00,3800,2024-05-19T15:00:00+00:00,False
ENG_PL::26651,2024-09-22 15:30:00+00:00,2024,frozen_dc,1,0.4531964772391157,0.2703714977547627,0.2764320250061214,0.4494736842105263,0.2331578947368421,0.3173684210526316,2024-08-16T00:00:00+00:00,3800,2024-05-19T15:00:00+00:00,False
ENG_PL::26652,2024-09-28 11:30:00+00:00,2024,frozen_dc,1,0.2708794820501531,0.2345701080167533,0.4945504099330935,0.4494736842105263,0.2331578947368421,0.3173684210526316,2024-08-16T00:00:00+00:00,3800,2024-05-19T15:00:00+00:00,False
ENG_PL::26653,2024-09-28 14:00:00+00:00,2024,frozen_dc,2,0.4595246309051872,0.2617159180202212,0.2787594510745915,0.4494736842105263,0.2331578947368421,0.3173684210526316,2024-08-16T00:00:00+00:00,3800,2024-05-19T15:00:00+00:00,False
ENG_PL::26654,2024-09-28 14:00:00+00:00,2024,frozen_dc,0,0.4267366262632829,0.2714365498041947,0.3018268239325222,0.4494736842105263,0.2331578947368421,0.3173684210526316,2024-08-16T00:00:00+00:00,3800,2024-05-19T15:00:00+00:00,False
ENG_PL::26655,2024-09-28 14:00:00+00:00,2024,frozen_dc,0,0.6856149541274965,0.1983086623873599,0.1160763834851436,0.4494736842105263,0.2331578947368421,0.3173684210526316,2024-08-16T00:00:00+00:00,3800,2024-05-19T15:00:00+00:00,False
ENG_PL::26656,2024-09-28 14:00:00+00:00,2024,frozen_dc,1,0.5493371628234172,0.2257754214472689,0.2248874157293141,0.4494736842105263,0.2331578947368421,0.3173684210526316,2024-08-16T00:00:00+00:00,3800,2024-05-19T15:00:00+00:00,False
ENG_PL::26657,2024-09-28 14:00:00+00:00,2024,frozen_dc,0,0.475103499365878,0.2349994808671914,0.2898970197669305,0.4494736842105263,0.2331578947368421,0.3173684210526316,2024-08-16T00:00:00+00:00,3800,2024-05-19T15:00:00+00:00,False
ENG_PL::26658,2024-09-28 16:30:00+00:00,2024,frozen_dc,2,0.153965807969716,0.1884991002685497,0.6575350917617341,0.4494736842105263,0.2331578947368421,0.3173684210526316,2024-08-16T00:00:00+00:00,3800,2024-05-19T15:00:00+00:00,False
ENG_PL::26659,2024-09-29 13:00:00+00:00,2024,frozen_dc,1,0.4259059461935256,0.2467450872568989,0.3273489665495754,0.4494736842105263,0.2331578947368421,0.3173684210526316,2024-08-16T00:00:00+00:00,3800,2024-05-19T15:00:00+00:00,True
ENG_PL::26660,2024-09-29 15:30:00+00:00,2024,frozen_dc,2,0.3900169203488438,0.227609632912439,0.382373446738717,0.4494736842105263,0.2331578947368421,0.3173684210526316,2024-08-16T00:00:00+00:00,3800,2024-05-19T15:00:00+00:00,False
ENG_PL::26661,2024-09-30 19:00:00+00:00,2024,frozen_dc,0,0.5423720577669943,0.2392253978298563,0.2184025444031494,0.4494736842105263,0.2331578947368421,0.3173684210526316,2024-08-16T00:00:00+00:00,3800,2024-05-19T15:00:00+00:00,False
ENG_PL::26662,2024-10-05 11:30:00+00:00,2024,frozen_dc,2,0.2419825639956191,0.2343949829671784,0.5236224530372022,0.4494736842105263,0.2331578947368421,0.3173684210526316,2024-08-16T00:00:00+00:00,3800,2024-05-19T15:00:00+00:00,False
ENG_PL::26667,2024-10-05 14:00:00+00:00,2024,frozen_dc,0,0.5975585563301691,0.2191725443840619,0.1832688992857689,0.4494736842105263,0.2331578947368421,0.3173684210526316,2024-08-16T00:00:00+00:00,3800,2024-05-19T15:00:00+00:00,False
ENG_PL::26665,2024-10-05 14:00:00+00:00,2024,frozen_dc,0,0.3847871637950006,0.2526818874600526,0.3625309487449467,0.4494736842105263,0.2331578947368421,0.3173684210526316,2024-08-16T00:00:00+00:00,3800,2024-05-19T15:00:00+00:00,True
ENG_PL::26666,2024-10-05 14:00:00+00:00,2024,frozen_dc,0,0.7497024116165817,0.1687084951045203,0.081589093278898,0.4494736842105263,0.2331578947368421,0.3173684210526316,2024-08-16T00:00:00+00:00,3800,2024-05-19T15:00:00+00:00,False
ENG_PL::26663,2024-10-05 14:00:00+00:00,2024,frozen_dc,0,0.4154095650197436,0.2570582504547034,0.3275321845255531,0.4494736842105263,0.2331578947368421,0.3173684210526316,2024-08-16T00:00:00+00:00,3800,2024-05-19T15:00:00+00:00,False
ENG_PL::26664,2024-10-05 14:00:00+00:00,2024,frozen_dc,0,0.7549017227385808,0.1585837096343111,0.0865145676271081,0.4494736842105263,0.2331578947368421,0.3173684210526316,2024-08-16T00:00:00+00:00,3800,2024-05-19T15:00:00+00:00,False
ENG_PL::26669,2024-10-05 16:30:00+00:00,2024,frozen_dc,1,0.3335891094001633,0.2382706943018421,0.4281401962979946,0.4494736842105263,0.2331578947368421,0.3173684210526316,2024-08-16T00:00:00+00:00,3800,2024-05-19T15:00:00+00:00,False
ENG_PL::26668,2024-10-06 13:00:00+00:00,2024,frozen_dc,1,0.5434118188307436,0.2305180807789984,0.2260701003902581,0.4494736842105263,0.2331578947368421,0.3173684210526316,2024-08-16T00:00:00+00:00,3800,2024-05-19T15:00:00+00:00,False
ENG_PL::26670,2024-10-06 13:00:00+00:00,2024,frozen_dc,1,0.4678194563834673,0.2305589993860706,0.301621544230462,0.4494736842105263,0.2331578947368421,0.3173684210526316,2024-08-16T00:00:00+00:00,3800,2024-05-19T15:00:00+00:00,False
ENG_PL::26671,2024-10-06 15:30:00+00:00,2024,frozen_dc,0,0.4436063641574538,0.2361773840653305,0.3202162517772158,0.4494736842105263,0.2331578947368421,0.3173684210526316,2024-08-16T00:00:00+00:00,3800,2024-05-19T15:00:00+00:00,False
ENG_PL::26672,2024-10-19 11:30:00+00:00,2024,frozen_dc,0,0.5960289056283644,0.204695696832562,0.1992753975390735,0.4494736842105263,0.2331578947368421,0.3173684210526316,2024-08-16T00:00:00+00:00,3800,2024-05-19T15:00:00+00:00,False
ENG_PL::26676,2024-10-19 14:00:00+00:00,2024,frozen_dc,2,0.5140607796872686,0.2243033541343007,0.2616358661784307,0.4494736842105263,0.2331578947368421,0.3173684210526316,2024-08-16T00:00:00+00:00,3800,2024-05-19T15:00:00+00:00,False
ENG_PL::26675,2024-10-19 14:00:00+00:00,2024,frozen_dc,0,0.4170821358796058,0.2376015015129945,0.3453163626073996,0.4494736842105263,0.2331578947368421,0.3173684210526316,2024-08-16T00:00:00+00:00,3800,2024-05-19T15:00:00+00:00,False
ENG_PL::26678,2024-10-19 14:00:00+00:00,2024,frozen_dc,2,0.344678068544863,0.2815256632894295,0.3737962681657073,0.4494736842105263,0.2331578947368421,0.3173684210526316,2024-08-16T00:00:00+00:00,3800,2024-05-19T15:00:00+00:00,False
ENG_PL::26673,2024-10-19 14:00:00+00:00,2024,frozen_dc,2,0.3830891619139918,0.2516643211235519,0.3652465169624562,0.4494736842105263,0.2331578947368421,0.3173684210526316,2024-08-16T00:00:00+00:00,3800,2024-05-19T15:00:00+00:00,False
ENG_PL::26674,2024-10-19 14:00:00+00:00,2024,frozen_dc,2,0.4344273778448576,0.2548540347261268,0.3107185874290156,0.4494736842105263,0.2331578947368421,0.3173684210526316,2024-08-16T00:00:00+00:00,3800,2024-05-19T15:00:00+00:00,True
ENG_PL::26680,2024-10-19 16:30:00+00:00,2024,frozen_dc,0,0.2083095291188252,0.2343344198189566,0.5573560510622182,0.4494736842105263,0.2331578947368421,0.3173684210526316,2024-08-16T00:00:00+00:00,3800,2024-05-19T15:00:00+00:00,False
ENG_PL::26681,2024-10-20 13:00:00+00:00,2024,frozen_dc,2,0.1155449407189133,0.1886585263315676,0.6957965329495192,0.4494736842105263,0.2331578947368421,0.3173684210526316,2024-08-16T00:00:00+00:00,3800,2024-05-19T15:00:00+00:00,False
ENG_PL::26679,2024-10-20 15:30:00+00:00,2024,frozen_dc,0,0.613836158049966,0.1903486455229862,0.1958151964270476,0.4494736842105263,0.2331578947368421,0.3173684210526316,2024-08-16T00:00:00+00:00,3800,2024-05-19T15:00:00+00:00,False
ENG_PL::26677,2024-10-21 19:00:00+00:00,2024,frozen_dc,0,0.4074149148254689,0.281433038743442,0.311152046431089,0.4494736842105263,0.2331578947368421,0.3173684210526316,2024-08-16T00:00:00+00:00,3800,2024-05-19T15:00:00+00:00,False
ENG_PL::26682,2024-10-25 19:00:00+00:00,2024,frozen_dc,2,0.4225003883165457,0.2735480770972133,0.3039515345862411,0.4494736842105263,0.2331578947368421,0.3173684210526316,2024-08-16T00:00:00+00:00,3800,2024-05-19T15:00:00+00:00,False
ENG_PL::26683,2024-10-26 14:00:00+00:00,2024,frozen_dc,0,0.7824458488507283,0.1484970627230653,0.0690570884262064,0.4494736842105263,0.2331578947368421,0.3173684210526316,2024-08-16T00:00:00+00:00,3800,2024-05-19T15:00:00+00:00,False
ENG_PL::26684,2024-10-26 14:00:00+00:00,2024,frozen_dc,1,0.4604334665604319,0.2368228570836836,0.3027436763558845,0.4494736842105263,0.2331578947368421,0.3173684210526316,2024-08-16T00:00:00+00:00,3800,2024-05-19T15:00:00+00:00,False
ENG_PL::26685,2024-10-26 14:00:00+00:00,2024,frozen_dc,0,0.4863052189921757,0.2415065374948216,0.2721882435130025,0.4494736842105263,0.2331578947368421,0.3173684210526316,2024-08-16T00:00:00+00:00,3800,2024-05-19T15:00:00+00:00,True
ENG_PL::26686,2024-10-26 14:00:00+00:00,2024,frozen_dc,1,0.6151662148162176,0.2158940179932452,0.1689397671905372,0.4494736842105263,0.2331578947368421,0.3173684210526316,2024-08-16T00:00:00+00:00,3800,2024-05-19T15:00:00+00:00,False
ENG_PL::26687,2024-10-26 16:30:00+00:00,2024,frozen_dc,1,0.4807866442389583,0.25101430985558,0.2681990459054616,0.4494736842105263,0.2331578947368421,0.3173684210526316,2024-08-16T00:00:00+00:00,3800,2024-05-19T15:00:00+00:00,False
ENG_PL::26688,2024-10-27 14:00:00+00:00,2024,frozen_dc,0,0.4278735995894492,0.2243806453413865,0.3477457550691641,0.4494736842105263,0.2331578947368421,0.3173684210526316,2024-08-16T00:00:00+00:00,3800,2024-05-19T15:00:00+00:00,False
ENG_PL::26689,2024-10-27 14:00:00+00:00,2024,frozen_dc,0,0.3714765198172412,0.255610209403423,0.3729132707793355,0.4494736842105263,0.2331578947368421,0.3173684210526316,2024-08-16T00:00:00+00:00,3800,2024-05-19T15:00:00+00:00,False
ENG_PL::26690,2024-10-27 14:00:00+00:00,2024,frozen_dc,0,0.3840742044619614,0.2398866152324522,0.3760391803055863,0.4494736842105263,0.2331578947368421,0.3173684210526316,2024-08-16T00:00:00+00:00,3800,2024-05-19T15:00:00+00:00,False
ENG_PL::26691,2024-10-27 16:30:00+00:00,2024,frozen_dc,1,0.4984891957021182,0.2372759326580422,0.2642348716398395,0.4494736842105263,0.2331578947368421,0.3173684210526316,2024-08-16T00:00:00+00:00,3800,2024-05-19T15:00:00+00:00,False
ENG_PL::26694,2024-11-02 12:30:00+00:00,2024,frozen_dc,0,0.297554867222053,0.2453005128386475,0.4571446199392992,0.4494736842105263,0.2331578947368421,0.3173684210526316,2024-08-16T00:00:00+00:00,3800,2024-05-19T15:00:00+00:00,False
ENG_PL::26692,2024-11-02 15:00:00+00:00,2024,frozen_dc,0,0.1858516616959474,0.2186957198339761,0.595452618470076,0.4494736842105263,0.2331578947368421,0.3173684210526316,2024-08-16T00:00:00+00:00,3800,2024-05-19T15:00:00+00:00,False
ENG_PL::26695,2024-11-02 15:00:00+00:00,2024,frozen_dc,1,0.4451814579133825,0.2607925741265413,0.2940259679600759,0.4494736842105263,0.2331578947368421,0.3173684210526316,2024-08-16T00:00:00+00:00,3800,2024-05-19T15:00:00+00:00,True
ENG_PL::26696,2024-11-02 15:00:00+00:00,2024,frozen_dc,0,0.6233748376472457,0.1955970940706642,0.1810280682820901,0.4494736842105263,0.2331578947368421,0.3173684210526316,2024-08-16T00:00:00+00:00,3800,2024-05-19T15:00:00+00:00,False
ENG_PL::26698,2024-11-02 15:00:00+00:00,2024,frozen_dc,0,0.4814323146957768,0.2524893884882299,0.2660782968159933,0.4494736842105263,0.2331578947368421,0.3173684210526316,2024-08-16T00:00:00+00:00,3800,2024-05-19T15:00:00+00:00,False
ENG_PL::26699,2024-11-02 15:00:00+00:00,2024,frozen_dc,0,0.3335024346974279,0.2725938747255058,0.3939036905770662,0.4494736842105263,0.2331578947368421,0.3173684210526316,2024-08-16T00:00:00+00:00,3800,2024-05-19T15:00:00+00:00,False
ENG_PL::26701,2024-11-02 17:30:00+00:00,2024,frozen_dc,1,0.3169089100104189,0.2778527127039447,0.4052383772856363,0.4494736842105263,0.2331578947368421,0.3173684210526316,2024-08-16T00:00:00+00:00,3800,2024-05-19T15:00:00+00:00,False
ENG_PL::26700,2024-11-03 14:00:00+00:00,2024,frozen_dc,0,0.5168585186303665,0.2203795328499986,0.2627619485196349,0.4494736842105263,0.2331578947368421,0.3173684210526316,2024-08-16T00:00:00+00:00,3800,2024-05-19T15:00:00+00:00,False
ENG_PL::26697,2024-11-03 16:30:00+00:00,2024,frozen_dc,1,0.3733641154509227,0.2302161226926863,0.396419761856391,0.4494736842105263,0.2331578947368421,0.3173684210526316,2024-08-16T00:00:00+00:00,3800,2024-05-19T15:00:00+00:00,False
ENG_PL::26693,2024-11-04 20:00:00+00:00,2024,frozen_dc,0,0.3599064376743131,0.2542673437385059,0.3858262185871808,0.4494736842105263,0.2331578947368421,0.3173684210526316,2024-08-16T00:00:00+00:00,3800,2024-05-19T15:00:00+00:00,False
ENG_PL::26702,2024-11-09 15:00:00+00:00,2024,frozen_dc,0,0.4821233409256586,0.236117306587175,0.2817593524871665,0.4494736842105263,0.2331578947368421,0.3173684210526316,2024-08-16T00:00:00+00:00,3800,2024-05-19T15:00:00+00:00,False
ENG_PL::26706,2024-11-09 15:00:00+00:00,2024,frozen_dc,2,0.467366074254343,0.2660197658061572,0.2666141599394996,0.4494736842105263,0.2331578947368421,0.3173684210526316,2024-08-16T00:00:00+00:00,3800,2024-05-19T15:00:00+00:00,False
ENG_PL::26710,2024-11-09 15:00:00+00:00,2024,frozen_dc,1,0.3796234031380133,0.2551468624239079,0.3652297344380791,0.4494736842105263,0.2331578947368421,0.3173684210526316,2024-08-16T00:00:00+00:00,3800,2024-05-19T15:00:00+00:00,False
ENG_PL::26711,2024-11-09 15:00:00+00:00,2024,frozen_dc,0,0.4078601256609142,0.2759536621561195,0.3161862121829663,0.4494736842105263,0.2331578947368421,0.3173684210526316,2024-08-16T00:00:00+00:00,3800,2024-05-19T15:00:00+00:00,False
ENG_PL::26703,2024-11-09 17:30:00+00:00,2024,frozen_dc,0,0.2254670744021965,0.2412265180105876,0.5333064075872159,0.4494736842105263,0.2331578947368421,0.3173684210526316,2024-08-16T00:00:00+00:00,3800,2024-05-19T15:00:00+00:00,False
ENG_PL::26707,2024-11-09 20:00:00+00:00,2024,frozen_dc,0,0.6787107717263232,0.1731985988943475,0.1480906293793292,0.4494736842105263,0.2331578947368421,0.3173684210526316,2024-08-16T00:00:00+00:00,3800,2024-05-19T15:00:00+00:00,False
ENG_PL::26704,2024-11-10 14:00:00+00:00,2024,frozen_dc,2,0.3175511564349921,0.2444990905652022,0.4379497529998055,0.4494736842105263,0.2331578947368421,0.3173684210526316,2024-08-16T00:00:00+00:00,3800,2024-05-19T15:00:00+00:00,False
ENG_PL::26708,2024-11-10 14:00:00+00:00,2024,frozen_dc,0,0.4635433119913713,0.2460043325763313,0.2904523554322973,0.4494736842105263,0.2331578947368421,0.3173684210526316,2024-08-16T00:00:00+00:00,3800,2024-05-19T15:00:00+00:00,False
ENG_PL::26709,2024-11-10 14:00:00+00:00,2024,frozen_dc,2,0.5308429757228176,0.2231167503067899,0.2460402739703925,0.4494736842105263,0.2331578947368421,0.3173684210526316,2024-08-16T00:00:00+00:00,3800,2024-05-19T15:00:00+00:00,True
ENG_PL::26705,2024-11-10 16:30:00+00:00,2024,frozen_dc,1,0.2689270141358943,0.2455157631942644,0.4855572226698412,0.4494736842105263,0.2331578947368421,0.3173684210526316,2024-08-16T00:00:00+00:00,3800,2024-05-19T15:00:00+00:00,False
ENG_PL::26719,2024-11-23 12:30:00+00:00,2024,frozen_dc,2,0.3437399731830057,0.2516328026506225,0.4046272241663717,0.4494736842105263,0.2331578947368421,0.3173684210526316,2024-08-16T00:00:00+00:00,3800,2024-05-19T15:00:00+00:00,False
ENG_PL::26712,2024-11-23 15:00:00+00:00,2024,frozen_dc,2,0.3904454134550507,0.2480468011694512,0.3615077853754982,0.4494736842105263,0.2331578947368421,0.3173684210526316,2024-08-16T00:00:00+00:00,3800,2024-05-19T15:00:00+00:00,False
ENG_PL::26717,2024-11-23 15:00:00+00:00,2024,frozen_dc,2,0.5068992234042793,0.2495178552594979,0.2435829213362224,0.4494736842105263,0.2331578947368421,0.3173684210526316,2024-08-16T00:00:00+00:00,3800,2024-05-19T15:00:00+00:00,False
ENG_PL::26714,2024-11-23 15:00:00+00:00,2024,frozen_dc,0,0.6832173042834068,0.1995202486326226,0.1172624470839704,0.4494736842105263,0.2331578947368421,0.3173684210526316,2024-08-16T00:00:00+00:00,3800,2024-05-19T15:00:00+00:00,False
ENG_PL::26716,2024-11-23 15:00:00+00:00,2024,frozen_dc,1,0.4488287255425976,0.2594395569611298,0.2917317174962726,0.4494736842105263,0.2331578947368421,0.3173684210526316,2024-08-16T00:00:00+00:00,3800,2024-05-19T15:00:00+00:00,False
ENG_PL::26715,2024-11-23 15:00:00+00:00,2024,frozen_dc,1,0.4039248494270684,0.2530537277319373,0.3430214228409942,0.4494736842105263,0.2331578947368421,0.3173684210526316,2024-08-16T00:00:00+00:00,3800,2024-05-19T15:00:00+00:00,False
ENG_PL::26720,2024-11-23 17:30:00+00:00,2024,frozen_dc,2,0.6817097486955103,0.1821837943750293,0.1361064569294603,0.4494736842105263,0.2331578947368421,0.3173684210526316,2024-08-16T00:00:00+00:00,3800,2024-05-19T15:00:00+00:00,False
ENG_PL::26721,2024-11-24 14:00:00+00:00,2024,frozen_dc,2,0.1671310418386829,0.2031490091373854,0.6297199490239317,0.4494736842105263,0.2331578947368421,0.3173684210526316,2024-08-16T00:00:00+00:00,3800,2024-05-19T15:00:00+00:00,False
ENG_PL::26718,2024-11-24 16:30:00+00:00,2024,frozen_dc,1,0.4421991460352468,0.2396054955651987,0.3181953583995545,0.4494736842105263,0.2331578947368421,0.3173684210526316,2024-08-16T00:00:00+00:00,3800,2024-05-19T15:00:00+00:00,True
ENG_PL::26713,2024-11-25 20:00:00+00:00,2024,frozen_dc,2,0.6474956027009393,0.1873462373234768,0.1651581599755837,0.4494736842105263,0.2331578947368421,0.3173684210526316,2024-08-16T00:00:00+00:00,3800,2024-05-19T15:00:00+00:00,False
ENG_PL::26723,2024-11-29 20:00:00+00:00,2024,frozen_dc,1,0.5880592052126687,0.2306651850546765,0.1812756097326545,0.4494736842105263,0.2331578947368421,0.3173684210526316,2024-08-16T00:00:00+00:00,3800,2024-05-19T15:00:00+00:00,False
ENG_PL::26731,2024-11-30 15:00:00+00:00,2024,frozen_dc,2,0.3190231248703047,0.2527269283598469,0.4282499467698482,0.4494736842105263,0.2331578947368421,0.3173684210526316,2024-08-16T00:00:00+00:00,3800,2024-05-19T15:00:00+00:00,False
ENG_PL::26728,2024-11-30 15:00:00+00:00,2024,frozen_dc,0,0.4222960473815443,0.2635941889940812,0.3141097636243745,0.4494736842105263,0.2331578947368421,0.3173684210526316,2024-08-16T00:00:00+00:00,3800,2024-05-19T15:00:00+00:00,True
ENG_PL::26722,2024-11-30 15:00:00+00:00,2024,frozen_dc,0,0.4902396190531844,0.249496967306453,0.2602634136403623,0.4494736842105263,0.2331578947368421,0.3173684210526316,2024-08-16T00:00:00+00:00,3800,2024-05-19T15:00:00+00:00,False
ENG_PL::26725,2024-11-30 15:00:00+00:00,2024,frozen_dc,1,0.3284935724560577,0.251631654123031,0.4198747734209113,0.4494736842105263,0.2331578947368421,0.3173684210526316,2024-08-16T00:00:00+00:00,3800,2024-05-19T15:00:00+00:00,False
ENG_PL::26730,2024-11-30 17:30:00+00:00,2024,frozen_dc,2,0.1637658750510385,0.2176975851799459,0.6185365397690155,0.4494736842105263,0.2331578947368421,0.3173684210526316,2024-08-16T00:00:00+00:00,3800,2024-05-19T15:00:00+00:00,False
ENG_PL::26724,2024-12-01 13:30:00+00:00,2024,frozen_dc,0,0.5298288690674472,0.2201682308035691,0.2500029001289837,0.4494736842105263,0.2331578947368421,0.3173684210526316,2024-08-16T00:00:00+00:00,3800,2024-05-19T15:00:00+00:00,False
ENG_PL::26727,2024-12-01 13:30:00+00:00,2024,frozen_dc,0,0.4520231656628207,0.240704401819723,0.3072724325174561,0.4494736842105263,0.2331578947368421,0.3173684210526316,2024-08-16T00:00:00+00:00,3800,2024-05-19T15:00:00+00:00,False
ENG_PL::26729,2024-12-01 13:30:00+00:00,2024,frozen_dc,1,0.5713398730879381,0.2156752944856239,0.2129848324264379,0.4494736842105263,0.2331578947368421,0.3173684210526316,2024-08-16T00:00:00+00:00,3800,2024-05-19T15:00:00+00:00,False
ENG_PL::26726,2024-12-01 16:00:00+00:00,2024,frozen_dc,0,0.3650110589488153,0.2432962418235552,0.3916926992276296,0.4494736842105263,0.2331578947368421,0.3173684210526316,2024-08-16T00:00:00+00:00,3800,2024-05-19T15:00:00+00:00,False
ENG_PL::26737,2024-12-03 19:30:00+00:00,2024,frozen_dc,2,0.4248389786651388,0.2692411757870768,0.3059198455477841,0.4494736842105263,0.2331578947368421,0.3173684210526316,2024-08-16T00:00:00+00:00,3800,2024-05-19T15:00:00+00:00,True
ENG_PL::26738,2024-12-03 20:15:00+00:00,2024,frozen_dc,0,0.479234591414262,0.2526974668208797,0.2680679417648584,0.4494736842105263,0.2331578947368421,0.3173684210526316,2024-08-16T00:00:00+00:00,3800,2024-05-19T15:00:00+00:00,False
ENG_PL::26741,2024-12-04 19:30:00+00:00,2024,frozen_dc,2,0.2662338942383915,0.2460529129169939,0.4877131928446145,0.4494736842105263,0.2331578947368421,0.3173684210526316,2024-08-16T00:00:00+00:00,3800,2024-05-19T15:00:00+00:00,False
ENG_PL::26740,2024-12-04 19:30:00+00:00,2024,frozen_dc,1,0.3566389139765786,0.2187003163936269,0.4246607696297945,0.4494736842105263,0.2331578947368421,0.3173684210526316,2024-08-16T00:00:00+00:00,3800,2024-05-19T15:00:00+00:00,False
ENG_PL::26735,2024-12-04 19:30:00+00:00,2024,frozen_dc,0,0.5519876749564622,0.2378597413501046,0.2101525836934332,0.4494736842105263,0.2331578947368421,0.3173684210526316,2024-08-16T00:00:00+00:00,3800,2024-05-19T15:00:00+00:00,False
ENG_PL::26739,2024-12-04 19:30:00+00:00,2024,frozen_dc,0,0.7187511444076877,0.1797741645362033,0.1014746910561088,0.4494736842105263,0.2331578947368421,0.3173684210526316,2024-08-16T00:00:00+00:00,3800,2024-05-19T15:00:00+00:00,False
ENG_PL::26733,2024-12-04 20:15:00+00:00,2024,frozen_dc,0,0.7014525250776911,0.1787701609449274,0.1197773139773814,0.4494736842105263,0.2331578947368421,0.3173684210526316,2024-08-16T00:00:00+00:00,3800,2024-05-19T15:00:00+00:00,False
ENG_PL::26734,2024-12-04 20:15:00+00:00,2024,frozen_dc,0,0.4252552388023281,0.2427447861523887,0.3319999750452831,0.4494736842105263,0.2331578947368421,0.3173684210526316,2024-08-16T00:00:00+00:00,3800,2024-05-19T15:00:00+00:00,False
ENG_PL::26736,2024-12-05 19:30:00+00:00,2024,frozen_dc,0,0.3369560959590767,0.2571589461272238,0.4058849579136994,0.4494736842105263,0.2331578947368421,0.3173684210526316,2024-08-16T00:00:00+00:00,3800,2024-05-19T15:00:00+00:00,False
ENG_PL::26732,2024-12-05 20:15:00+00:00,2024,frozen_dc,0,0.3896540692514829,0.2332331198172163,0.3771128109313006,0.4494736842105263,0.2331578947368421,0.3173684210526316,2024-08-16T00:00:00+00:00,3800,2024-05-19T15:00:00+00:00,False
ENG_PL::26742,2024-12-07 15:00:00+00:00,2024,frozen_dc,0,0.5514779396541131,0.2367894091870152,0.2117326511588717,0.4494736842105263,0.2331578947368421,0.3173684210526316,2024-08-16T00:00:00+00:00,3800,2024-05-19T15:00:00+00:00,False
ENG_PL::26743,2024-12-07 15:00:00+00:00,2024,frozen_dc,0,0.373980013477192,0.2337038255641559,0.3923161609586521,0.4494736842105263,0.2331578947368421,0.3173684210526316,2024-08-16T00:00:00+00:00,3800,2024-05-19T15:00:00+00:00,False
ENG_PL::26747,2024-12-07 15:00:00+00:00,2024,frozen_dc,1,0.1840650694388005,0.2431230879153824,0.5728118426458171,0.4494736842105263,0.2331578947368421,0.3173684210526316,2024-08-16T00:00:00+00:00,3800,2024-05-19T15:00:00+00:00,False
ENG_PL::26744,2024-12-07 17:30:00+00:00,2024,frozen_dc,2,0.4609189224978914,0.2465543041045812,0.2925267733975274,0.4494736842105263,0.2331578947368421,0.3173684210526316,2024-08-16T00:00:00+00:00,3800,2024-05-19T15:00:00+00:00,False
ENG_PL::26750,2024-12-08 14:00:00+00:00,2024,frozen_dc,2,0.4352871414368544,0.2459124037334828,0.3188004548296627,0.4494736842105263,0.2331578947368421,0.3173684210526316,2024-08-16T00:00:00+00:00,3800,2024-05-19T15:00:00+00:00,True
ENG_PL::26751,2024-12-08 14:00:00+00:00,2024,frozen_dc,1,0.3596711800907607,0.2654083763687547,0.3749204435404843,0.4494736842105263,0.2331578947368421,0.3173684210526316,2024-08-16T00:00:00+00:00,3800,2024-05-19T15:00:00+00:00,False
ENG_PL::26749,2024-12-08 14:00:00+00:00,2024,frozen_dc,1,0.1751173535767538,0.2302963356163594,0.5945863108068867,0.4494736842105263,0.2331578947368421,0.3173684210526316,2024-08-16T00:00:00+00:00,3800,2024-05-19T15:00:00+00:00,False
ENG_PL::26745,2024-12-08 16:30:00+00:00,2024,frozen_dc,2,0.4460457531351584,0.2248855735422686,0.3290686733225729,0.4494736842105263,0.2331578947368421,0.3173684210526316,2024-08-16T00:00:00+00:00,3800,2024-05-19T15:00:00+00:00,False
ENG_PL::26746,2024-12-09 20:00:00+00:00,2024,frozen_dc,0,0.4960609467912277,0.2465692363216594,0.2573698168871129,0.4494736842105263,0.2331578947368421,0.3173684210526316,2024-08-16T00:00:00+00:00,3800,2024-05-19T15:00:00+00:00,False
ENG_PL::26760,2024-12-14 15:00:00+00:00,2024,frozen_dc,0,0.5850123720725279,0.2153934712338496,0.1995941566936223,0.4494736842105263,0.2331578947368421,0.3173684210526316,2024-08-16T00:00:00+00:00,3800,2024-05-19T15:00:00+00:00,False
ENG_PL::26758,2024-12-14 15:00:00+00:00,2024,frozen_dc,2,0.3256515583166943,0.2608093415089169,0.4135391001743885,0.4494736842105263,0.2331578947368421,0.3173684210526316,2024-08-16T00:00:00+00:00,3800,2024-05-19T15:00:00+00:00,True
ENG_PL::26752,2024-12-14 15:00:00+00:00,2024,frozen_dc,1,0.7236527381544561,0.1606371996834127,0.1157100621621313,0.4494736842105263,0.2331578947368421,0.3173684210526316,2024-08-16T00:00:00+00:00,3800,2024-05-19T15:00:00+00:00,False
ENG_PL::26755,2024-12-14 15:00:00+00:00,2024,frozen_dc,1,0.681931142076359,0.1957285056123386,0.1223403523113023,0.4494736842105263,0.2331578947368421,0.3173684210526316,2024-08-16T00:00:00+00:00,3800,2024-05-19T15:00:00+00:00,False
ENG_PL::26761,2024-12-14 17:30:00+00:00,2024,frozen_dc,0,0.4086398028482257,0.2577431214773878,0.3336170756743865,0.4494736842105263,0.2331578947368421,0.3173684210526316,2024-08-16T00:00:00+00:00,3800,2024-05-19T15:00:00+00:00,False
ENG_PL::26756,2024-12-15 14:00:00+00:00,2024,frozen_dc,2,0.4872440784562292,0.2589532651579621,0.2538026563858086,0.4494736842105263,0.2331578947368421,0.3173684210526316,2024-08-16T00:00:00+00:00,3800,2024-05-19T15:00:00+00:00,False
ENG_PL::26753,2024-12-15 16:30:00+00:00,2024,frozen_dc,2,0.7377725221475011,0.1597839975850627,0.1024434802674363,0.4494736842105263,0.2331578947368421,0.3173684210526316,2024-08-16T00:00:00+00:00,3800,2024-05-19T15:00:00+00:00,False
ENG_PL::26757,2024-12-15 19:00:00+00:00,2024,frozen_dc,0,0.50281156536963,0.227437018967552,0.2697514156628179,0.4494736842105263,0.2331578947368421,0.3173684210526316,2024-08-16T00:00:00+00:00,3800,2024-05-19T15:00:00+00:00,False
ENG_PL::26759,2024-12-15 19:00:00+00:00,2024,frozen_dc,2,0.2788481369487459,0.2454758794095787,0.4756759836416754,0.4494736842105263,0.2331578947368421,0.3173684210526316,2024-08-16T00:00:00+00:00,3800,2024-05-19T15:00:00+00:00,False
ENG_PL::26754,2024-12-16 20:00:00+00:00,2024,frozen_dc,1,0.5188523212833058,0.2305648191788973,0.2505828595377966,0.4494736842105263,0.2331578947368421,0.3173684210526316,2024-08-16T00:00:00+00:00,3800,2024-05-19T15:00:00+00:00,False
ENG_PL::26762,2024-12-21 12:30:00+00:00,2024,frozen_dc,0,0.1921889060158505,0.2215487720251078,0.5862623219590415,0.4494736842105263,0.2331578947368421,0.3173684210526316,2024-08-16T00:00:00+00:00,3800,2024-05-19T15:00:00+00:00,False
ENG_PL::26767,2024-12-21 15:00:00+00:00,2024,frozen_dc,1,0.3235519414085477,0.2498795266832024,0.4265685319082498,0.4494736842105263,0.2331578947368421,0.3173684210526316,2024-08-16T00:00:00+00:00,3800,2024-05-19T15:00:00+00:00,False
ENG_PL::26771,2024-12-21 15:00:00+00:00,2024,frozen_dc,2,0.3304077772079534,0.235665634492193,0.4339265882998533,0.4494736842105263,0.2331578947368421,0.3173684210526316,2024-08-16T00:00:00+00:00,3800,2024-05-19T15:00:00+00:00,True
ENG_PL::26766,2024-12-21 15:00:00+00:00,2024,frozen_dc,2,0.4876436640539774,0.2501689685921069,0.2621873673539154,0.4494736842105263,0.2331578947368421,0.3173684210526316,2024-08-16T00:00:00+00:00,3800,2024-05-19T15:00:00+00:00,False
ENG_PL::26765,2024-12-21 17:30:00+00:00,2024,frozen_dc,2,0.2043738247091563,0.2591492282904,0.5364769470004432,0.4494736842105263,0.2331578947368421,0.3173684210526316,2024-08-16T00:00:00+00:00,3800,2024-05-19T15:00:00+00:00,False
ENG_PL::26763,2024-12-22 14:00:00+00:00,2024,frozen_dc,1,0.4819871216120122,0.2617752884099533,0.2562375899780346,0.4494736842105263,0.2331578947368421,0.3173684210526316,2024-08-16T00:00:00+00:00,3800,2024-05-19T15:00:00+00:00,False
ENG_PL::26764,2024-12-22 14:00:00+00:00,2024,frozen_dc,1,0.3631590711146067,0.2448414574339552,0.3919994714514382,0.4494736842105263,0.2331578947368421,0.3173684210526316,2024-08-16T00:00:00+00:00,3800,2024-05-19T15:00:00+00:00,False
ENG_PL::26769,2024-12-22 14:00:00+00:00,2024,frozen_dc,2,0.4526851418342654,0.2323049084017739,0.3150099497639607,0.4494736842105263,0.2331578947368421,0.3173684210526316,2024-08-16T00:00:00+00:00,3800,2024-05-19T15:00:00+00:00,False
ENG_PL::26770,2024-12-22 14:00:00+00:00,2024,frozen_dc,2,0.5268463731113302,0.2507645888093684,0.2223890380793015,0.4494736842105263,0.2331578947368421,0.3173684210526316,2024-08-16T00:00:00+00:00,3800,2024-05-19T15:00:00+00:00,False
ENG_PL::26768,2024-12-22 16:30:00+00:00,2024,frozen_dc,2,0.3076524188918265,0.216096741290158,0.4762508398180157,0.4494736842105263,0.2331578947368421,0.3173684210526316,2024-08-16T00:00:00+00:00,3800,2024-05-19T15:00:00+00:00,False
ENG_PL::26777,2024-12-26 12:30:00+00:00,2024,frozen_dc,1,0.717942302427662,0.1763379791572727,0.1057197184150653,0.4494736842105263,0.2331578947368421,0.3173684210526316,2024-08-16T00:00:00+00:00,3800,2024-05-19T15:00:00+00:00,False
ENG_PL::26772,2024-12-26 15:00:00+00:00,2024,frozen_dc,1,0.4398790017006196,0.2605864153848268,0.2995345829145533,0.4494736842105263,0.2331578947368421,0.3173684210526316,2024-08-16T00:00:00+00:00,3800,2024-05-19T15:00:00+00:00,False
ENG_PL::26775,2024-12-26 15:00:00+00:00,2024,frozen_dc,2,0.5830509709011548,0.2146099176786191,0.2023391114202261,0.4494736842105263,0.2331578947368421,0.3173684210526316,2024-08-16T00:00:00+00:00,3800,2024-05-19T15:00:00+00:00,False
ENG_PL::26778,2024-12-26 15:00:00+00:00,2024,frozen_dc,0,0.5701691501944217,0.2072759058416012,0.222554943963977,0.4494736842105263,0.2331578947368421,0.3173684210526316,2024-08-16T00:00:00+00:00,3800,2024-05-19T15:00:00+00:00,False
ENG_PL::26779,2024-12-26 15:00:00+00:00,2024,frozen_dc,0,0.3610154016198914,0.249515312524074,0.3894692858560344,0.4494736842105263,0.2331578947368421,0.3173684210526316,2024-08-16T00:00:00+00:00,3800,2024-05-19T15:00:00+00:00,False
ENG_PL::26780,2024-12-26 15:00:00+00:00,2024,frozen_dc,2,0.3923962017162907,0.2670346228844018,0.3405691753993073,0.4494736842105263,0.2331578947368421,0.3173684210526316,2024-08-16T00:00:00+00:00,3800,2024-05-19T15:00:00+00:00,False
ENG_PL::26781,2024-12-26 17:30:00+00:00,2024,frozen_dc,0,0.323114135998965,0.2467373618830048,0.4301485021180302,0.4494736842105263,0.2331578947368421,0.3173684210526316,2024-08-16T00:00:00+00:00,3800,2024-05-19T15:00:00+00:00,False
ENG_PL::26776,2024-12-26 20:00:00+00:00,2024,frozen_dc,0,0.6873664826001261,0.1790846945883479,0.133548822811526,0.4494736842105263,0.2331578947368421,0.3173684210526316,2024-08-16T00:00:00+00:00,3800,2024-05-19T15:00:00+00:00,False
ENG_PL::26774,2024-12-27 19:30:00+00:00,2024,frozen_dc,1,0.4673652714858818,0.2439613578575412,0.288673370656577,0.4494736842105263,0.2331578947368421,0.3173684210526316,2024-08-16T00:00:00+00:00,3800,2024-05-19T15:00:00+00:00,False
ENG_PL::26773,2024-12-27 20:15:00+00:00,2024,frozen_dc,0,0.6890001560422988,0.1912784063097925,0.1197214376479087,0.4494736842105263,0.2331578947368421,0.3173684210526316,2024-08-16T00:00:00+00:00,3800,2024-05-19T15:00:00+00:00,True
ENG_PL::26788,2024-12-29 14:30:00+00:00,2024,frozen_dc,2,0.1733127775318924,0.2306909369450456,0.5959962855230617,0.4494736842105263,0.2331578947368421,0.3173684210526316,2024-08-16T00:00:00+00:00,3800,2024-05-19T15:00:00+00:00,False
ENG_PL::26784,2024-12-29 15:00:00+00:00,2024,frozen_dc,0,0.5098914863486143,0.2674129893085589,0.2226955243428268,0.4494736842105263,0.2331578947368421,0.3173684210526316,2024-08-16T00:00:00+00:00,3800,2024-05-19T15:00:00+00:00,False
ENG_PL::26785,2024-12-29 15:00:00+00:00,2024,frozen_dc,2,0.4445873177557899,0.2633714692780304,0.2920412129661799,0.4494736842105263,0.2331578947368421,0.3173684210526316,2024-08-16T00:00:00+00:00,3800,2024-05-19T15:00:00+00:00,False
ENG_PL::26786,2024-12-29 15:00:00+00:00,2024,frozen_dc,1,0.3921309192852988,0.251450351674495,0.3564187290402062,0.4494736842105263,0.2331578947368421,0.3173684210526316,2024-08-16T00:00:00+00:00,3800,2024-05-19T15:00:00+00:00,False
ENG_PL::26790,2024-12-29 15:00:00+00:00,2024,frozen_dc,1,0.6443547276505114,0.19553219317855,0.1601130791709386,0.4494736842105263,0.2331578947368421,0.3173684210526316,2024-08-16T00:00:00+00:00,3800,2024-05-19T15:00:00+00:00,False
ENG_PL::26791,2024-12-29 17:15:00+00:00,2024,frozen_dc,2,0.1924895459221356,0.1983059406407879,0.6092045134370765,0.4494736842105263,0.2331578947368421,0.3173684210526316,2024-08-16T00:00:00+00:00,3800,2024-05-19T15:00:00+00:00,False
ENG_PL::26787,2024-12-30 19:45:00+00:00,2024,frozen_dc,0,0.3602257834455931,0.2424205744444229,0.3973536421099839,0.4494736842105263,0.2331578947368421,0.3173684210526316,2024-08-16T00:00:00+00:00,3800,2024-05-19T15:00:00+00:00,True
ENG_PL::26782,2024-12-30 19:45:00+00:00,2024,frozen_dc,1,0.3996369336502046,0.247759810047896,0.3526032563018992,0.4494736842105263,0.2331578947368421,0.3173684210526316,2024-08-16T00:00:00+00:00,3800,2024-05-19T15:00:00+00:00,False
ENG_PL::26789,2024-12-30 20:00:00+00:00,2024,frozen_dc,2,0.3417076988449157,0.2240629412785764,0.4342293598765077,0.4494736842105263,0.2331578947368421,0.3173684210526316,2024-08-16T00:00:00+00:00,3800,2024-05-19T15:00:00+00:00,False
ENG_PL::26783,2025-01-01 17:30:00+00:00,2024,frozen_dc,2,0.2317165025948283,0.2454882836673927,0.5227952137377789,0.4494736842105263,0.2331578947368421,0.3173684210526316,2024-08-16T00:00:00+00:00,3800,2024-05-19T15:00:00+00:00,False
ENG_PL::26800,2025-01-04 12:30:00+00:00,2024,frozen_dc,2,0.4135238193980669,0.2225007348450971,0.3639754457568358,0.4494736842105263,0.2331578947368421,0.3173684210526316,2024-08-16T00:00:00+00:00,3800,2024-05-19T15:00:00+00:00,False
ENG_PL::26798,2025-01-04 15:00:00+00:00,2024,frozen_dc,0,0.7772823383527564,0.1447031467901056,0.0780145148571379,0.4494736842105263,0.2331578947368421,0.3173684210526316,2024-08-16T00:00:00+00:00,3800,2024-05-19T15:00:00+00:00,False
ENG_PL::26795,2025-01-04 15:00:00+00:00,2024,frozen_dc,1,0.3563357606087068,0.258447458225573,0.3852167811657202,0.4494736842105263,0.2331578947368421,0.3173684210526316,2024-08-16T00:00:00+00:00,3800,2024-05-19T15:00:00+00:00,False
ENG_PL::26799,2025-01-04 15:00:00+00:00,2024,frozen_dc,2,0.3032611881080395,0.2622754139496505,0.43446339794231,0.4494736842105263,0.2331578947368421,0.3173684210526316,2024-08-16T00:00:00+00:00,3800,2024-05-19T15:00:00+00:00,False
ENG_PL::26792,2025-01-04 15:00:00+00:00,2024,frozen_dc,0,0.4498006104660722,0.2465552117526775,0.3036441777812501,0.4494736842105263,0.2331578947368421,0.3173684210526316,2024-08-16T00:00:00+00:00,3800,2024-05-19T15:00:00+00:00,False
ENG_PL::26793,2025-01-04 15:00:00+00:00,2024,frozen_dc,0,0.4700395224976597,0.2506225677765992,0.2793379097257411,0.4494736842105263,0.2331578947368421,0.3173684210526316,2024-08-16T00:00:00+00:00,3800,2024-05-19T15:00:00+00:00,False
ENG_PL::26794,2025-01-04 17:30:00+00:00,2024,frozen_dc,1,0.2489147779138438,0.2546786935518831,0.4964065285342728,0.4494736842105263,0.2331578947368421,0.3173684210526316,2024-08-16T00:00:00+00:00,3800,2024-05-19T15:00:00+00:00,False
ENG_PL::26796,2025-01-05 14:00:00+00:00,2024,frozen_dc,1,0.3977241294124229,0.2581922561172191,0.344083614470358,0.4494736842105263,0.2331578947368421,0.3173684210526316,2024-08-16T00:00:00+00:00,3800,2024-05-19T15:00:00+00:00,True
ENG_PL::26797,2025-01-05 16:30:00+00:00,2024,frozen_dc,1,0.6987101088559484,0.1626585741514221,0.1386313169926293,0.4494736842105263,0.2331578947368421,0.3173684210526316,2024-08-16T00:00:00+00:00,3800,2024-05-19T15:00:00+00:00,False
ENG_PL::26801,2025-01-06 20:00:00+00:00,2024,frozen_dc,2,0.33102440736026,0.2722711239989868,0.3967044686407531,0.4494736842105263,0.2331578947368421,0.3173684210526316,2024-08-16T00:00:00+00:00,3800,2024-05-19T15:00:00+00:00,False
ENG_PL::26808,2025-01-14 19:30:00+00:00,2024,frozen_dc,0,0.423471927069831,0.2535123360702297,0.3230157368599391,0.4494736842105263,0.2331578947368421,0.3173684210526316,2024-08-16T00:00:00+00:00,3800,2024-05-19T15:00:00+00:00,False
ENG_PL::26809,2025-01-14 19:30:00+00:00,2024,frozen_dc,1,0.5398095599950106,0.2180560181359113,0.2421344218690781,0.4494736842105263,0.2331578947368421,0.3173684210526316,2024-08-16T00:00:00+00:00,3800,2024-05-19T15:00:00+00:00,False
ENG_PL::26803,2025-01-14 19:30:00+00:00,2024,frozen_dc,1,0.2085202795013628,0.2310850330941805,0.5603946874044567,0.4494736842105263,0.2331578947368421,0.3173684210526316,2024-08-16T00:00:00+00:00,3800,2024-05-19T15:00:00+00:00,False
ENG_PL::26807,2025-01-14 20:00:00+00:00,2024,frozen_dc,1,0.2308772724368699,0.2249973951944133,0.5441253323687169,0.4494736842105263,0.2331578947368421,0.3173684210526316,2024-08-16T00:00:00+00:00,3800,2024-05-19T15:00:00+00:00,False
ENG_PL::26804,2025-01-15 19:30:00+00:00,2024,frozen_dc,2,0.4283133907460156,0.2487847932477633,0.3229018160062211,0.4494736842105263,0.2331578947368421,0.3173684210526316,2024-08-16T00:00:00+00:00,3800,2024-05-19T15:00:00+00:00,False
ENG_PL::26806,2025-01-15 19:30:00+00:00,2024,frozen_dc,2,0.4053935829544761,0.2813983208555639,0.3132080961899601,0.4494736842105263,0.2331578947368421,0.3173684210526316,2024-08-16T00:00:00+00:00,3800,2024-05-19T15:00:00+00:00,False
ENG_PL::26810,2025-01-15 19:30:00+00:00,2024,frozen_dc,0,0.6927997173082234,0.1760454159598732,0.1311548667319034,0.4494736842105263,0.2331578947368421,0.3173684210526316,2024-08-16T00:00:00+00:00,3800,2024-05-19T15:00:00+00:00,False
ENG_PL::26802,2025-01-15 20:00:00+00:00,2024,frozen_dc,0,0.6435588905658475,0.2000454918421549,0.1563956175919975,0.4494736842105263,0.2331578947368421,0.3173684210526316,2024-08-16T00:00:00+00:00,3800,2024-05-19T15:00:00+00:00,False
ENG_PL::26805,2025-01-16 19:30:00+00:00,2024,frozen_dc,2,0.3769175469247608,0.2552211634088824,0.3678612896663567,0.4494736842105263,0.2331578947368421,0.3173684210526316,2024-08-16T00:00:00+00:00,3800,2024-05-19T15:00:00+00:00,True
ENG_PL::26811,2025-01-16 20:00:00+00:00,2024,frozen_dc,0,0.5468647092747669,0.2331307650337621,0.220004525691471,0.4494736842105263,0.2331578947368421,0.3173684210526316,2024-08-16T00:00:00+00:00,3800,2024-05-19T15:00:00+00:00,False
ENG_PL::26819,2025-01-18 12:30:00+00:00,2024,frozen_dc,2,0.5802106145842999,0.2047490206852495,0.2150403647304505,0.4494736842105263,0.2331578947368421,0.3173684210526316,2024-08-16T00:00:00+00:00,3800,2024-05-19T15:00:00+00:00,False
ENG_PL::26821,2025-01-18 15:00:00+00:00,2024,frozen_dc,2,0.3728907185390326,0.2693094906618404,0.3577997907991268,0.4494736842105263,0.2331578947368421,0.3173684210526316,2024-08-16T00:00:00+00:00,3800,2024-05-19T15:00:00+00:00,False
ENG_PL::26817,2025-01-18 15:00:00+00:00,2024,frozen_dc,2,0.457375965847883,0.2618561160916376,0.2807679180604793,0.4494736842105263,0.2331578947368421,0.3173684210526316,2024-08-16T00:00:00+00:00,3800,2024-05-19T15:00:00+00:00,False
ENG_PL::26813,2025-01-18 15:00:00+00:00,2024,frozen_dc,2,0.2760331340976,0.2220398841632493,0.5019269817391506,0.4494736842105263,0.2331578947368421,0.3173684210526316,2024-08-16T00:00:00+00:00,3800,2024-05-19T15:00:00+00:00,False
ENG_PL::26812,2025-01-18 17:30:00+00:00,2024,frozen_dc,1,0.6819479652914868,0.1904309029359305,0.1276211317725828,0.4494736842105263,0.2331578947368421,0.3173684210526316,2024-08-16T00:00:00+00:00,3800,2024-05-19T15:00:00+00:00,False
ENG_PL::26815,2025-01-19 14:00:00+00:00,2024,frozen_dc,0,0.3789553980538526,0.2421480588058748,0.3788965431402723,0.4494736842105263,0.2331578947368421,0.3173684210526316,2024-08-16T00:00:00+00:00,3800,2024-05-19T15:00:00+00:00,False
ENG_PL::26818,2025-01-19 14:00:00+00:00,2024,frozen_dc,2,0.3913081335547925,0.2421007289587509,0.3665911374864568,0.4494736842105263,0.2331578947368421,0.3173684210526316,2024-08-16T00:00:00+00:00,3800,2024-05-19T15:00:00+00:00,False
ENG_PL::26820,2025-01-19 14:00:00+00:00,2024,frozen_dc,0,0.5035812573361651,0.2636379949336351,0.2327807477302,0.4494736842105263,0.2331578947368421,0.3173684210526316,2024-08-16T00:00:00+00:00,3800,2024-05-19T15:00:00+00:00,False
ENG_PL::26816,2025-01-19 16:30:00+00:00,2024,frozen_dc,2,0.180198971396159,0.2233967522255046,0.5964042763783365,0.4494736842105263,0.2331578947368421,0.3173684210526316,2024-08-16T00:00:00+00:00,3800,2024-05-19T15:00:00+00:00,True
ENG_PL::26814,2025-01-20 20:00:00+00:00,2024,frozen_dc,0,0.6546996679348565,0.1935998830716803,0.1517004489934632,0.4494736842105263,0.2331578947368421,0.3173684210526316,2024-08-16T00:00:00+00:00,3800,2024-05-19T15:00:00+00:00,False
ENG_PL::26827,2025-01-25 15:00:00+00:00,2024,frozen_dc,0,0.6884397212198408,0.1733549552202642,0.1382053235598949,0.4494736842105263,0.2331578947368421,0.3173684210526316,2024-08-16T00:00:00+00:00,3800,2024-05-19T15:00:00+00:00,True
ENG_PL::26829,2025-01-25 15:00:00+00:00,2024,frozen_dc,2,0.2403550190681395,0.2340791339013696,0.5255658470304908,0.4494736842105263,0.2331578947368421,0.3173684210526316,2024-08-16T00:00:00+00:00,3800,2024-05-19T15:00:00+00:00,False
ENG_PL::26822,2025-01-25 15:00:00+00:00,2024,frozen_dc,0,0.4582651674435314,0.2525707747065948,0.2891640578498738,0.4494736842105263,0.2331578947368421,0.3173684210526316,2024-08-16T00:00:00+00:00,3800,2024-05-19T15:00:00+00:00,False
ENG_PL::26824,2025-01-25 15:00:00+00:00,2024,frozen_dc,2,0.4998337605368045,0.2443270487359422,0.2558391907272533,0.4494736842105263,0.2331578947368421,0.3173684210526316,2024-08-16T00:00:00+00:00,3800,2024-05-19T15:00:00+00:00,False
ENG_PL::26831,2025-01-25 15:00:00+00:00,2024,frozen_dc,2,0.1326670314679992,0.2078665280709483,0.6594664404610523,0.4494736842105263,0.2331578947368421,0.3173684210526316,2024-08-16T00:00:00+00:00,3800,2024-05-19T15:00:00+00:00,False
ENG_PL::26828,2025-01-25 17:30:00+00:00,2024,frozen_dc,0,0.6636696046698585,0.190864991249262,0.1454654040808793,0.4494736842105263,0.2331578947368421,0.3173684210526316,2024-08-16T00:00:00+00:00,3800,2024-05-19T15:00:00+00:00,False
ENG_PL::26825,2025-01-26 14:00:00+00:00,2024,frozen_dc,2,0.3946053837230231,0.2672205956430228,0.3381740206339541,0.4494736842105263,0.2331578947368421,0.3173684210526316,2024-08-16T00:00:00+00:00,3800,2024-05-19T15:00:00+00:00,False
ENG_PL::26830,2025-01-26 14:00:00+00:00,2024,frozen_dc,2,0.5343418383427434,0.2301696816672438,0.2354884799900128,0.4494736842105263,0.2331578947368421,0.3173684210526316,2024-08-16T00:00:00+00:00,3800,2024-05-19T15:00:00+00:00,False
ENG_PL::26823,2025-01-26 16:30:00+00:00,2024,frozen_dc,1,0.5285064656657964,0.228525230679068,0.2429683036551355,0.4494736842105263,0.2331578947368421,0.3173684210526316,2024-08-16T00:00:00+00:00,3800,2024-05-19T15:00:00+00:00,False
ENG_PL::26826,2025-01-26 19:00:00+00:00,2024,frozen_dc,2,0.3980413229625811,0.2452857342312089,0.3566729428062098,0.4494736842105263,0.2331578947368421,0.3173684210526316,2024-08-16T00:00:00+00:00,3800,2024-05-19T15:00:00+00:00,False
ENG_PL::26840,2025-02-01 12:30:00+00:00,2024,frozen_dc,0,0.3617800699816519,0.2656502751444785,0.3725696548738695,0.4494736842105263,0.2331578947368421,0.3173684210526316,2024-08-16T00:00:00+00:00,3800,2024-05-19T15:00:00+00:00,False
ENG_PL::26832,2025-02-01 15:00:00+00:00,2024,frozen_dc,2,0.247452759577733,0.2129212608243823,0.5396259795978845,0.4494736842105263,0.2331578947368421,0.3173684210526316,2024-08-16T00:00:00+00:00,3800,2024-05-19T15:00:00+00:00,False
ENG_PL::26836,2025-02-01 15:00:00+00:00,2024,frozen_dc,0,0.4470780497592716,0.2628355342952659,0.2900864159454622,0.4494736842105263,0.2331578947368421,0.3173684210526316,2024-08-16T00:00:00+00:00,3800,2024-05-19T15:00:00+00:00,False
ENG_PL::26837,2025-02-01 15:00:00+00:00,2024,frozen_dc,2,0.5247344570451791,0.2495770990344503,0.2256884439203706,0.4494736842105263,0.2331578947368421,0.3173684210526316,2024-08-16T00:00:00+00:00,3800,2024-05-19T15:00:00+00:00,True
ENG_PL::26839,2025-02-01 15:00:00+00:00,2024,frozen_dc,2,0.6225347546746433,0.1992433443666772,0.1782219009586795,0.4494736842105263,0.2331578947368421,0.3173684210526316,2024-08-16T00:00:00+00:00,3800,2024-05-19T15:00:00+00:00,False
ENG_PL::26841,2025-02-01 17:30:00+00:00,2024,frozen_dc,0,0.3107441987950359,0.2518226215105322,0.4374331796944316,0.4494736842105263,0.2331578947368421,0.3173684210526316,2024-08-16T00:00:00+00:00,3800,2024-05-19T15:00:00+00:00,False
ENG_PL::26834,2025-02-02 14:00:00+00:00,2024,frozen_dc,2,0.4217999066619166,0.2345325677747553,0.3436675255633281,0.4494736842105263,0.2331578947368421,0.3173684210526316,2024-08-16T00:00:00+00:00,3800,2024-05-19T15:00:00+00:00,False
ENG_PL::26838,2025-02-02 14:00:00+00:00,2024,frozen_dc,2,0.4423386340432045,0.2543997931140341,0.3032615728427614,0.4494736842105263,0.2331578947368421,0.3173684210526316,2024-08-16T00:00:00+00:00,3800,2024-05-19T15:00:00+00:00,False
ENG_PL::26833,2025-02-02 16:30:00+00:00,2024,frozen_dc,0,0.3952410394100227,0.2769128539152581,0.3278461066747192,0.4494736842105263,0.2331578947368421,0.3173684210526316,2024-08-16T00:00:00+00:00,3800,2024-05-19T15:00:00+00:00,False
ENG_PL::26835,2025-02-03 20:00:00+00:00,2024,frozen_dc,0,0.6077241870631804,0.2032746405333123,0.1890011724035074,0.4494736842105263,0.2331578947368421,0.3173684210526316,2024-08-16T00:00:00+00:00,3800,2024-05-19T15:00:00+00:00,False
ENG_PL::26748,2025-02-12 19:30:00+00:00,2024,frozen_dc,1,0.2425838185174674,0.2207003106966333,0.5367158707858992,0.4494736842105263,0.2331578947368421,0.3173684210526316,2024-08-16T00:00:00+00:00,3800,2024-05-19T15:00:00+00:00,False
ENG_PL::26843,2025-02-14 20:00:00+00:00,2024,frozen_dc,0,0.4263664258663524,0.2403325270406273,0.3333010470930199,0.4494736842105263,0.2331578947368421,0.3173684210526316,2024-08-16T00:00:00+00:00,3800,2024-05-19T15:00:00+00:00,False
ENG_PL::26846,2025-02-15 12:30:00+00:00,2024,frozen_dc,2,0.1936668737682789,0.2472472892423075,0.5590858369894133,0.4494736842105263,0.2331578947368421,0.3173684210526316,2024-08-16T00:00:00+00:00,3800,2024-05-19T15:00:00+00:00,False
ENG_PL::26849,2025-02-15 15:00:00+00:00,2024,frozen_dc,2,0.3320467463058353,0.2622178113041662,0.4057354423899985,0.4494736842105263,0.2331578947368421,0.3173684210526316,2024-08-16T00:00:00+00:00,3800,2024-05-19T15:00:00+00:00,False
ENG_PL::26851,2025-02-15 15:00:00+00:00,2024,frozen_dc,2,0.3463320800111658,0.2477088837698346,0.4059590362189996,0.4494736842105263,0.2331578947368421,0.3173684210526316,2024-08-16T00:00:00+00:00,3800,2024-05-19T15:00:00+00:00,False
ENG_PL::26845,2025-02-15 15:00:00+00:00,2024,frozen_dc,0,0.4012942057856264,0.2682393209769237,0.3304664732374499,0.4494736842105263,0.2331578947368421,0.3173684210526316,2024-08-16T00:00:00+00:00,3800,2024-05-19T15:00:00+00:00,False
ENG_PL::26842,2025-02-15 15:00:00+00:00,2024,frozen_dc,1,0.4652437057782998,0.2424132548424615,0.2923430393792386,0.4494736842105263,0.2331578947368421,0.3173684210526316,2024-08-16T00:00:00+00:00,3800,2024-05-19T15:00:00+00:00,True
ENG_PL::26848,2025-02-15 15:00:00+00:00,2024,frozen_dc,0,0.6388059444553913,0.1968042294253941,0.1643898261192145,0.4494736842105263,0.2331578947368421,0.3173684210526316,2024-08-16T00:00:00+00:00,3800,2024-05-19T15:00:00+00:00,False
ENG_PL::26844,2025-02-15 17:30:00+00:00,2024,frozen_dc,2,0.4252780404176692,0.2716010305717319,0.3031209290105988,0.4494736842105263,0.2331578947368421,0.3173684210526316,2024-08-16T00:00:00+00:00,3800,2024-05-19T15:00:00+00:00,False
ENG_PL::26847,2025-02-16 14:00:00+00:00,2024,frozen_dc,0,0.7843918278015858,0.1343155186035141,0.0812926535949001,0.4494736842105263,0.2331578947368421,0.3173684210526316,2024-08-16T00:00:00+00:00,3800,2024-05-19T15:00:00+00:00,False
ENG_PL::26850,2025-02-16 16:30:00+00:00,2024,frozen_dc,0,0.5355954521001474,0.2120243757925382,0.2523801721073145,0.4494736842105263,0.2331578947368421,0.3173684210526316,2024-08-16T00:00:00+00:00,3800,2024-05-19T15:00:00+00:00,False
ENG_PL::26884,2025-02-19 19:30:00+00:00,2024,frozen_dc,1,0.2555948327131665,0.2149829546336166,0.5294222126532169,0.4494736842105263,0.2331578947368421,0.3173684210526316,2024-08-16T00:00:00+00:00,3800,2024-05-19T15:00:00+00:00,False
ENG_PL::26858,2025-02-21 20:00:00+00:00,2024,frozen_dc,2,0.3830324114756797,0.2613803741369715,0.3555872143873487,0.4494736842105263,0.2331578947368421,0.3173684210526316,2024-08-16T00:00:00+00:00,3800,2024-05-19T15:00:00+00:00,False
ENG_PL::26855,2025-02-22 12:30:00+00:00,2024,frozen_dc,1,0.4446367092982122,0.2415156812852703,0.3138476094165175,0.4494736842105263,0.2331578947368421,0.3173684210526316,2024-08-16T00:00:00+00:00,3800,2024-05-19T15:00:00+00:00,False
ENG_PL::26852,2025-02-22 15:00:00+00:00,2024,frozen_dc,2,0.5689543708440564,0.2258393147134498,0.2052063144424938,0.4494736842105263,0.2331578947368421,0.3173684210526316,2024-08-16T00:00:00+00:00,3800,2024-05-19T15:00:00+00:00,False
ENG_PL::26853,2025-02-22 15:00:00+00:00,2024,frozen_dc,2,0.7433680563743992,0.1642761837100339,0.092355759915567,0.4494736842105263,0.2331578947368421,0.3173684210526316,2024-08-16T00:00:00+00:00,3800,2024-05-19T15:00:00+00:00,False
ENG_PL::26856,2025-02-22 15:00:00+00:00,2024,frozen_dc,2,0.3847230783506769,0.2753147028137268,0.3399622188355964,0.4494736842105263,0.2331578947368421,0.3173684210526316,2024-08-16T00:00:00+00:00,3800,2024-05-19T15:00:00+00:00,False
ENG_PL::26857,2025-02-22 15:00:00+00:00,2024,frozen_dc,2,0.3760408844582963,0.2398519196582131,0.3841071958834905,0.4494736842105263,0.2331578947368421,0.3173684210526316,2024-08-16T00:00:00+00:00,3800,2024-05-19T15:00:00+00:00,True
ENG_PL::26861,2025-02-22 15:00:00+00:00,2024,frozen_dc,2,0.2831495040950936,0.2633902596384852,0.4534602362664212,0.4494736842105263,0.2331578947368421,0.3173684210526316,2024-08-16T00:00:00+00:00,3800,2024-05-19T15:00:00+00:00,False
ENG_PL::26854,2025-02-22 17:30:00+00:00,2024,frozen_dc,0,0.3827145624150554,0.2360351084204287,0.3812503291645157,0.4494736842105263,0.2331578947368421,0.3173684210526316,2024-08-16T00:00:00+00:00,3800,2024-05-19T15:00:00+00:00,False
ENG_PL::26860,2025-02-23 14:00:00+00:00,2024,frozen_dc,0,0.582289059746568,0.2163210708273341,0.2013898694260979,0.4494736842105263,0.2331578947368421,0.3173684210526316,2024-08-16T00:00:00+00:00,3800,2024-05-19T15:00:00+00:00,False
ENG_PL::26859,2025-02-23 16:30:00+00:00,2024,frozen_dc,2,0.5369783289376122,0.2246954726536429,0.2383261984087448,0.4494736842105263,0.2331578947368421,0.3173684210526316,2024-08-16T00:00:00+00:00,3800,2024-05-19T15:00:00+00:00,False
ENG_PL::26863,2025-02-25 19:30:00+00:00,2024,frozen_dc,0,0.5027179280179976,0.2357532172287548,0.2615288547532475,0.4494736842105263,0.2331578947368421,0.3173684210526316,2024-08-16T00:00:00+00:00,3800,2024-05-19T15:00:00+00:00,False
ENG_PL::26867,2025-02-25 19:30:00+00:00,2024,frozen_dc,2,0.3616022076943331,0.2656082701624103,0.3727895221432565,0.4494736842105263,0.2331578947368421,0.3173684210526316,2024-08-16T00:00:00+00:00,3800,2024-05-19T15:00:00+00:00,False
ENG_PL::26868,2025-02-25 19:30:00+00:00,2024,frozen_dc,0,0.4179212403516096,0.262893049391968,0.319185710256422,0.4494736842105263,0.2331578947368421,0.3173684210526316,2024-08-16T00:00:00+00:00,3800,2024-05-19T15:00:00+00:00,False
ENG_PL::26869,2025-02-25 20:15:00+00:00,2024,frozen_dc,0,0.6270621957463007,0.2085169091054992,0.1644208951481999,0.4494736842105263,0.2331578947368421,0.3173684210526316,2024-08-16T00:00:00+00:00,3800,2024-05-19T15:00:00+00:00,False
ENG_PL::26862,2025-02-26 19:30:00+00:00,2024,frozen_dc,1,0.4800719265319187,0.2446476582388722,0.2752804152292089,0.4494736842105263,0.2331578947368421,0.3173684210526316,2024-08-16T00:00:00+00:00,3800,2024-05-19T15:00:00+00:00,False
ENG_PL::26864,2025-02-26 19:30:00+00:00,2024,frozen_dc,1,0.1952409861370292,0.2481926424221772,0.5565663714407935,0.4494736842105263,0.2331578947368421,0.3173684210526316,2024-08-16T00:00:00+00:00,3800,2024-05-19T15:00:00+00:00,False
ENG_PL::26865,2025-02-26 19:30:00+00:00,2024,frozen_dc,2,0.2319023112103058,0.2267068946598536,0.5413907941298404,0.4494736842105263,0.2331578947368421,0.3173684210526316,2024-08-16T00:00:00+00:00,3800,2024-05-19T15:00:00+00:00,False
ENG_PL::26871,2025-02-26 19:30:00+00:00,2024,frozen_dc,0,0.4580304022621341,0.2378704181943134,0.3040991795435525,0.4494736842105263,0.2331578947368421,0.3173684210526316,2024-08-16T00:00:00+00:00,3800,2024-05-19T15:00:00+00:00,True
ENG_PL::26870,2025-02-26 20:15:00+00:00,2024,frozen_dc,0,0.5836959480105578,0.1949230158162747,0.2213810361731675,0.4494736842105263,0.2331578947368421,0.3173684210526316,2024-08-16T00:00:00+00:00,3800,2024-05-19T15:00:00+00:00,False
ENG_PL::26866,2025-02-27 20:00:00+00:00,2024,frozen_dc,0,0.3915884045765897,0.2624414496250968,0.3459701457983134,0.4494736842105263,0.2331578947368421,0.3173684210526316,2024-08-16T00:00:00+00:00,3800,2024-05-19T15:00:00+00:00,False
ENG_PL::26878,2025-03-08 12:30:00+00:00,2024,frozen_dc,0,0.1748322151678006,0.2317177426808135,0.5934500421513859,0.4494736842105263,0.2331578947368421,0.3173684210526316,2024-08-16T00:00:00+00:00,3800,2024-05-19T15:00:00+00:00,False
ENG_PL::26873,2025-03-08 15:00:00+00:00,2024,frozen_dc,0,0.5447966661406549,0.2345307862447775,0.2206725476145674,0.4494736842105263,0.2331578947368421,0.3173684210526316,2024-08-16T00:00:00+00:00,3800,2024-05-19T15:00:00+00:00,False
ENG_PL::26875,2025-03-08 15:00:00+00:00,2024,frozen_dc,0,0.4309126828756459,0.2685578077739659,0.3005295093503883,0.4494736842105263,0.2331578947368421,0.3173684210526316,2024-08-16T00:00:00+00:00,3800,2024-05-19T15:00:00+00:00,True
ENG_PL::26876,2025-03-08 15:00:00+00:00,2024,frozen_dc,0,0.7585062549156326,0.1499901089621922,0.0915036361221752,0.4494736842105263,0.2331578947368421,0.3173684210526316,2024-08-16T00:00:00+00:00,3800,2024-05-19T15:00:00+00:00,False
ENG_PL::26872,2025-03-08 17:30:00+00:00,2024,frozen_dc,2,0.472450149804035,0.2375689113076264,0.2899809388883385,0.4494736842105263,0.2331578947368421,0.3173684210526316,2024-08-16T00:00:00+00:00,3800,2024-05-19T15:00:00+00:00,False
ENG_PL::26881,2025-03-08 20:00:00+00:00,2024,frozen_dc,1,0.3212700376956375,0.2630064618674852,0.4157235004368773,0.4494736842105263,0.2331578947368421,0.3173684210526316,2024-08-16T00:00:00+00:00,3800,2024-05-19T15:00:00+00:00,False
ENG_PL::26874,2025-03-09 14:00:00+00:00,2024,frozen_dc,0,0.5461051956713057,0.2296887720412525,0.2242060322874415,0.4494736842105263,0.2331578947368421,0.3173684210526316,2024-08-16T00:00:00+00:00,3800,2024-05-19T15:00:00+00:00,False
ENG_PL::26879,2025-03-09 14:00:00+00:00,2024,frozen_dc,1,0.526947489471601,0.2184429514843514,0.2546095590440477,0.4494736842105263,0.2331578947368421,0.3173684210526316,2024-08-16T00:00:00+00:00,3800,2024-05-19T15:00:00+00:00,False
ENG_PL::26877,2025-03-09 16:30:00+00:00,2024,frozen_dc,1,0.2061080186323203,0.2268952014393978,0.566996779928282,0.4494736842105263,0.2331578947368421,0.3173684210526316,2024-08-16T00:00:00+00:00,3800,2024-05-19T15:00:00+00:00,False
ENG_PL::26880,2025-03-10 20:00:00+00:00,2024,frozen_dc,2,0.2762813920511315,0.2250507481789842,0.4986678597698843,0.4494736842105263,0.2331578947368421,0.3173684210526316,2024-08-16T00:00:00+00:00,3800,2024-05-19T15:00:00+00:00,False
ENG_PL::26885,2025-03-15 15:00:00+00:00,2024,frozen_dc,1,0.5034330786480715,0.2415237946162354,0.2550431267356931,0.4494736842105263,0.2331578947368421,0.3173684210526316,2024-08-16T00:00:00+00:00,3800,2024-05-19T15:00:00+00:00,False
ENG_PL::26887,2025-03-15 15:00:00+00:00,2024,frozen_dc,2,0.4426780254566574,0.2613138971021734,0.2960080774411691,0.4494736842105263,0.2331578947368421,0.3173684210526316,2024-08-16T00:00:00+00:00,3800,2024-05-19T15:00:00+00:00,True
ENG_PL::26889,2025-03-15 15:00:00+00:00,2024,frozen_dc,1,0.6678862273429811,0.1966385746735681,0.1354751979834506,0.4494736842105263,0.2331578947368421,0.3173684210526316,2024-08-16T00:00:00+00:00,3800,2024-05-19T15:00:00+00:00,False
ENG_PL::26891,2025-03-15 15:00:00+00:00,2024,frozen_dc,2,0.4402781972082999,0.2722908352492011,0.2874309675424989,0.4494736842105263,0.2331578947368421,0.3173684210526316,2024-08-16T00:00:00+00:00,3800,2024-05-19T15:00:00+00:00,False
ENG_PL::26882,2025-03-15 17:30:00+00:00,2024,frozen_dc,2,0.4157977341611067,0.2433839143773366,0.3408183514615566,0.4494736842105263,0.2331578947368421,0.3173684210526316,2024-08-16T00:00:00+00:00,3800,2024-05-19T15:00:00+00:00,False
ENG_PL::26883,2025-03-16 13:30:00+00:00,2024,frozen_dc,0,0.6254285315391813,0.2084026795771892,0.1661687888836293,0.4494736842105263,0.2331578947368421,0.3173684210526316,2024-08-16T00:00:00+00:00,3800,2024-05-19T15:00:00+00:00,False
ENG_PL::26886,2025-03-16 13:30:00+00:00,2024,frozen_dc,0,0.3342818085534935,0.2409705388571988,0.4247476525893077,0.4494736842105263,0.2331578947368421,0.3173684210526316,2024-08-16T00:00:00+00:00,3800,2024-05-19T15:00:00+00:00,False
ENG_PL::26888,2025-03-16 19:00:00+00:00,2024,frozen_dc,2,0.4220056578558059,0.2505930626144868,0.3274012795297073,0.4494736842105263,0.2331578947368421,0.3173684210526316,2024-08-16T00:00:00+00:00,3800,2024-05-19T15:00:00+00:00,False
ENG_PL::26892,2025-04-01 18:45:00+00:00,2024,frozen_dc,0,0.7202545438200414,0.1783533575318136,0.101392098648145,0.4494736842105263,0.2331578947368421,0.3173684210526316,2024-08-16T00:00:00+00:00,3800,2024-05-19T15:00:00+00:00,False
ENG_PL::26895,2025-04-01 18:45:00+00:00,2024,frozen_dc,0,0.3805277765345884,0.259340808454705,0.3601314150107065,0.4494736842105263,0.2331578947368421,0.3173684210526316,2024-08-16T00:00:00+00:00,3800,2024-05-19T15:00:00+00:00,False
ENG_PL::26894,2025-04-01 19:00:00+00:00,2024,frozen_dc,0,0.4242813720802076,0.2506031558271681,0.3251154720926245,0.4494736842105263,0.2331578947368421,0.3173684210526316,2024-08-16T00:00:00+00:00,3800,2024-05-19T15:00:00+00:00,False
ENG_PL::26893,2025-04-02 18:45:00+00:00,2024,frozen_dc,2,0.4931310032946196,0.2375039278433742,0.2693650688620061,0.4494736842105263,0.2331578947368421,0.3173684210526316,2024-08-16T00:00:00+00:00,3800,2024-05-19T15:00:00+00:00,False
ENG_PL::26896,2025-04-02 18:45:00+00:00,2024,frozen_dc,2,0.4557587336255304,0.2436569349551424,0.3005843314193273,0.4494736842105263,0.2331578947368421,0.3173684210526316,2024-08-16T00:00:00+00:00,3800,2024-05-19T15:00:00+00:00,True
ENG_PL::26900,2025-04-02 18:45:00+00:00,2024,frozen_dc,1,0.3280823560383728,0.2878365933410191,0.384081050620608,0.4494736842105263,0.2331578947368421,0.3173684210526316,2024-08-16T00:00:00+00:00,3800,2024-05-19T15:00:00+00:00,False
ENG_PL::26898,2025-04-02 18:45:00+00:00,2024,frozen_dc,0,0.721091420908663,0.1785409775681666,0.1003676015231705,0.4494736842105263,0.2331578947368421,0.3173684210526316,2024-08-16T00:00:00+00:00,3800,2024-05-19T15:00:00+00:00,False
ENG_PL::26899,2025-04-02 18:45:00+00:00,2024,frozen_dc,0,0.54260834108563,0.2156121610714478,0.241779497842922,0.4494736842105263,0.2331578947368421,0.3173684210526316,2024-08-16T00:00:00+00:00,3800,2024-05-19T15:00:00+00:00,False
ENG_PL::26901,2025-04-02 19:00:00+00:00,2024,frozen_dc,0,0.681263692801896,0.1773693778812521,0.1413669293168519,0.4494736842105263,0.2331578947368421,0.3173684210526316,2024-08-16T00:00:00+00:00,3800,2024-05-19T15:00:00+00:00,False
ENG_PL::26897,2025-04-03 19:00:00+00:00,2024,frozen_dc,0,0.4782597657013234,0.2214044399710526,0.300335794327624,0.4494736842105263,0.2331578947368421,0.3173684210526316,2024-08-16T00:00:00+00:00,3800,2024-05-19T15:00:00+00:00,False
ENG_PL::26905,2025-04-05 11:30:00+00:00,2024,frozen_dc,1,0.2046115097081712,0.2432938876176,0.5520946026742288,0.4494736842105263,0.2331578947368421,0.3173684210526316,2024-08-16T00:00:00+00:00,3800,2024-05-19T15:00:00+00:00,False
ENG_PL::26904,2025-04-05 14:00:00+00:00,2024,frozen_dc,0,0.3712049103054338,0.2719209724362379,0.3568741172583284,0.4494736842105263,0.2331578947368421,0.3173684210526316,2024-08-16T00:00:00+00:00,3800,2024-05-19T15:00:00+00:00,False
ENG_PL::26907,2025-04-05 14:00:00+00:00,2024,frozen_dc,2,0.5507969431988473,0.2362929551710965,0.2129101016300562,0.4494736842105263,0.2331578947368421,0.3173684210526316,2024-08-16T00:00:00+00:00,3800,2024-05-19T15:00:00+00:00,True
ENG_PL::26911,2025-04-05 14:00:00+00:00,2024,frozen_dc,1,0.3785931729756109,0.2458397598463995,0.3755670671779896,0.4494736842105263,0.2331578947368421,0.3173684210526316,2024-08-16T00:00:00+00:00,3800,2024-05-19T15:00:00+00:00,False
ENG_PL::26902,2025-04-05 16:30:00+00:00,2024,frozen_dc,0,0.4674495885736883,0.2512145727951815,0.2813358386311304,0.4494736842105263,0.2331578947368421,0.3173684210526316,2024-08-16T00:00:00+00:00,3800,2024-05-19T15:00:00+00:00,False
ENG_PL::26903,2025-04-06 13:00:00+00:00,2024,frozen_dc,1,0.404820378080459,0.2380897311140472,0.3570898908054937,0.4494736842105263,0.2331578947368421,0.3173684210526316,2024-08-16T00:00:00+00:00,3800,2024-05-19T15:00:00+00:00,False
ENG_PL::26906,2025-04-06 13:00:00+00:00,2024,frozen_dc,0,0.2062989288374026,0.2094172168004597,0.5842838543621377,0.4494736842105263,0.2331578947368421,0.3173684210526316,2024-08-16T00:00:00+00:00,3800,2024-05-19T15:00:00+00:00,False
ENG_PL::26910,2025-04-06 13:00:00+00:00,2024,frozen_dc,0,0.6166749002326958,0.2101235272490091,0.1732015725182948,0.4494736842105263,0.2331578947368421,0.3173684210526316,2024-08-16T00:00:00+00:00,3800,2024-05-19T15:00:00+00:00,False
ENG_PL::26909,2025-04-06 15:30:00+00:00,2024,frozen_dc,1,0.1832128124723479,0.2111976039435882,0.6055895835840638,0.4494736842105263,0.2331578947368421,0.3173684210526316,2024-08-16T00:00:00+00:00,3800,2024-05-19T15:00:00+00:00,False
ENG_PL::26908,2025-04-07 19:00:00+00:00,2024,frozen_dc,2,0.3153756954737546,0.2440501410046136,0.4405741635216316,0.4494736842105263,0.2331578947368421,0.3173684210526316,2024-08-16T00:00:00+00:00,3800,2024-05-19T15:00:00+00:00,False
ENG_PL::26917,2025-04-12 11:30:00+00:00,2024,frozen_dc,0,0.6980717470540253,0.1926984606266476,0.1092297923193271,0.4494736842105263,0.2331578947368421,0.3173684210526316,2024-08-16T00:00:00+00:00,3800,2024-05-19T15:00:00+00:00,False
ENG_PL::26920,2025-04-12 14:00:00+00:00,2024,frozen_dc,2,0.4167417739989704,0.2664931142828484,0.3167651117181812,0.4494736842105263,0.2331578947368421,0.3173684210526316,2024-08-16T00:00:00+00:00,3800,2024-05-19T15:00:00+00:00,False
ENG_PL::26921,2025-04-12 14:00:00+00:00,2024,frozen_dc,2,0.3238448738168297,0.2615824823719416,0.4145726438112287,0.4494736842105263,0.2331578947368421,0.3173684210526316,2024-08-16T00:00:00+00:00,3800,2024-05-19T15:00:00+00:00,False
ENG_PL::26914,2025-04-12 14:00:00+00:00,2024,frozen_dc,1,0.509236586103583,0.2488576150098101,0.2419057988866068,0.4494736842105263,0.2331578947368421,0.3173684210526316,2024-08-16T00:00:00+00:00,3800,2024-05-19T15:00:00+00:00,False
ENG_PL::26913,2025-04-12 16:30:00+00:00,2024,frozen_dc,1,0.6572340220838805,0.2021534819691192,0.1406124959470003,0.4494736842105263,0.2331578947368421,0.3173684210526316,2024-08-16T00:00:00+00:00,3800,2024-05-19T15:00:00+00:00,False
ENG_PL::26915,2025-04-13 13:00:00+00:00,2024,frozen_dc,1,0.5432347118350419,0.2226755261112576,0.2340897620537003,0.4494736842105263,0.2331578947368421,0.3173684210526316,2024-08-16T00:00:00+00:00,3800,2024-05-19T15:00:00+00:00,True
ENG_PL::26916,2025-04-13 13:00:00+00:00,2024,frozen_dc,0,0.7475243045027231,0.1476639388932376,0.1048117566040392,0.4494736842105263,0.2331578947368421,0.3173684210526316,2024-08-16T00:00:00+00:00,3800,2024-05-19T15:00:00+00:00,False
ENG_PL::26919,2025-04-13 13:00:00+00:00,2024,frozen_dc,0,0.2647798201968682,0.2343446928690792,0.5008754869340526,0.4494736842105263,0.2331578947368421,0.3173684210526316,2024-08-16T00:00:00+00:00,3800,2024-05-19T15:00:00+00:00,False
ENG_PL::26918,2025-04-13 15:30:00+00:00,2024,frozen_dc,0,0.5897580293817579,0.1980679592323937,0.2121740113858483,0.4494736842105263,0.2331578947368421,0.3173684210526316,2024-08-16T00:00:00+00:00,3800,2024-05-19T15:00:00+00:00,False
ENG_PL::26912,2025-04-14 19:00:00+00:00,2024,frozen_dc,0,0.4955841842867991,0.2400772862869788,0.2643385294262222,0.4494736842105263,0.2331578947368421,0.3173684210526316,2024-08-16T00:00:00+00:00,3800,2024-05-19T15:00:00+00:00,False
ENG_PL::26890,2025-04-16 18:30:00+00:00,2024,frozen_dc,0,0.5612935564639572,0.2265268945183482,0.2121795490176946,0.4494736842105263,0.2331578947368421,0.3173684210526316,2024-08-16T00:00:00+00:00,3800,2024-05-19T15:00:00+00:00,False
ENG_PL::26923,2025-04-19 14:00:00+00:00,2024,frozen_dc,0,0.4207413622002686,0.2491033588632956,0.3301552789364358,0.4494736842105263,0.2331578947368421,0.3173684210526316,2024-08-16T00:00:00+00:00,3800,2024-05-19T15:00:00+00:00,False
ENG_PL::26924,2025-04-19 14:00:00+00:00,2024,frozen_dc,1,0.4267852701444852,0.2620499806747194,0.3111647491807952,0.4494736842105263,0.2331578947368421,0.3173684210526316,2024-08-16T00:00:00+00:00,3800,2024-05-19T15:00:00+00:00,False
ENG_PL::26925,2025-04-19 14:00:00+00:00,2024,frozen_dc,2,0.1831353132747217,0.2273843715208972,0.589480315204381,0.4494736842105263,0.2331578947368421,0.3173684210526316,2024-08-16T00:00:00+00:00,3800,2024-05-19T15:00:00+00:00,False
ENG_PL::26931,2025-04-19 14:00:00+00:00,2024,frozen_dc,1,0.4713329349351872,0.2582166264550782,0.2704504386097344,0.4494736842105263,0.2331578947368421,0.3173684210526316,2024-08-16T00:00:00+00:00,3800,2024-05-19T15:00:00+00:00,False
ENG_PL::26922,2025-04-19 16:30:00+00:00,2024,frozen_dc,0,0.3517261375805524,0.2304430134985072,0.4178308489209406,0.4494736842105263,0.2331578947368421,0.3173684210526316,2024-08-16T00:00:00+00:00,3800,2024-05-19T15:00:00+00:00,False
ENG_PL::26929,2025-04-20 13:00:00+00:00,2024,frozen_dc,2,0.5736843818992838,0.2199318263824176,0.2063837917182985,0.4494736842105263,0.2331578947368421,0.3173684210526316,2024-08-16T00:00:00+00:00,3800,2024-05-19T15:00:00+00:00,False
ENG_PL::26926,2025-04-20 13:00:00+00:00,2024,frozen_dc,2,0.3196468081088114,0.2426049261862871,0.4377482657049015,0.4494736842105263,0.2331578947368421,0.3173684210526316,2024-08-16T00:00:00+00:00,3800,2024-05-19T15:00:00+00:00,False
ENG_PL::26927,2025-04-20 13:00:00+00:00,2024,frozen_dc,2,0.2017495158735695,0.2394363315136905,0.5588141526127398,0.4494736842105263,0.2331578947368421,0.3173684210526316,2024-08-16T00:00:00+00:00,3800,2024-05-19T15:00:00+00:00,True
ENG_PL::26928,2025-04-20 15:30:00+00:00,2024,frozen_dc,2,0.2289474569134242,0.224184626795434,0.5468679162911416,0.4494736842105263,0.2331578947368421,0.3173684210526316,2024-08-16T00:00:00+00:00,3800,2024-05-19T15:00:00+00:00,False
ENG_PL::26930,2025-04-21 19:00:00+00:00,2024,frozen_dc,2,0.531630431255804,0.2309540798083813,0.2374154889358148,0.4494736842105263,0.2331578947368421,0.3173684210526316,2024-08-16T00:00:00+00:00,3800,2024-05-19T15:00:00+00:00,False
ENG_PL::26937,2025-04-22 19:00:00+00:00,2024,frozen_dc,0,0.7185308929721864,0.1714402849224759,0.1100288221053377,0.4494736842105263,0.2331578947368421,0.3173684210526316,2024-08-16T00:00:00+00:00,3800,2024-05-19T15:00:00+00:00,False
ENG_PL::26933,2025-04-23 19:00:00+00:00,2024,frozen_dc,1,0.6623455225383107,0.2123970056833456,0.1252574717783437,0.4494736842105263,0.2331578947368421,0.3173684210526316,2024-08-16T00:00:00+00:00,3800,2024-05-19T15:00:00+00:00,False
ENG_PL::26935,2025-04-26 11:30:00+00:00,2024,frozen_dc,0,0.5365238346919193,0.2260675775038663,0.2374085878042142,0.4494736842105263,0.2331578947368421,0.3173684210526316,2024-08-16T00:00:00+00:00,3800,2024-05-19T15:00:00+00:00,False
ENG_PL::26934,2025-04-26 14:00:00+00:00,2024,frozen_dc,0,0.5686806620206091,0.2235513693193863,0.2077679686600047,0.4494736842105263,0.2331578947368421,0.3173684210526316,2024-08-16T00:00:00+00:00,3800,2024-05-19T15:00:00+00:00,False
ENG_PL::26938,2025-04-26 14:00:00+00:00,2024,frozen_dc,0,0.5830019645756602,0.2089301834756358,0.2080678519487039,0.4494736842105263,0.2331578947368421,0.3173684210526316,2024-08-16T00:00:00+00:00,3800,2024-05-19T15:00:00+00:00,True
ENG_PL::26940,2025-04-26 14:00:00+00:00,2024,frozen_dc,2,0.3732618845524922,0.2739570114064764,0.3527811040410313,0.4494736842105263,0.2331578947368421,0.3173684210526316,2024-08-16T00:00:00+00:00,3800,2024-05-19T15:00:00+00:00,False
ENG_PL::26941,2025-04-26 14:00:00+00:00,2024,frozen_dc,0,0.3332043227168504,0.272180731806246,0.3946149454769034,0.4494736842105263,0.2331578947368421,0.3173684210526316,2024-08-16T00:00:00+00:00,3800,2024-05-19T15:00:00+00:00,False
ENG_PL::26932,2025-04-27 13:00:00+00:00,2024,frozen_dc,1,0.4579091689028892,0.2317357152784614,0.3103551158186494,0.4494736842105263,0.2331578947368421,0.3173684210526316,2024-08-16T00:00:00+00:00,3800,2024-05-19T15:00:00+00:00,False
ENG_PL::26936,2025-04-27 15:30:00+00:00,2024,frozen_dc,0,0.6332496417930318,0.1828754541327512,0.1838749040742171,0.4494736842105263,0.2331578947368421,0.3173684210526316,2024-08-16T00:00:00+00:00,3800,2024-05-19T15:00:00+00:00,False
ENG_PL::26939,2025-05-01 18:30:00+00:00,2024,frozen_dc,2,0.3852007317909732,0.2615316595383367,0.3532676086706898,0.4494736842105263,0.2331578947368421,0.3173684210526316,2024-08-16T00:00:00+00:00,3800,2024-05-19T15:00:00+00:00,False
ENG_PL::26942,2025-05-02 19:00:00+00:00,2024,frozen_dc,0,0.8070094126674333,0.1319339758410919,0.0610566114914747,0.4494736842105263,0.2331578947368421,0.3173684210526316,2024-08-16T00:00:00+00:00,3800,2024-05-19T15:00:00+00:00,False
ENG_PL::26946,2025-05-03 11:30:00+00:00,2024,frozen_dc,0,0.5050524410326687,0.2382823729757065,0.2566651859916247,0.4494736842105263,0.2331578947368421,0.3173684210526316,2024-08-16T00:00:00+00:00,3800,2024-05-19T15:00:00+00:00,False
ENG_PL::26950,2025-05-03 14:00:00+00:00,2024,frozen_dc,1,0.4423556442177339,0.2539730916969558,0.3036712640853103,0.4494736842105263,0.2331578947368421,0.3173684210526316,2024-08-16T00:00:00+00:00,3800,2024-05-19T15:00:00+00:00,True
ENG_PL::26951,2025-05-03 14:00:00+00:00,2024,frozen_dc,0,0.501535704490098,0.2639394926395294,0.2345248028703724,0.4494736842105263,0.2331578947368421,0.3173684210526316,2024-08-16T00:00:00+00:00,3800,2024-05-19T15:00:00+00:00,False
ENG_PL::26945,2025-05-03 16:30:00+00:00,2024,frozen_dc,2,0.6903285219900419,0.1868519706387384,0.1228195073712195,0.4494736842105263,0.2331578947368421,0.3173684210526316,2024-08-16T00:00:00+00:00,3800,2024-05-19T15:00:00+00:00,False
ENG_PL::26944,2025-05-04 13:00:00+00:00,2024,frozen_dc,1,0.3959216396743,0.2371055770555276,0.3669727832701723,0.4494736842105263,0.2331578947368421,0.3173684210526316,2024-08-16T00:00:00+00:00,3800,2024-05-19T15:00:00+00:00,False
ENG_PL::26947,2025-05-04 13:00:00+00:00,2024,frozen_dc,0,0.4900262739994897,0.2296551896826335,0.2803185363178767,0.4494736842105263,0.2331578947368421,0.3173684210526316,2024-08-16T00:00:00+00:00,3800,2024-05-19T15:00:00+00:00,False
ENG_PL::26943,2025-05-04 13:00:00+00:00,2024,frozen_dc,1,0.3197079729079726,0.2337367058275927,0.4465553212644344,0.4494736842105263,0.2331578947368421,0.3173684210526316,2024-08-16T00:00:00+00:00,3800,2024-05-19T15:00:00+00:00,False
ENG_PL::26948,2025-05-04 15:30:00+00:00,2024,frozen_dc,0,0.3217686552561804,0.2205451220009856,0.457686222742834,0.4494736842105263,0.2331578947368421,0.3173684210526316,2024-08-16T00:00:00+00:00,3800,2024-05-19T15:00:00+00:00,False
ENG_PL::26949,2025-05-05 19:00:00+00:00,2024,frozen_dc,1,0.4324831939416721,0.2785859519172081,0.28893085414112,0.4494736842105263,0.2331578947368421,0.3173684210526316,2024-08-16T00:00:00+00:00,3800,2024-05-19T15:00:00+00:00,False
ENG_PL::26953,2025-05-10 14:00:00+00:00,2024,frozen_dc,2,0.3924273208877783,0.2608231122974594,0.3467495668147621,0.4494736842105263,0.2331578947368421,0.3173684210526316,2024-08-16T00:00:00+00:00,3800,2024-05-19T15:00:00+00:00,False
ENG_PL::26954,2025-05-10 14:00:00+00:00,2024,frozen_dc,2,0.4014213148309946,0.2508512966652754,0.3477273885037301,0.4494736842105263,0.2331578947368421,0.3173684210526316,2024-08-16T00:00:00+00:00,3800,2024-05-19T15:00:00+00:00,True
ENG_PL::26959,2025-05-10 14:00:00+00:00,2024,frozen_dc,1,0.1261526149581815,0.2051707599911719,0.6686766250506466,0.4494736842105263,0.2331578947368421,0.3173684210526316,2024-08-16T00:00:00+00:00,3800,2024-05-19T15:00:00+00:00,False
ENG_PL::26961,2025-05-10 14:00:00+00:00,2024,frozen_dc,2,0.2702903293871713,0.2521452496715888,0.4775644209412398,0.4494736842105263,0.2331578947368421,0.3173684210526316,2024-08-16T00:00:00+00:00,3800,2024-05-19T15:00:00+00:00,False
ENG_PL::26955,2025-05-10 16:30:00+00:00,2024,frozen_dc,2,0.441077992068688,0.2389425063418733,0.3199795015894386,0.4494736842105263,0.2331578947368421,0.3173684210526316,2024-08-16T00:00:00+00:00,3800,2024-05-19T15:00:00+00:00,False
ENG_PL::26957,2025-05-11 11:00:00+00:00,2024,frozen_dc,0,0.4998072192752627,0.2166357661829694,0.2835570145417679,0.4494736842105263,0.2331578947368421,0.3173684210526316,2024-08-16T00:00:00+00:00,3800,2024-05-19T15:00:00+00:00,False
ENG_PL::26960,2025-05-11 13:15:00+00:00,2024,frozen_dc,2,0.511429318707779,0.2402359497063049,0.2483347315859161,0.4494736842105263,0.2331578947368421,0.3173684210526316,2024-08-16T00:00:00+00:00,3800,2024-05-19T15:00:00+00:00,False
ENG_PL::26958,2025-05-11 13:15:00+00:00,2024,frozen_dc,1,0.4269832556051088,0.2730417867768956,0.2999749576179956,0.4494736842105263,0.2331578947368421,0.3173684210526316,2024-08-16T00:00:00+00:00,3800,2024-05-19T15:00:00+00:00,False
ENG_PL::26956,2025-05-11 13:15:00+00:00,2024,frozen_dc,2,0.5223258708714185,0.224905913695347,0.2527682154332346,0.4494736842105263,0.2331578947368421,0.3173684210526316,2024-08-16T00:00:00+00:00,3800,2024-05-19T15:00:00+00:00,False
ENG_PL::26952,2025-05-11 15:30:00+00:00,2024,frozen_dc,1,0.3932269494677728,0.2488188844102656,0.3579541661219615,0.4494736842105263,0.2331578947368421,0.3173684210526316,2024-08-16T00:00:00+00:00,3800,2024-05-19T15:00:00+00:00,False
ENG_PL::26963,2025-05-16 18:30:00+00:00,2024,frozen_dc,0,0.3993311279096099,0.2330704569006015,0.3675984151897886,0.4494736842105263,0.2331578947368421,0.3173684210526316,2024-08-16T00:00:00+00:00,3800,2024-05-19T15:00:00+00:00,False
ENG_PL::26966,2025-05-16 19:15:00+00:00,2024,frozen_dc,0,0.5487379344013622,0.2114803303910696,0.2397817352075682,0.4494736842105263,0.2331578947368421,0.3173684210526316,2024-08-16T00:00:00+00:00,3800,2024-05-19T15:00:00+00:00,False
ENG_PL::26968,2025-05-18 11:00:00+00:00,2024,frozen_dc,0,0.5259492546162513,0.2512980866149689,0.2227526587687797,0.4494736842105263,0.2331578947368421,0.3173684210526316,2024-08-16T00:00:00+00:00,3800,2024-05-19T15:00:00+00:00,False
ENG_PL::26971,2025-05-18 13:15:00+00:00,2024,frozen_dc,2,0.3891778768900428,0.2627436553781549,0.3480784677318024,0.4494736842105263,0.2331578947368421,0.3173684210526316,2024-08-16T00:00:00+00:00,3800,2024-05-19T15:00:00+00:00,False
ENG_PL::26969,2025-05-18 14:00:00+00:00,2024,frozen_dc,0,0.4201342865687118,0.2635939990220491,0.3162717144092388,0.4494736842105263,0.2331578947368421,0.3173684210526316,2024-08-16T00:00:00+00:00,3800,2024-05-19T15:00:00+00:00,True
ENG_PL::26964,2025-05-18 14:00:00+00:00,2024,frozen_dc,2,0.5256126058781535,0.2361506185794312,0.2382367755424153,0.4494736842105263,0.2331578947368421,0.3173684210526316,2024-08-16T00:00:00+00:00,3800,2024-05-19T15:00:00+00:00,False
ENG_PL::26962,2025-05-18 15:30:00+00:00,2024,frozen_dc,0,0.5999096833627229,0.2133735214754409,0.1867167951618362,0.4494736842105263,0.2331578947368421,0.3173684210526316,2024-08-16T00:00:00+00:00,3800,2024-05-19T15:00:00+00:00,False
ENG_PL::26965,2025-05-19 19:00:00+00:00,2024,frozen_dc,0,0.2968810295531517,0.2293390107629968,0.4737799596838515,0.4494736842105263,0.2331578947368421,0.3173684210526316,2024-08-16T00:00:00+00:00,3800,2024-05-19T15:00:00+00:00,False
ENG_PL::26967,2025-05-20 19:00:00+00:00,2024,frozen_dc,0,0.5353095130896934,0.253677147194892,0.2110133397154147,0.4494736842105263,0.2331578947368421,0.3173684210526316,2024-08-16T00:00:00+00:00,3800,2024-05-19T15:00:00+00:00,False
ENG_PL::26970,2025-05-20 19:00:00+00:00,2024,frozen_dc,0,0.7266501816904557,0.1677465137380067,0.1056033045715376,0.4494736842105263,0.2331578947368421,0.3173684210526316,2024-08-16T00:00:00+00:00,3800,2024-05-19T15:00:00+00:00,False
ENG_PL::26973,2025-05-25 15:00:00+00:00,2024,frozen_dc,2,0.5760405208360089,0.2124923164639847,0.2114671627000065,0.4494736842105263,0.2331578947368421,0.3173684210526316,2024-08-16T00:00:00+00:00,3800,2024-05-19T15:00:00+00:00,False
ENG_PL::26974,2025-05-25 15:00:00+00:00,2024,frozen_dc,0,0.4428153947788551,0.2332826250002891,0.3239019802208557,0.4494736842105263,0.2331578947368421,0.3173684210526316,2024-08-16T00:00:00+00:00,3800,2024-05-19T15:00:00+00:00,False
ENG_PL::26975,2025-05-25 15:00:00+00:00,2024,frozen_dc,1,0.6633757243845513,0.191902386132593,0.1447218894828555,0.4494736842105263,0.2331578947368421,0.3173684210526316,2024-08-16T00:00:00+00:00,3800,2024-05-19T15:00:00+00:00,False
ENG_PL::26978,2025-05-25 15:00:00+00:00,2024,frozen_dc,1,0.2902163527071357,0.2517844358981461,0.4579992113947183,0.4494736842105263,0.2331578947368421,0.3173684210526316,2024-08-16T00:00:00+00:00,3800,2024-05-19T15:00:00+00:00,False
ENG_PL::26972,2025-05-25 15:00:00+00:00,2024,frozen_dc,2,0.345928738458767,0.2519567343241355,0.4021145272170973,0.4494736842105263,0.2331578947368421,0.3173684210526316,2024-08-16T00:00:00+00:00,3800,2024-05-19T15:00:00+00:00,False
ENG_PL::26979,2025-05-25 15:00:00+00:00,2024,frozen_dc,0,0.4608419653866389,0.2520124561121742,0.2871455785011869,0.4494736842105263,0.2331578947368421,0.3173684210526316,2024-08-16T00:00:00+00:00,3800,2024-05-19T15:00:00+00:00,False
ENG_PL::26980,2025-05-25 15:00:00+00:00,2024,frozen_dc,2,0.5016530427773399,0.2398399835071926,0.2585069737154672,0.4494736842105263,0.2331578947368421,0.3173684210526316,2024-08-16T00:00:00+00:00,3800,2024-05-19T15:00:00+00:00,True
ENG_PL::26981,2025-05-25 15:00:00+00:00,2024,frozen_dc,2,0.1551312913615472,0.212892707028899,0.6319760016095536,0.4494736842105263,0.2331578947368421,0.3173684210526316,2024-08-16T00:00:00+00:00,3800,2024-05-19T15:00:00+00:00,False
ENG_PL::26977,2025-05-25 15:00:00+00:00,2024,frozen_dc,2,0.1434829657499396,0.2241768985155267,0.6323401357345334,0.4494736842105263,0.2331578947368421,0.3173684210526316,2024-08-16T00:00:00+00:00,3800,2024-05-19T15:00:00+00:00,False
ENG_PL::26976,2025-05-25 15:00:00+00:00,2024,frozen_dc,2,0.4620696623775739,0.2341602555951653,0.3037700820272605,0.4494736842105263,0.2331578947368421,0.3173684210526316,2024-08-16T00:00:00+00:00,3800,2024-05-19T15:00:00+00:00,False
ENG_PL::26602,2024-08-16 19:00:00+00:00,2024,walk_forward_dc,0,0.4987791150709986,0.2342677504886096,0.2669531344403917,0.4494736842105263,0.2331578947368421,0.3173684210526316,2024-08-16T00:00:00+00:00,3800,2024-05-19T15:00:00+00:00,False
ENG_PL::26603,2024-08-17 11:30:00+00:00,2024,walk_forward_dc,2,0.2395053631644475,0.2177169119947597,0.5427777248407926,0.4496185214417258,0.2330965535385425,0.3172849250197316,2024-08-17T00:00:00+00:00,3801,2024-08-16T19:00:00+00:00,True
ENG_PL::26606,2024-08-17 14:00:00+00:00,2024,walk_forward_dc,0,0.6653032978836892,0.1913322779874537,0.143364424128857,0.4496185214417258,0.2330965535385425,0.3172849250197316,2024-08-17T00:00:00+00:00,3801,2024-08-16T19:00:00+00:00,False
ENG_PL::26607,2024-08-17 14:00:00+00:00,2024,walk_forward_dc,1,0.4178675780994536,0.25719780473152,0.3249346171690265,0.4496185214417258,0.2330965535385425,0.3172849250197316,2024-08-17T00:00:00+00:00,3801,2024-08-16T19:00:00+00:00,False
ENG_PL::26604,2024-08-17 14:00:00+00:00,2024,walk_forward_dc,0,0.7754069595904838,0.1516457764066558,0.0729472640028605,0.4496185214417258,0.2330965535385425,0.3172849250197316,2024-08-17T00:00:00+00:00,3801,2024-08-16T19:00:00+00:00,False
ENG_PL::26605,2024-08-17 14:00:00+00:00,2024,walk_forward_dc,2,0.3797974184587427,0.2577501512540626,0.3624524302871945,0.4496185214417258,0.2330965535385425,0.3172849250197316,2024-08-17T00:00:00+00:00,3801,2024-08-16T19:00:00+00:00,False
ENG_PL::26608,2024-08-17 16:30:00+00:00,2024,walk_forward_dc,2,0.3698075694173471,0.2459452279814191,0.3842472026012338,0.4496185214417258,0.2330965535385425,0.3172849250197316,2024-08-17T00:00:00+00:00,3801,2024-08-16T19:00:00+00:00,False
ENG_PL::26609,2024-08-18 13:00:00+00:00,2024,walk_forward_dc,0,0.4659667483649758,0.2604560654198755,0.2735771862151482,0.4494352508536905,0.2329918571053323,0.3175728920409771,2024-08-18T00:00:00+00:00,3807,2024-08-17T16:30:00+00:00,False
ENG_PL::26610,2024-08-18 15:30:00+00:00,2024,walk_forward_dc,2,0.2423273914870546,0.2339476892459381,0.5237249192670074,0.4494352508536905,0.2329918571053323,0.3175728920409771,2024-08-18T00:00:00+00:00,3807,2024-08-17T16:30:00+00:00,False
ENG_PL::26611,2024-08-19 19:00:00+00:00,2024,walk_forward_dc,1,0.3571951785635784,0.250109783367834,0.3926950380685876,0.4494618009976371,0.2328695195589393,0.3176686794434235,2024-08-19T00:00:00+00:00,3809,2024-08-18T15:30:00+00:00,False
ENG_PL::26612,2024-08-24 11:30:00+00:00,2024,walk_forward_dc,0,0.5102665477643387,0.2314736950099018,0.2582597572257595,0.4493438320209973,0.2330708661417322,0.3175853018372703,2024-08-24T00:00:00+00:00,3810,2024-08-19T19:00:00+00:00,False
ENG_PL::26613,2024-08-24 14:00:00+00:00,2024,walk_forward_dc,2,0.4929073293314978,0.2544265873878001,0.252666083280702,0.4493438320209973,0.2330708661417322,0.3175853018372703,2024-08-24T00:00:00+00:00,3810,2024-08-19T19:00:00+00:00,False
ENG_PL::26614,2024-08-24 14:00:00+00:00,2024,walk_forward_dc,0,0.3975455472864712,0.2726623964135303,0.3297920562999987,0.4493438320209973,0.2330708661417322,0.3175853018372703,2024-08-24T00:00:00+00:00,3810,2024-08-19T19:00:00+00:00,False
ENG_PL::26615,2024-08-24 14:00:00+00:00,2024,walk_forward_dc,0,0.9042398375309522,0.0696128993508314,0.0261472631182163,0.4493438320209973,0.2330708661417322,0.3175853018372703,2024-08-24T00:00:00+00:00,3810,2024-08-19T19:00:00+00:00,False
ENG_PL::26616,2024-08-24 14:00:00+00:00,2024,walk_forward_dc,2,0.3893655964045787,0.2826462440055361,0.3279881595898851,0.4493438320209973,0.2330708661417322,0.3175853018372703,2024-08-24T00:00:00+00:00,3810,2024-08-19T19:00:00+00:00,False
ENG_PL::26617,2024-08-24 14:00:00+00:00,2024,walk_forward_dc,0,0.5321808440052358,0.2267871956759332,0.2410319603188312,0.4493438320209973,0.2330708661417322,0.3175853018372703,2024-08-24T00:00:00+00:00,3810,2024-08-19T19:00:00+00:00,False
ENG_PL::26618,2024-08-24 16:30:00+00:00,2024,walk_forward_dc,2,0.2194571558904469,0.2378525414718568,0.5426903026376961,0.4493438320209973,0.2330708661417322,0.3175853018372703,2024-08-24T00:00:00+00:00,3810,2024-08-19T19:00:00+00:00,False
ENG_PL::26619,2024-08-25 13:00:00+00:00,2024,walk_forward_dc,2,0.2513546667698528,0.2379017251092631,0.5107436081208838,0.4495677233429395,0.2326434372543882,0.3177888394026723,2024-08-25T00:00:00+00:00,3817,2024-08-24T16:30:00+00:00,False
ENG_PL::26620,2024-08-25 13:00:00+00:00,2024,walk_forward_dc,1,0.3632763164597368,0.232220974682075,0.4045027088581879,0.4495677233429395,0.2326434372543882,0.3177888394026723,2024-08-25T00:00:00+00:00,3817,2024-08-24T16:30:00+00:00,False
ENG_PL::26621,2024-08-25 15:30:00+00:00,2024,walk_forward_dc,0,0.660239111499991,0.1819559006386421,0.1578049878613666,0.4495677233429395,0.2326434372543882,0.3177888394026723,2024-08-25T00:00:00+00:00,3817,2024-08-24T16:30:00+00:00,False
ENG_PL::26622,2024-08-31 11:30:00+00:00,2024,walk_forward_dc,1,0.6055398199485258,0.2261059557709413,0.1683542242805328,0.4494764397905759,0.2327225130890052,0.3178010471204188,2024-08-31T00:00:00+00:00,3820,2024-08-25T15:30:00+00:00,False
ENG_PL::26626,2024-08-31 14:00:00+00:00,2024,walk_forward_dc,2,0.3732866342466186,0.2592513969829797,0.3674619687704016,0.4494764397905759,0.2327225130890052,0.3178010471204188,2024-08-31T00:00:00+00:00,3820,2024-08-25T15:30:00+00:00,False
ENG_PL::26625,2024-08-31 14:00:00+00:00,2024,walk_forward_dc,1,0.283304382292282,0.2574464291824728,0.4592491885252452,0.4494764397905759,0.2327225130890052,0.3178010471204188,2024-08-31T00:00:00+00:00,3820,2024-08-25T15:30:00+00:00,False
ENG_PL::26627,2024-08-31 14:00:00+00:00,2024,walk_forward_dc,1,0.5290870354364862,0.2487211634303683,0.2221918011331454,0.4494764397905759,0.2327225130890052,0.3178010471204188,2024-08-31T00:00:00+00:00,3820,2024-08-25T15:30:00+00:00,False
ENG_PL::26623,2024-08-31 14:00:00+00:00,2024,walk_forward_dc,0,0.5550845222239328,0.2399627291415681,0.204952748634499,0.4494764397905759,0.2327225130890052,0.3178010471204188,2024-08-31T00:00:00+00:00,3820,2024-08-25T15:30:00+00:00,False
ENG_PL::26624,2024-08-31 14:00:00+00:00,2024,walk_forward_dc,2,0.4040682833544801,0.250723823019112,0.3452078936264079,0.4494764397905759,0.2327225130890052,0.3178010471204188,2024-08-31T00:00:00+00:00,3820,2024-08-25T15:30:00+00:00,False
ENG_PL::26628,2024-08-31 16:30:00+00:00,2024,walk_forward_dc,2,0.1456817078914149,0.2016220347074006,0.6526962574011845,0.4494764397905759,0.2327225130890052,0.3178010471204188,2024-08-31T00:00:00+00:00,3820,2024-08-25T15:30:00+00:00,False
ENG_PL::26629,2024-09-01 12:30:00+00:00,2024,walk_forward_dc,0,0.4758730619407901,0.2204923698554596,0.3036345682037503,0.4489155996864384,0.2330807420956362,0.3180036582179252,2024-09-01T00:00:00+00:00,3827,2024-08-31T16:30:00+00:00,False
ENG_PL::26630,2024-09-01 12:30:00+00:00,2024,walk_forward_dc,1,0.5149886319838001,0.2439132545951881,0.2410981134210117,0.4489155996864384,0.2330807420956362,0.3180036582179252,2024-09-01T00:00:00+00:00,3827,2024-08-31T16:30:00+00:00,False
ENG_PL::26631,2024-09-01 15:00:00+00:00,2024,walk_forward_dc,2,0.230457311947858,0.2064880656202608,0.5630546224318811,0.4489155996864384,0.2330807420956362,0.3180036582179252,2024-09-01T00:00:00+00:00,3827,2024-08-31T16:30:00+00:00,False
ENG_PL::26632,2024-09-14 11:30:00+00:00,2024,walk_forward_dc,2,0.3147334478008491,0.2487083364153141,0.4365582157838368,0.4488250652741514,0.2331592689295039,0.3180156657963446,2024-09-14T00:00:00+00:00,3830,2024-09-01T15:00:00+00:00,False
ENG_PL::26634,2024-09-14 14:00:00+00:00,2024,walk_forward_dc,1,0.4511851037961746,0.2514846800009742,0.297330216202851,0.4488250652741514,0.2331592689295039,0.3180156657963446,2024-09-14T00:00:00+00:00,3830,2024-09-01T15:00:00+00:00,False
ENG_PL::26633,2024-09-14 14:00:00+00:00,2024,walk_forward_dc,1,0.7061501555535852,0.1840349956672142,0.1098148487792006,0.4488250652741514,0.2331592689295039,0.3180156657963446,2024-09-14T00:00:00+00:00,3830,2024-09-01T15:00:00+00:00,False
ENG_PL::26636,2024-09-14 14:00:00+00:00,2024,walk_forward_dc,1,0.4523117683787802,0.2791174349120328,0.2685707967091874,0.4488250652741514,0.2331592689295039,0.3180156657963446,2024-09-14T00:00:00+00:00,3830,2024-09-01T15:00:00+00:00,False
ENG_PL::26637,2024-09-14 14:00:00+00:00,2024,walk_forward_dc,0,0.6855499662628556,0.1877359509007239,0.1267140828364205,0.4488250652741514,0.2331592689295039,0.3180156657963446,2024-09-14T00:00:00+00:00,3830,2024-09-01T15:00:00+00:00,False
ENG_PL::26635,2024-09-14 14:00:00+00:00,2024,walk_forward_dc,2,0.6759237243481325,0.1853731051125786,0.1387031705392889,0.4488250652741514,0.2331592689295039,0.3180156657963446,2024-09-14T00:00:00+00:00,3830,2024-09-01T15:00:00+00:00,False
ENG_PL::26638,2024-09-14 16:30:00+00:00,2024,walk_forward_dc,0,0.4903957578552476,0.2390999172655917,0.2705043248791606,0.4488250652741514,0.2331592689295039,0.3180156657963446,2024-09-14T00:00:00+00:00,3830,2024-09-01T15:00:00+00:00,False
ENG_PL::26639,2024-09-14 19:00:00+00:00,2024,walk_forward_dc,2,0.3759535912595541,0.2320498382071582,0.3919965705332877,0.4488250652741514,0.2331592689295039,0.3180156657963446,2024-09-14T00:00:00+00:00,3830,2024-09-01T15:00:00+00:00,False
ENG_PL::26640,2024-09-15 13:00:00+00:00,2024,walk_forward_dc,2,0.2676018390809073,0.2460804481553585,0.4863177127637341,0.4484106305367379,0.2334549244398124,0.3181344450234497,2024-09-15T00:00:00+00:00,3838,2024-09-14T19:00:00+00:00,False
ENG_PL::26641,2024-09-15 15:30:00+00:00,2024,walk_forward_dc,2,0.2481793989187332,0.2310037805511331,0.5208168205301336,0.4484106305367379,0.2334549244398124,0.3181344450234497,2024-09-15T00:00:00+00:00,3838,2024-09-14T19:00:00+00:00,False
ENG_PL::26642,2024-09-21 11:30:00+00:00,2024,walk_forward_dc,2,0.2726329264952474,0.2293900293688971,0.4979770441358556,0.4481770833333333,0.2333333333333333,0.3184895833333333,2024-09-21T00:00:00+00:00,3840,2024-09-15T15:30:00+00:00,False
ENG_PL::26645,2024-09-21 14:00:00+00:00,2024,walk_forward_dc,0,0.6712566331625184,0.1773113898133737,0.1514319770241076,0.4481770833333333,0.2333333333333333,0.3184895833333333,2024-09-21T00:00:00+00:00,3840,2024-09-15T15:30:00+00:00,False
ENG_PL::26647,2024-09-21 14:00:00+00:00,2024,walk_forward_dc,0,0.5747358739854951,0.2235548948854473,0.2017092311290578,0.4481770833333333,0.2333333333333333,0.3184895833333333,2024-09-21T00:00:00+00:00,3840,2024-09-15T15:30:00+00:00,False
ENG_PL::26648,2024-09-21 14:00:00+00:00,2024,walk_forward_dc,0,0.4782251791412731,0.2329614319500479,0.2888133889086789,0.4481770833333333,0.2333333333333333,0.3184895833333333,2024-09-21T00:00:00+00:00,3840,2024-09-15T15:30:00+00:00,False
ENG_PL::26646,2024-09-21 14:00:00+00:00,2024,walk_forward_dc,0,0.3156250077846749,0.2417070952343834,0.4426678969809415,0.4481770833333333,0.2333333333333333,0.3184895833333333,2024-09-21T00:00:00+00:00,3840,2024-09-15T15:30:00+00:00,False
ENG_PL::26644,2024-09-21 14:00:00+00:00,2024,walk_forward_dc,1,0.3929163666528613,0.2641191211143506,0.3429645122327882,0.4481770833333333,0.2333333333333333,0.3184895833333333,2024-09-21T00:00:00+00:00,3840,2024-09-15T15:30:00+00:00,False
ENG_PL::26643,2024-09-21 14:00:00+00:00,2024,walk_forward_dc,1,0.4664361472936355,0.2720395646790258,0.2615242880273385,0.4481770833333333,0.2333333333333333,0.3184895833333333,2024-09-21T00:00:00+00:00,3840,2024-09-15T15:30:00+00:00,False
ENG_PL::26649,2024-09-21 16:30:00+00:00,2024,walk_forward_dc,1,0.387480466687465,0.2590896991875512,0.3534298341249837,0.4481770833333333,0.2333333333333333,0.3184895833333333,2024-09-21T00:00:00+00:00,3840,2024-09-15T15:30:00+00:00,False
ENG_PL::26650,2024-09-22 13:00:00+00:00,2024,walk_forward_dc,1,0.4806731182419325,0.2615666520770492,0.2577602296810183,0.4482848232848233,0.2336278586278586,0.3180873180873181,2024-09-22T00:00:00+00:00,3848,2024-09-21T16:30:00+00:00,False
ENG_PL::26651,2024-09-22 15:30:00+00:00,2024,walk_forward_dc,1,0.4430811584333352,0.2785695768836302,0.2783492646830344,0.4482848232848233,0.2336278586278586,0.3180873180873181,2024-09-22T00:00:00+00:00,3848,2024-09-21T16:30:00+00:00,False
ENG_PL::26652,2024-09-28 11:30:00+00:00,2024,walk_forward_dc,1,0.2305100063637795,0.2273301125035592,0.5421598811326611,0.448051948051948,0.234025974025974,0.3179220779220779,2024-09-28T00:00:00+00:00,3850,2024-09-22T15:30:00+00:00,False
ENG_PL::26653,2024-09-28 14:00:00+00:00,2024,walk_forward_dc,2,0.4297278307867614,0.2728236388893887,0.2974485303238497,0.448051948051948,0.234025974025974,0.3179220779220779,2024-09-28T00:00:00+00:00,3850,2024-09-22T15:30:00+00:00,False
ENG_PL::26654,2024-09-28 14:00:00+00:00,2024,walk_forward_dc,0,0.4145716585731537,0.2686598988896196,0.3167684425372266,0.448051948051948,0.234025974025974,0.3179220779220779,2024-09-28T00:00:00+00:00,3850,2024-09-22T15:30:00+00:00,False
ENG_PL::26655,2024-09-28 14:00:00+00:00,2024,walk_forward_dc,0,0.7021733846049669,0.189281855691187,0.1085447597038457,0.448051948051948,0.234025974025974,0.3179220779220779,2024-09-28T00:00:00+00:00,3850,2024-09-22T15:30:00+00:00,False
ENG_PL::26656,2024-09-28 14:00:00+00:00,2024,walk_forward_dc,1,0.5515801878898342,0.2231355379817327,0.225284274128433,0.448051948051948,0.234025974025974,0.3179220779220779,2024-09-28T00:00:00+00:00,3850,2024-09-22T15:30:00+00:00,False
ENG_PL::26657,2024-09-28 14:00:00+00:00,2024,walk_forward_dc,0,0.4610995073589778,0.2435102527375906,0.2953902399034316,0.448051948051948,0.234025974025974,0.3179220779220779,2024-09-28T00:00:00+00:00,3850,2024-09-22T15:30:00+00:00,False
ENG_PL::26658,2024-09-28 16:30:00+00:00,2024,walk_forward_dc,2,0.1494797477411321,0.192816222355747,0.6577040299031209,0.448051948051948,0.234025974025974,0.3179220779220779,2024-09-28T00:00:00+00:00,3850,2024-09-22T15:30:00+00:00,False
ENG_PL::26659,2024-09-29 13:00:00+00:00,2024,walk_forward_dc,1,0.2057758980861505,0.2209427327835071,0.5732813691303424,0.4480165932071558,0.234119782214156,0.3178636245786881,2024-09-29T00:00:00+00:00,3857,2024-09-28T16:30:00+00:00,False
ENG_PL::26660,2024-09-29 15:30:00+00:00,2024,walk_forward_dc,2,0.3784579549616298,0.2315984853869192,0.3899435596514509,0.4480165932071558,0.234119782214156,0.3178636245786881,2024-09-29T00:00:00+00:00,3857,2024-09-28T16:30:00+00:00,False
ENG_PL::26661,2024-09-30 19:00:00+00:00,2024,walk_forward_dc,0,0.5966412286781727,0.212840269064777,0.1905185022570504,0.4477844001036538,0.2342575796838559,0.3179580202124902,2024-09-30T00:00:00+00:00,3859,2024-09-29T15:30:00+00:00,False
ENG_PL::26662,2024-10-05 11:30:00+00:00,2024,walk_forward_dc,2,0.2105734409102243,0.2292031953254102,0.5602233637643654,0.4479274611398964,0.2341968911917098,0.3178756476683937,2024-10-05T00:00:00+00:00,3860,2024-09-30T19:00:00+00:00,False
ENG_PL::26667,2024-10-05 14:00:00+00:00,2024,walk_forward_dc,0,0.5496848779950259,0.2369632794703737,0.2133518425346002,0.4479274611398964,0.2341968911917098,0.3178756476683937,2024-10-05T00:00:00+00:00,3860,2024-09-30T19:00:00+00:00,False
ENG_PL::26665,2024-10-05 14:00:00+00:00,2024,walk_forward_dc,0,0.516062339737386,0.2366866546935021,0.2472510055691117,0.4479274611398964,0.2341968911917098,0.3178756476683937,2024-10-05T00:00:00+00:00,3860,2024-09-30T19:00:00+00:00,False
ENG_PL::26666,2024-10-05 14:00:00+00:00,2024,walk_forward_dc,0,0.7832821940954283,0.1448405649291846,0.0718772409753872,0.4479274611398964,0.2341968911917098,0.3178756476683937,2024-10-05T00:00:00+00:00,3860,2024-09-30T19:00:00+00:00,False
ENG_PL::26663,2024-10-05 14:00:00+00:00,2024,walk_forward_dc,0,0.3024660641841786,0.2434321334817063,0.4541018023341151,0.4479274611398964,0.2341968911917098,0.3178756476683937,2024-10-05T00:00:00+00:00,3860,2024-09-30T19:00:00+00:00,False
ENG_PL::26664,2024-10-05 14:00:00+00:00,2024,walk_forward_dc,0,0.710951632915259,0.1835525349878566,0.1054958320968841,0.4479274611398964,0.2341968911917098,0.3178756476683937,2024-10-05T00:00:00+00:00,3860,2024-09-30T19:00:00+00:00,False
ENG_PL::26669,2024-10-05 16:30:00+00:00,2024,walk_forward_dc,1,0.3334017407669528,0.2395865285637121,0.4270117306693349,0.4479274611398964,0.2341968911917098,0.3178756476683937,2024-10-05T00:00:00+00:00,3860,2024-09-30T19:00:00+00:00,False
ENG_PL::26668,2024-10-06 13:00:00+00:00,2024,walk_forward_dc,1,0.5341391240483565,0.2409809676368126,0.2248799083148308,0.4484096198603569,0.2340315490043961,0.3175588311352469,2024-10-06T00:00:00+00:00,3867,2024-10-05T16:30:00+00:00,False
ENG_PL::26670,2024-10-06 13:00:00+00:00,2024,walk_forward_dc,1,0.4860357939115499,0.2262024918676215,0.2877617142208284,0.4484096198603569,0.2340315490043961,0.3175588311352469,2024-10-06T00:00:00+00:00,3867,2024-10-05T16:30:00+00:00,False
ENG_PL::26671,2024-10-06 15:30:00+00:00,2024,walk_forward_dc,0,0.3856157238189027,0.2429369096981923,0.3714473664829049,0.4484096198603569,0.2340315490043961,0.3175588311352469,2024-10-06T00:00:00+00:00,3867,2024-10-05T16:30:00+00:00,False
ENG_PL::26672,2024-10-19 11:30:00+00:00,2024,walk_forward_dc,0,0.6336505325249302,0.1924108015182193,0.1739386659568505,0.4483204134366925,0.2343669250645995,0.317312661498708,2024-10-19T00:00:00+00:00,3870,2024-10-06T15:30:00+00:00,False
ENG_PL::26676,2024-10-19 14:00:00+00:00,2024,walk_forward_dc,2,0.4495492882156399,0.2404285869855133,0.3100221247988468,0.4483204134366925,0.2343669250645995,0.317312661498708,2024-10-19T00:00:00+00:00,3870,2024-10-06T15:30:00+00:00,False
ENG_PL::26675,2024-10-19 14:00:00+00:00,2024,walk_forward_dc,0,0.4147667973702783,0.2381463216370307,0.3470868809926909,0.4483204134366925,0.2343669250645995,0.317312661498708,2024-10-19T00:00:00+00:00,3870,2024-10-06T15:30:00+00:00,False
ENG_PL::26678,2024-10-19 14:00:00+00:00,2024,walk_forward_dc,2,0.4239933132554961,0.2556553508712996,0.3203513358732041,0.4483204134366925,0.2343669250645995,0.317312661498708,2024-10-19T00:00:00+00:00,3870,2024-10-06T15:30:00+00:00,False
ENG_PL::26673,2024-10-19 14:00:00+00:00,2024,walk_forward_dc,2,0.4015273401890734,0.256886550706265,0.3415861091046617,0.4483204134366925,0.2343669250645995,0.317312661498708,2024-10-19T00:00:00+00:00,3870,2024-10-06T15:30:00+00:00,False
ENG_PL::26674,2024-10-19 14:00:00+00:00,2024,walk_forward_dc,2,0.2703813473637771,0.2366520990929872,0.4929665535432355,0.4483204134366925,0.2343669250645995,0.317312661498708,2024-10-19T00:00:00+00:00,3870,2024-10-06T15:30:00+00:00,False
ENG_PL::26680,2024-10-19 16:30:00+00:00,2024,walk_forward_dc,0,0.2228789355905975,0.2337017380588776,0.5434193263505248,0.4483204134366925,0.2343669250645995,0.317312661498708,2024-10-19T00:00:00+00:00,3870,2024-10-06T15:30:00+00:00,False
ENG_PL::26681,2024-10-20 13:00:00+00:00,2024,walk_forward_dc,2,0.1254256873445137,0.1995336814757691,0.6750406311797174,0.4482847562548362,0.2339437709569254,0.3177714727882383,2024-10-20T00:00:00+00:00,3877,2024-10-19T16:30:00+00:00,False
ENG_PL::26679,2024-10-20 15:30:00+00:00,2024,walk_forward_dc,0,0.5853671308647178,0.2036429900030043,0.210989879132278,0.4482847562548362,0.2339437709569254,0.3177714727882383,2024-10-20T00:00:00+00:00,3877,2024-10-19T16:30:00+00:00,False
ENG_PL::26677,2024-10-21 19:00:00+00:00,2024,walk_forward_dc,0,0.4323107991445126,0.2830903331314964,0.2845988677239908,0.4483114204691931,0.2338231502964681,0.3178654292343387,2024-10-21T00:00:00+00:00,3879,2024-10-20T15:30:00+00:00,False
ENG_PL::26682,2024-10-25 19:00:00+00:00,2024,walk_forward_dc,2,0.3087497663695469,0.2639044708061934,0.4273457628242596,0.4484536082474227,0.2337628865979381,0.3177835051546391,2024-10-25T00:00:00+00:00,3880,2024-10-21T19:00:00+00:00,False
ENG_PL::26683,2024-10-26 14:00:00+00:00,2024,walk_forward_dc,0,0.7978976164301614,0.1343108130152827,0.0677915705545559,0.4483380572017521,0.2337026539551662,0.3179592888430816,2024-10-26T00:00:00+00:00,3881,2024-10-25T19:00:00+00:00,False
ENG_PL::26684,2024-10-26 14:00:00+00:00,2024,walk_forward_dc,1,0.4351830974471546,0.24379366692404,0.3210232356288052,0.4483380572017521,0.2337026539551662,0.3179592888430816,2024-10-26T00:00:00+00:00,3881,2024-10-25T19:00:00+00:00,False
ENG_PL::26685,2024-10-26 14:00:00+00:00,2024,walk_forward_dc,0,0.6852111548355398,0.1780457179569453,0.1367431272075146,0.4483380572017521,0.2337026539551662,0.3179592888430816,2024-10-26T00:00:00+00:00,3881,2024-10-25T19:00:00+00:00,False
ENG_PL::26686,2024-10-26 14:00:00+00:00,2024,walk_forward_dc,1,0.6016788379182325,0.223914291618192,0.1744068704635754,0.4483380572017521,0.2337026539551662,0.3179592888430816,2024-10-26T00:00:00+00:00,3881,2024-10-25T19:00:00+00:00,False
ENG_PL::26687,2024-10-26 16:30:00+00:00,2024,walk_forward_dc,1,0.3889001709814026,0.2638559357348707,0.3472438932837267,0.4483380572017521,0.2337026539551662,0.3179592888430816,2024-10-26T00:00:00+00:00,3881,2024-10-25T19:00:00+00:00,False
ENG_PL::26688,2024-10-27 14:00:00+00:00,2024,walk_forward_dc,0,0.4843806854350613,0.2238809708509556,0.2917383437139831,0.4482758620689655,0.2341739577972208,0.3175501801338137,2024-10-27T00:00:00+00:00,3886,2024-10-26T16:30:00+00:00,False
ENG_PL::26689,2024-10-27 14:00:00+00:00,2024,walk_forward_dc,0,0.2955774016254817,0.2516916987858612,0.4527308995886572,0.4482758620689655,0.2341739577972208,0.3175501801338137,2024-10-27T00:00:00+00:00,3886,2024-10-26T16:30:00+00:00,False
ENG_PL::26690,2024-10-27 14:00:00+00:00,2024,walk_forward_dc,0,0.3747614121730601,0.2399530779820859,0.3852855098448542,0.4482758620689655,0.2341739577972208,0.3175501801338137,2024-10-27T00:00:00+00:00,3886,2024-10-26T16:30:00+00:00,False
ENG_PL::26691,2024-10-27 16:30:00+00:00,2024,walk_forward_dc,1,0.4582789323237116,0.2459129005949376,0.2958081670813505,0.4482758620689655,0.2341739577972208,0.3175501801338137,2024-10-27T00:00:00+00:00,3886,2024-10-26T16:30:00+00:00,False
ENG_PL::26694,2024-11-02 12:30:00+00:00,2024,walk_forward_dc,0,0.2762053704474228,0.2411460144109308,0.4826486151416463,0.448586118251928,0.2341902313624678,0.3172236503856041,2024-11-02T00:00:00+00:00,3890,2024-10-27T16:30:00+00:00,False
ENG_PL::26692,2024-11-02 15:00:00+00:00,2024,walk_forward_dc,0,0.2092010438399854,0.2337946463718962,0.5570043097881184,0.448586118251928,0.2341902313624678,0.3172236503856041,2024-11-02T00:00:00+00:00,3890,2024-10-27T16:30:00+00:00,False
ENG_PL::26695,2024-11-02 15:00:00+00:00,2024,walk_forward_dc,1,0.3810635192577949,0.2340693291008573,0.3848671516413475,0.448586118251928,0.2341902313624678,0.3172236503856041,2024-11-02T00:00:00+00:00,3890,2024-10-27T16:30:00+00:00,False
ENG_PL::26696,2024-11-02 15:00:00+00:00,2024,walk_forward_dc,0,0.6088130292790959,0.207712713648845,0.1834742570720588,0.448586118251928,0.2341902313624678,0.3172236503856041,2024-11-02T00:00:00+00:00,3890,2024-10-27T16:30:00+00:00,False
ENG_PL::26698,2024-11-02 15:00:00+00:00,2024,walk_forward_dc,0,0.4990268838641418,0.2492174514007286,0.2517556647351296,0.448586118251928,0.2341902313624678,0.3172236503856041,2024-11-02T00:00:00+00:00,3890,2024-10-27T16:30:00+00:00,False
ENG_PL::26699,2024-11-02 15:00:00+00:00,2024,walk_forward_dc,0,0.3345186432592201,0.2571243405863821,0.4083570161543978,0.448586118251928,0.2341902313624678,0.3172236503856041,2024-11-02T00:00:00+00:00,3890,2024-10-27T16:30:00+00:00,False
ENG_PL::26701,2024-11-02 17:30:00+00:00,2024,walk_forward_dc,1,0.3418701237562988,0.2835751399142543,0.3745547363294468,0.448586118251928,0.2341902313624678,0.3172236503856041,2024-11-02T00:00:00+00:00,3890,2024-10-27T16:30:00+00:00,False
ENG_PL::26700,2024-11-03 14:00:00+00:00,2024,walk_forward_dc,0,0.5196109542111632,0.2275857711943502,0.2528032745944866,0.4490633820887862,0.2342827816268924,0.3166538362843212,2024-11-03T00:00:00+00:00,3897,2024-11-02T17:30:00+00:00,False
ENG_PL::26697,2024-11-03 16:30:00+00:00,2024,walk_forward_dc,1,0.3498155377823067,0.2316489419134593,0.418535520304234,0.4490633820887862,0.2342827816268924,0.3166538362843212,2024-11-03T00:00:00+00:00,3897,2024-11-02T17:30:00+00:00,False
ENG_PL::26693,2024-11-04 20:00:00+00:00,2024,walk_forward_dc,0,0.4222734836322715,0.2546868212523889,0.3230396951153395,0.4490895101308028,0.2344190818158502,0.316491408053347,2024-11-04T00:00:00+00:00,3899,2024-11-03T16:30:00+00:00,False
ENG_PL::26702,2024-11-09 15:00:00+00:00,2024,walk_forward_dc,0,0.4371961962981655,0.2425741108141417,0.3202296928876929,0.4492307692307692,0.2343589743589743,0.3164102564102564,2024-11-09T00:00:00+00:00,3900,2024-11-04T20:00:00+00:00,False
ENG_PL::26706,2024-11-09 15:00:00+00:00,2024,walk_forward_dc,2,0.3882140518046437,0.2769192025068742,0.334866745688482,0.4492307692307692,0.2343589743589743,0.3164102564102564,2024-11-09T00:00:00+00:00,3900,2024-11-04T20:00:00+00:00,False
ENG_PL::26710,2024-11-09 15:00:00+00:00,2024,walk_forward_dc,1,0.3986030083030419,0.2560293423136435,0.3453676493833144,0.4492307692307692,0.2343589743589743,0.3164102564102564,2024-11-09T00:00:00+00:00,3900,2024-11-04T20:00:00+00:00,False
ENG_PL::26711,2024-11-09 15:00:00+00:00,2024,walk_forward_dc,0,0.4688200538073155,0.2556943138170773,0.275485632375607,0.4492307692307692,0.2343589743589743,0.3164102564102564,2024-11-09T00:00:00+00:00,3900,2024-11-04T20:00:00+00:00,False
ENG_PL::26703,2024-11-09 17:30:00+00:00,2024,walk_forward_dc,0,0.2541484545341452,0.2519855585803059,0.4938659868855489,0.4492307692307692,0.2343589743589743,0.3164102564102564,2024-11-09T00:00:00+00:00,3900,2024-11-04T20:00:00+00:00,False
ENG_PL::26707,2024-11-09 20:00:00+00:00,2024,walk_forward_dc,0,0.6394820986449359,0.1948230736129144,0.1656948277421494,0.4492307692307692,0.2343589743589743,0.3164102564102564,2024-11-09T00:00:00+00:00,3900,2024-11-04T20:00:00+00:00,False
ENG_PL::26704,2024-11-10 14:00:00+00:00,2024,walk_forward_dc,2,0.3833969533597455,0.2604325585543493,0.356170488085905,0.4495647721454173,0.2342549923195084,0.3161802355350742,2024-11-10T00:00:00+00:00,3906,2024-11-09T20:00:00+00:00,False
ENG_PL::26708,2024-11-10 14:00:00+00:00,2024,walk_forward_dc,0,0.5968113230086108,0.2060419068452333,0.1971467701461559,0.4495647721454173,0.2342549923195084,0.3161802355350742,2024-11-10T00:00:00+00:00,3906,2024-11-09T20:00:00+00:00,False
ENG_PL::26709,2024-11-10 14:00:00+00:00,2024,walk_forward_dc,2,0.7936703800677021,0.1244719156846846,0.0818577042476133,0.4495647721454173,0.2342549923195084,0.3161802355350742,2024-11-10T00:00:00+00:00,3906,2024-11-09T20:00:00+00:00,False
ENG_PL::26705,2024-11-10 16:30:00+00:00,2024,walk_forward_dc,1,0.3039213379856477,0.2551405447148475,0.4409381172995047,0.4495647721454173,0.2342549923195084,0.3161802355350742,2024-11-10T00:00:00+00:00,3906,2024-11-09T20:00:00+00:00,False
ENG_PL::26719,2024-11-23 12:30:00+00:00,2024,walk_forward_dc,2,0.2327059431290757,0.2256023856062051,0.5416916712647192,0.4493606138107416,0.2342710997442455,0.3163682864450128,2024-11-23T00:00:00+00:00,3910,2024-11-10T16:30:00+00:00,False
ENG_PL::26712,2024-11-23 15:00:00+00:00,2024,walk_forward_dc,2,0.4112801021086928,0.2472366667350608,0.3414832311562463,0.4493606138107416,0.2342710997442455,0.3163682864450128,2024-11-23T00:00:00+00:00,3910,2024-11-10T16:30:00+00:00,False
ENG_PL::26717,2024-11-23 15:00:00+00:00,2024,walk_forward_dc,2,0.5561433553206919,0.2419309555273447,0.2019256891519633,0.4493606138107416,0.2342710997442455,0.3163682864450128,2024-11-23T00:00:00+00:00,3910,2024-11-10T16:30:00+00:00,False
ENG_PL::26714,2024-11-23 15:00:00+00:00,2024,walk_forward_dc,0,0.627819502231672,0.2250025459274884,0.1471779518408393,0.4493606138107416,0.2342710997442455,0.3163682864450128,2024-11-23T00:00:00+00:00,3910,2024-11-10T16:30:00+00:00,False
ENG_PL::26716,2024-11-23 15:00:00+00:00,2024,walk_forward_dc,1,0.5048195054432251,0.2479319776122659,0.247248516944509,0.4493606138107416,0.2342710997442455,0.3163682864450128,2024-11-23T00:00:00+00:00,3910,2024-11-10T16:30:00+00:00,False
ENG_PL::26715,2024-11-23 15:00:00+00:00,2024,walk_forward_dc,1,0.3900519687234161,0.2588051255738254,0.3511429057027584,0.4493606138107416,0.2342710997442455,0.3163682864450128,2024-11-23T00:00:00+00:00,3910,2024-11-10T16:30:00+00:00,False
ENG_PL::26720,2024-11-23 17:30:00+00:00,2024,walk_forward_dc,2,0.6185734246073197,0.2039432147889762,0.1774833606037039,0.4493606138107416,0.2342710997442455,0.3163682864450128,2024-11-23T00:00:00+00:00,3910,2024-11-10T16:30:00+00:00,False
ENG_PL::26721,2024-11-24 14:00:00+00:00,2024,walk_forward_dc,2,0.1285965012893464,0.1785946173856943,0.6928088813249593,0.4488128669900434,0.2343630329333673,0.3168241000765892,2024-11-24T00:00:00+00:00,3917,2024-11-23T17:30:00+00:00,False
ENG_PL::26718,2024-11-24 16:30:00+00:00,2024,walk_forward_dc,1,0.2647487678209414,0.2170317422199952,0.5182194899590633,0.4488128669900434,0.2343630329333673,0.3168241000765892,2024-11-24T00:00:00+00:00,3917,2024-11-23T17:30:00+00:00,False
ENG_PL::26713,2024-11-25 20:00:00+00:00,2024,walk_forward_dc,2,0.6052391697111306,0.205707611214709,0.1890532190741604,0.4485838224036744,0.2344985965807604,0.3169175810155652,2024-11-25T00:00:00+00:00,3919,2024-11-24T16:30:00+00:00,False
ENG_PL::26723,2024-11-29 20:00:00+00:00,2024,walk_forward_dc,1,0.6477220464383737,0.2024729230373545,0.1498050305242716,0.448469387755102,0.2344387755102041,0.3170918367346939,2024-11-29T00:00:00+00:00,3920,2024-11-25T20:00:00+00:00,False
ENG_PL::26731,2024-11-30 15:00:00+00:00,2024,walk_forward_dc,2,0.288649808343023,0.253434196356659,0.457915995300318,0.4483550114766641,0.2346340219331803,0.3170109665901556,2024-11-30T00:00:00+00:00,3921,2024-11-29T20:00:00+00:00,False
ENG_PL::26728,2024-11-30 15:00:00+00:00,2024,walk_forward_dc,0,0.6080251736767314,0.2126752140330234,0.179299612290245,0.4483550114766641,0.2346340219331803,0.3170109665901556,2024-11-30T00:00:00+00:00,3921,2024-11-29T20:00:00+00:00,False
ENG_PL::26722,2024-11-30 15:00:00+00:00,2024,walk_forward_dc,0,0.5990520661383641,0.2141504362208004,0.1867974976408354,0.4483550114766641,0.2346340219331803,0.3170109665901556,2024-11-30T00:00:00+00:00,3921,2024-11-29T20:00:00+00:00,False
ENG_PL::26725,2024-11-30 15:00:00+00:00,2024,walk_forward_dc,1,0.3262415023100636,0.2541842311797929,0.4195742665101434,0.4483550114766641,0.2346340219331803,0.3170109665901556,2024-11-30T00:00:00+00:00,3921,2024-11-29T20:00:00+00:00,False
ENG_PL::26730,2024-11-30 17:30:00+00:00,2024,walk_forward_dc,2,0.1656852852155638,0.2193213800275941,0.614993334756842,0.4483550114766641,0.2346340219331803,0.3170109665901556,2024-11-30T00:00:00+00:00,3921,2024-11-29T20:00:00+00:00,False
ENG_PL::26724,2024-12-01 13:30:00+00:00,2024,walk_forward_dc,0,0.5074456400940212,0.2279117636029352,0.2646425963030436,0.4482934284258787,0.2345899133978604,0.3171166581762608,2024-12-01T00:00:00+00:00,3926,2024-11-30T17:30:00+00:00,False
ENG_PL::26727,2024-12-01 13:30:00+00:00,2024,walk_forward_dc,0,0.4620845969012123,0.2466228285461692,0.2912925745526185,0.4482934284258787,0.2345899133978604,0.3171166581762608,2024-12-01T00:00:00+00:00,3926,2024-11-30T17:30:00+00:00,False
ENG_PL::26729,2024-12-01 13:30:00+00:00,2024,walk_forward_dc,1,0.5331800617301542,0.2267554058749727,0.240064532394873,0.4482934284258787,0.2345899133978604,0.3171166581762608,2024-12-01T00:00:00+00:00,3926,2024-11-30T17:30:00+00:00,False
ENG_PL::26726,2024-12-01 16:00:00+00:00,2024,walk_forward_dc,0,0.4310213207749705,0.240650881113347,0.3283277981116823,0.4482934284258787,0.2345899133978604,0.3171166581762608,2024-12-01T00:00:00+00:00,3926,2024-11-30T17:30:00+00:00,False
ENG_PL::26737,2024-12-03 19:30:00+00:00,2024,walk_forward_dc,2,0.3010546160397751,0.2479145724517682,0.4510308115084567,0.4486005089058524,0.2346055979643765,0.3167938931297709,2024-12-03T00:00:00+00:00,3930,2024-12-01T16:00:00+00:00,False
ENG_PL::26738,2024-12-03 20:15:00+00:00,2024,walk_forward_dc,0,0.3568291701323348,0.2517018459525519,0.3914689839151135,0.4486005089058524,0.2346055979643765,0.3167938931297709,2024-12-03T00:00:00+00:00,3930,2024-12-01T16:00:00+00:00,False
ENG_PL::26741,2024-12-04 19:30:00+00:00,2024,walk_forward_dc,2,0.2005286871725307,0.2205401743007414,0.578931138526728,0.4486266531027467,0.2344862665310274,0.3168870803662258,2024-12-04T00:00:00+00:00,3932,2024-12-03T20:15:00+00:00,False
ENG_PL::26740,2024-12-04 19:30:00+00:00,2024,walk_forward_dc,1,0.2779534441660413,0.2267925974247864,0.4952539584091721,0.4486266531027467,0.2344862665310274,0.3168870803662258,2024-12-04T00:00:00+00:00,3932,2024-12-03T20:15:00+00:00,False
ENG_PL::26735,2024-12-04 19:30:00+00:00,2024,walk_forward_dc,0,0.489331739800308,0.2630244970132973,0.2476437631863946,0.4486266531027467,0.2344862665310274,0.3168870803662258,2024-12-04T00:00:00+00:00,3932,2024-12-03T20:15:00+00:00,False
ENG_PL::26739,2024-12-04 19:30:00+00:00,2024,walk_forward_dc,0,0.6221420079134128,0.2192823617654378,0.1585756303211491,0.4486266531027467,0.2344862665310274,0.3168870803662258,2024-12-04T00:00:00+00:00,3932,2024-12-03T20:15:00+00:00,False
ENG_PL::26733,2024-12-04 20:15:00+00:00,2024,walk_forward_dc,0,0.6750387944575736,0.1910246205378569,0.1339365850045694,0.4486266531027467,0.2344862665310274,0.3168870803662258,2024-12-04T00:00:00+00:00,3932,2024-12-03T20:15:00+00:00,False
ENG_PL::26734,2024-12-04 20:15:00+00:00,2024,walk_forward_dc,0,0.4720855841943546,0.2380648625037611,0.2898495533018842,0.4486266531027467,0.2344862665310274,0.3168870803662258,2024-12-04T00:00:00+00:00,3932,2024-12-03T20:15:00+00:00,False
ENG_PL::26736,2024-12-05 19:30:00+00:00,2024,walk_forward_dc,0,0.3847370017111043,0.2623414585436797,0.3529215397452158,0.4489588623666836,0.2343829355002539,0.3166582021330624,2024-12-05T00:00:00+00:00,3938,2024-12-04T20:15:00+00:00,False
ENG_PL::26732,2024-12-05 20:15:00+00:00,2024,walk_forward_dc,0,0.3937267746075833,0.2360826108047103,0.3701906145877063,0.4489588623666836,0.2343829355002539,0.3166582021330624,2024-12-05T00:00:00+00:00,3938,2024-12-04T20:15:00+00:00,False
ENG_PL::26742,2024-12-07 15:00:00+00:00,2024,walk_forward_dc,0,0.6748075536003659,0.1837904679472169,0.141401978452417,0.449238578680203,0.2342639593908629,0.316497461928934,2024-12-07T00:00:00+00:00,3940,2024-12-05T20:15:00+00:00,False
ENG_PL::26743,2024-12-07 15:00:00+00:00,2024,walk_forward_dc,0,0.392923540377125,0.241224306478588,0.365852153144287,0.449238578680203,0.2342639593908629,0.316497461928934,2024-12-07T00:00:00+00:00,3940,2024-12-05T20:15:00+00:00,False
ENG_PL::26747,2024-12-07 15:00:00+00:00,2024,walk_forward_dc,1,0.2280153064913052,0.2429289805472323,0.5290557129614625,0.449238578680203,0.2342639593908629,0.316497461928934,2024-12-07T00:00:00+00:00,3940,2024-12-05T20:15:00+00:00,False
ENG_PL::26744,2024-12-07 17:30:00+00:00,2024,walk_forward_dc,2,0.4216292304610418,0.2623599769169195,0.3160107926220385,0.449238578680203,0.2342639593908629,0.316497461928934,2024-12-07T00:00:00+00:00,3940,2024-12-05T20:15:00+00:00,False
ENG_PL::26750,2024-12-08 14:00:00+00:00,2024,walk_forward_dc,2,0.2347229701595894,0.2212933887905183,0.5439836410498924,0.4492900608519269,0.2342799188640973,0.3164300202839756,2024-12-08T00:00:00+00:00,3944,2024-12-07T17:30:00+00:00,False
ENG_PL::26751,2024-12-08 14:00:00+00:00,2024,walk_forward_dc,1,0.2451619862279377,0.234474697662965,0.5203633161090973,0.4492900608519269,0.2342799188640973,0.3164300202839756,2024-12-08T00:00:00+00:00,3944,2024-12-07T17:30:00+00:00,False
ENG_PL::26749,2024-12-08 14:00:00+00:00,2024,walk_forward_dc,1,0.2191642247381376,0.2535635180208687,0.5272722572409938,0.4492900608519269,0.2342799188640973,0.3164300202839756,2024-12-08T00:00:00+00:00,3944,2024-12-07T17:30:00+00:00,False
ENG_PL::26745,2024-12-08 16:30:00+00:00,2024,walk_forward_dc,2,0.4072235009358238,0.2270245408143814,0.3657519582497948,0.4492900608519269,0.2342799188640973,0.3164300202839756,2024-12-08T00:00:00+00:00,3944,2024-12-07T17:30:00+00:00,False
ENG_PL::26746,2024-12-09 20:00:00+00:00,2024,walk_forward_dc,0,0.4780907834133766,0.2522656582502303,0.2696435583363931,0.4488348530901722,0.2345491388044579,0.3166160081053698,2024-12-09T00:00:00+00:00,3948,2024-12-08T16:30:00+00:00,False
ENG_PL::26760,2024-12-14 15:00:00+00:00,2024,walk_forward_dc,0,0.6669902502373068,0.1839092189779804,0.1491005307847127,0.448974423904786,0.2344897442390478,0.3165358318561661,2024-12-14T00:00:00+00:00,3949,2024-12-09T20:00:00+00:00,False
ENG_PL::26758,2024-12-14 15:00:00+00:00,2024,walk_forward_dc,2,0.5201912380352105,0.2379535403381659,0.2418552216266236,0.448974423904786,0.2344897442390478,0.3165358318561661,2024-12-14T00:00:00+00:00,3949,2024-12-09T20:00:00+00:00,False
ENG_PL::26752,2024-12-14 15:00:00+00:00,2024,walk_forward_dc,1,0.6804765871617179,0.1860744146576144,0.1334489981806675,0.448974423904786,0.2344897442390478,0.3165358318561661,2024-12-14T00:00:00+00:00,3949,2024-12-09T20:00:00+00:00,False
ENG_PL::26755,2024-12-14 15:00:00+00:00,2024,walk_forward_dc,1,0.7035661900415394,0.1886671587646332,0.1077666511938273,0.448974423904786,0.2344897442390478,0.3165358318561661,2024-12-14T00:00:00+00:00,3949,2024-12-09T20:00:00+00:00,False
ENG_PL::26761,2024-12-14 17:30:00+00:00,2024,walk_forward_dc,0,0.3809293279575957,0.2682746248828068,0.3507960471595976,0.448974423904786,0.2344897442390478,0.3165358318561661,2024-12-14T00:00:00+00:00,3949,2024-12-09T20:00:00+00:00,False
ENG_PL::26756,2024-12-15 14:00:00+00:00,2024,walk_forward_dc,2,0.4940185724498804,0.2557764691326599,0.2502049584174597,0.4489124936772888,0.2346990389479008,0.3163884673748103,2024-12-15T00:00:00+00:00,3954,2024-12-14T17:30:00+00:00,False
ENG_PL::26753,2024-12-15 16:30:00+00:00,2024,walk_forward_dc,2,0.6834309479096105,0.1795596209154064,0.1370094311749829,0.4489124936772888,0.2346990389479008,0.3163884673748103,2024-12-15T00:00:00+00:00,3954,2024-12-14T17:30:00+00:00,False
ENG_PL::26757,2024-12-15 19:00:00+00:00,2024,walk_forward_dc,0,0.5703852438091991,0.2104367413040334,0.2191780148867673,0.4489124936772888,0.2346990389479008,0.3163884673748103,2024-12-15T00:00:00+00:00,3954,2024-12-14T17:30:00+00:00,False
ENG_PL::26759,2024-12-15 19:00:00+00:00,2024,walk_forward_dc,2,0.2002595431753681,0.2044098145163119,0.5953306423083199,0.4489124936772888,0.2346990389479008,0.3163884673748103,2024-12-15T00:00:00+00:00,3954,2024-12-14T17:30:00+00:00,False
ENG_PL::26754,2024-12-16 20:00:00+00:00,2024,walk_forward_dc,1,0.5798601101686748,0.2122974061069579,0.2078424837243673,0.4487114704396159,0.2344618494188984,0.3168266801414856,2024-12-16T00:00:00+00:00,3958,2024-12-15T19:00:00+00:00,False
ENG_PL::26762,2024-12-21 12:30:00+00:00,2024,walk_forward_dc,0,0.2747349175570083,0.2379447774087203,0.4873203050342711,0.4485981308411215,0.2346552159636271,0.3167466531952513,2024-12-21T00:00:00+00:00,3959,2024-12-16T20:00:00+00:00,False
ENG_PL::26767,2024-12-21 15:00:00+00:00,2024,walk_forward_dc,1,0.3217570347606494,0.2467821253121108,0.4314608399272397,0.4485981308411215,0.2346552159636271,0.3167466531952513,2024-12-21T00:00:00+00:00,3959,2024-12-16T20:00:00+00:00,False
ENG_PL::26771,2024-12-21 15:00:00+00:00,2024,walk_forward_dc,2,0.2102033236977359,0.2034575129061934,0.5863391633960704,0.4485981308411215,0.2346552159636271,0.3167466531952513,2024-12-21T00:00:00+00:00,3959,2024-12-16T20:00:00+00:00,False
ENG_PL::26766,2024-12-21 15:00:00+00:00,2024,walk_forward_dc,2,0.4199204777681392,0.2644649466288491,0.3156145756030115,0.4485981308411215,0.2346552159636271,0.3167466531952513,2024-12-21T00:00:00+00:00,3959,2024-12-16T20:00:00+00:00,False
ENG_PL::26765,2024-12-21 17:30:00+00:00,2024,walk_forward_dc,2,0.2060375670440575,0.2536666904865341,0.5402957424694081,0.4485981308411215,0.2346552159636271,0.3167466531952513,2024-12-21T00:00:00+00:00,3959,2024-12-16T20:00:00+00:00,False
ENG_PL::26763,2024-12-22 14:00:00+00:00,2024,walk_forward_dc,1,0.622958526761429,0.2107770706582775,0.1662644025802934,0.448284561049445,0.2346115035317861,0.3171039354187689,2024-12-22T00:00:00+00:00,3964,2024-12-21T17:30:00+00:00,False
ENG_PL::26764,2024-12-22 14:00:00+00:00,2024,walk_forward_dc,1,0.2903657284343536,0.2444092868079993,0.465224984757647,0.448284561049445,0.2346115035317861,0.3171039354187689,2024-12-22T00:00:00+00:00,3964,2024-12-21T17:30:00+00:00,False
ENG_PL::26769,2024-12-22 14:00:00+00:00,2024,walk_forward_dc,2,0.3881300464088192,0.2424641126939489,0.3694058408972317,0.448284561049445,0.2346115035317861,0.3171039354187689,2024-12-22T00:00:00+00:00,3964,2024-12-21T17:30:00+00:00,False
ENG_PL::26770,2024-12-22 14:00:00+00:00,2024,walk_forward_dc,2,0.3793914432592352,0.2647910947477369,0.355817461993028,0.448284561049445,0.2346115035317861,0.3171039354187689,2024-12-22T00:00:00+00:00,3964,2024-12-21T17:30:00+00:00,False
ENG_PL::26768,2024-12-22 16:30:00+00:00,2024,walk_forward_dc,2,0.3031058901053095,0.2221737665032938,0.4747203433913967,0.448284561049445,0.2346115035317861,0.3171039354187689,2024-12-22T00:00:00+00:00,3964,2024-12-21T17:30:00+00:00,False
ENG_PL::26777,2024-12-26 12:30:00+00:00,2024,walk_forward_dc,1,0.6541059434884365,0.2028488835878804,0.1430451729236829,0.4477198286722096,0.2348198538674729,0.3174603174603174,2024-12-26T00:00:00+00:00,3969,2024-12-22T16:30:00+00:00,False
ENG_PL::26772,2024-12-26 15:00:00+00:00,2024,walk_forward_dc,1,0.4716374271776393,0.2462829420463824,0.2820796307759786,0.4477198286722096,0.2348198538674729,0.3174603174603174,2024-12-26T00:00:00+00:00,3969,2024-12-22T16:30:00+00:00,False
ENG_PL::26775,2024-12-26 15:00:00+00:00,2024,walk_forward_dc,2,0.5425801494742806,0.2297191812135632,0.2277006693121562,0.4477198286722096,0.2348198538674729,0.3174603174603174,2024-12-26T00:00:00+00:00,3969,2024-12-22T16:30:00+00:00,False
ENG_PL::26778,2024-12-26 15:00:00+00:00,2024,walk_forward_dc,0,0.4704769632227695,0.2330696545672136,0.2964533822100167,0.4477198286722096,0.2348198538674729,0.3174603174603174,2024-12-26T00:00:00+00:00,3969,2024-12-22T16:30:00+00:00,False
ENG_PL::26779,2024-12-26 15:00:00+00:00,2024,walk_forward_dc,0,0.3686816654217321,0.2528710616948683,0.3784472728833996,0.4477198286722096,0.2348198538674729,0.3174603174603174,2024-12-26T00:00:00+00:00,3969,2024-12-22T16:30:00+00:00,False
ENG_PL::26780,2024-12-26 15:00:00+00:00,2024,walk_forward_dc,2,0.3074625924243792,0.2438476593033324,0.4486897482722883,0.4477198286722096,0.2348198538674729,0.3174603174603174,2024-12-26T00:00:00+00:00,3969,2024-12-22T16:30:00+00:00,False
ENG_PL::26781,2024-12-26 17:30:00+00:00,2024,walk_forward_dc,0,0.3020490449044882,0.2608047796591729,0.4371461754363387,0.4477198286722096,0.2348198538674729,0.3174603174603174,2024-12-26T00:00:00+00:00,3969,2024-12-22T16:30:00+00:00,False
ENG_PL::26776,2024-12-26 20:00:00+00:00,2024,walk_forward_dc,0,0.8342913272658619,0.1077578941756254,0.0579507785585127,0.4477198286722096,0.2348198538674729,0.3174603174603174,2024-12-26T00:00:00+00:00,3969,2024-12-22T16:30:00+00:00,False
ENG_PL::26774,2024-12-27 19:30:00+00:00,2024,walk_forward_dc,1,0.4713365668331031,0.2428870960868588,0.2857763370800381,0.4478249937138546,0.2348503897410108,0.3173246165451345,2024-12-27T00:00:00+00:00,3977,2024-12-26T20:00:00+00:00,False
ENG_PL::26773,2024-12-27 20:15:00+00:00,2024,walk_forward_dc,0,0.8438560109991198,0.105618597845978,0.0505253911549021,0.4478249937138546,0.2348503897410108,0.3173246165451345,2024-12-27T00:00:00+00:00,3977,2024-12-26T20:00:00+00:00,False
ENG_PL::26788,2024-12-29 14:30:00+00:00,2024,walk_forward_dc,2,0.128750166941187,0.1837891910900068,0.6874606419688062,0.4478512188992209,0.2349836642372455,0.3171651168635335,2024-12-29T00:00:00+00:00,3979,2024-12-27T20:15:00+00:00,False
ENG_PL::26784,2024-12-29 15:00:00+00:00,2024,walk_forward_dc,0,0.611298939232398,0.2154410963108692,0.1732599644567327,0.4478512188992209,0.2349836642372455,0.3171651168635335,2024-12-29T00:00:00+00:00,3979,2024-12-27T20:15:00+00:00,False
ENG_PL::26785,2024-12-29 15:00:00+00:00,2024,walk_forward_dc,2,0.3550656219574299,0.2911600706438162,0.3537743073987537,0.4478512188992209,0.2349836642372455,0.3171651168635335,2024-12-29T00:00:00+00:00,3979,2024-12-27T20:15:00+00:00,False
ENG_PL::26786,2024-12-29 15:00:00+00:00,2024,walk_forward_dc,1,0.3797105729652261,0.2595212493650976,0.3607681776696759,0.4478512188992209,0.2349836642372455,0.3171651168635335,2024-12-29T00:00:00+00:00,3979,2024-12-27T20:15:00+00:00,False
ENG_PL::26790,2024-12-29 15:00:00+00:00,2024,walk_forward_dc,1,0.6145209518977597,0.208863994366706,0.1766150537355342,0.4478512188992209,0.2349836642372455,0.3171651168635335,2024-12-29T00:00:00+00:00,3979,2024-12-27T20:15:00+00:00,False
ENG_PL::26791,2024-12-29 17:15:00+00:00,2024,walk_forward_dc,2,0.152852128020652,0.1844444651427169,0.6627034068366308,0.4478512188992209,0.2349836642372455,0.3171651168635335,2024-12-29T00:00:00+00:00,3979,2024-12-27T20:15:00+00:00,False
ENG_PL::26787,2024-12-30 19:45:00+00:00,2024,walk_forward_dc,0,0.1660771188768513,0.1831590657595675,0.6507638153635811,0.4474278544542032,0.2351317440401505,0.3174404015056462,2024-12-30T00:00:00+00:00,3985,2024-12-29T17:15:00+00:00,False
ENG_PL::26782,2024-12-30 19:45:00+00:00,2024,walk_forward_dc,1,0.4152270935560843,0.2506286955991076,0.3341442108448081,0.4474278544542032,0.2351317440401505,0.3174404015056462,2024-12-30T00:00:00+00:00,3985,2024-12-29T17:15:00+00:00,False
ENG_PL::26789,2024-12-30 20:00:00+00:00,2024,walk_forward_dc,2,0.3425964249720611,0.2401308260567493,0.4172727489711895,0.4474278544542032,0.2351317440401505,0.3174404015056462,2024-12-30T00:00:00+00:00,3985,2024-12-29T17:15:00+00:00,False
ENG_PL::26783,2025-01-01 17:30:00+00:00,2024,walk_forward_dc,2,0.1940243274091092,0.2313516079245106,0.5746240646663802,0.4473420260782347,0.2352056168505516,0.3174523570712136,2025-01-01T00:00:00+00:00,3988,2024-12-30T20:00:00+00:00,False
ENG_PL::26800,2025-01-04 12:30:00+00:00,2024,walk_forward_dc,2,0.4089176286709616,0.2251263254321196,0.3659560458969187,0.447229882175984,0.2351466532965655,0.3176234645274505,2025-01-04T00:00:00+00:00,3989,2025-01-01T17:30:00+00:00,False
ENG_PL::26798,2025-01-04 15:00:00+00:00,2024,walk_forward_dc,0,0.709901759364556,0.1696693042008063,0.1204289364346377,0.447229882175984,0.2351466532965655,0.3176234645274505,2025-01-04T00:00:00+00:00,3989,2025-01-01T17:30:00+00:00,False
ENG_PL::26795,2025-01-04 15:00:00+00:00,2024,walk_forward_dc,1,0.3249724386050799,0.2456753168297101,0.4293522445652098,0.447229882175984,0.2351466532965655,0.3176234645274505,2025-01-04T00:00:00+00:00,3989,2025-01-01T17:30:00+00:00,False
ENG_PL::26799,2025-01-04 15:00:00+00:00,2024,walk_forward_dc,2,0.2465812925547078,0.2278644383377591,0.5255542691075332,0.447229882175984,0.2351466532965655,0.3176234645274505,2025-01-04T00:00:00+00:00,3989,2025-01-01T17:30:00+00:00,False
ENG_PL::26792,2025-01-04 15:00:00+00:00,2024,walk_forward_dc,0,0.5150332391598222,0.2440217512157775,0.2409450096244001,0.447229882175984,0.2351466532965655,0.3176234645274505,2025-01-04T00:00:00+00:00,3989,2025-01-01T17:30:00+00:00,False
ENG_PL::26793,2025-01-04 15:00:00+00:00,2024,walk_forward_dc,0,0.6145035101143617,0.2088242331420213,0.176672256743617,0.447229882175984,0.2351466532965655,0.3176234645274505,2025-01-04T00:00:00+00:00,3989,2025-01-01T17:30:00+00:00,False
ENG_PL::26794,2025-01-04 17:30:00+00:00,2024,walk_forward_dc,1,0.2173568417056695,0.2502455104414657,0.5323976478528647,0.447229882175984,0.2351466532965655,0.3176234645274505,2025-01-04T00:00:00+00:00,3989,2025-01-01T17:30:00+00:00,False
ENG_PL::26796,2025-01-05 14:00:00+00:00,2024,walk_forward_dc,1,0.603784732215864,0.217424414905921,0.1787908528782149,0.4471971971971972,0.2352352352352352,0.3175675675675675,2025-01-05T00:00:00+00:00,3996,2025-01-04T17:30:00+00:00,False
ENG_PL::26797,2025-01-05 16:30:00+00:00,2024,walk_forward_dc,1,0.6892708999964613,0.1760873597220621,0.1346417402814766,0.4471971971971972,0.2352352352352352,0.3175675675675675,2025-01-05T00:00:00+00:00,3996,2025-01-04T17:30:00+00:00,False
ENG_PL::26801,2025-01-06 20:00:00+00:00,2024,walk_forward_dc,2,0.2795973223571113,0.2905374363038573,0.4298652413390312,0.4469734867433717,0.2356178089044522,0.3174087043521761,2025-01-06T00:00:00+00:00,3998,2025-01-05T16:30:00+00:00,False
ENG_PL::26808,2025-01-14 19:30:00+00:00,2024,walk_forward_dc,0,0.3420780635559451,0.2604301684180338,0.397491768026021,0.4468617154288572,0.2355588897224306,0.3175793948487121,2025-01-14T00:00:00+00:00,3999,2025-01-06T20:00:00+00:00,False
ENG_PL::26809,2025-01-14 19:30:00+00:00,2024,walk_forward_dc,1,0.476480660861552,0.2296482034560885,0.2938711356823595,0.4468617154288572,0.2355588897224306,0.3175793948487121,2025-01-14T00:00:00+00:00,3999,2025-01-06T20:00:00+00:00,False
ENG_PL::26803,2025-01-14 19:30:00+00:00,2024,walk_forward_dc,1,0.2618712461619619,0.2333537033411401,0.5047750504968981,0.4468617154288572,0.2355588897224306,0.3175793948487121,2025-01-14T00:00:00+00:00,3999,2025-01-06T20:00:00+00:00,False
ENG_PL::26807,2025-01-14 20:00:00+00:00,2024,walk_forward_dc,1,0.2216556674782677,0.2376168718091466,0.5407274607125856,0.4468617154288572,0.2355588897224306,0.3175793948487121,2025-01-14T00:00:00+00:00,3999,2025-01-06T20:00:00+00:00,False
ENG_PL::26804,2025-01-15 19:30:00+00:00,2024,walk_forward_dc,2,0.324218586379115,0.2625710382656826,0.4132103753552022,0.4466650012490632,0.2360729452910317,0.317262053459905,2025-01-15T00:00:00+00:00,4003,2025-01-14T20:00:00+00:00,False
ENG_PL::26806,2025-01-15 19:30:00+00:00,2024,walk_forward_dc,2,0.269437583554123,0.2533079147646597,0.4772545016812173,0.4466650012490632,0.2360729452910317,0.317262053459905,2025-01-15T00:00:00+00:00,4003,2025-01-14T20:00:00+00:00,False
ENG_PL::26810,2025-01-15 19:30:00+00:00,2024,walk_forward_dc,0,0.6293335430593741,0.2101743186395832,0.1604921383010427,0.4466650012490632,0.2360729452910317,0.317262053459905,2025-01-15T00:00:00+00:00,4003,2025-01-14T20:00:00+00:00,False
ENG_PL::26802,2025-01-15 20:00:00+00:00,2024,walk_forward_dc,0,0.6344224619573007,0.2022143705724682,0.163363167470231,0.4466650012490632,0.2360729452910317,0.317262053459905,2025-01-15T00:00:00+00:00,4003,2025-01-14T20:00:00+00:00,False
ENG_PL::26805,2025-01-16 19:30:00+00:00,2024,walk_forward_dc,2,0.216374561308408,0.2292058489180263,0.5544195897735655,0.4467182430746194,0.2358372847516845,0.317444472173696,2025-01-16T00:00:00+00:00,4007,2025-01-15T20:00:00+00:00,False
ENG_PL::26811,2025-01-16 20:00:00+00:00,2024,walk_forward_dc,0,0.6597555648241026,0.1891195220185822,0.1511249131573151,0.4467182430746194,0.2358372847516845,0.317444472173696,2025-01-16T00:00:00+00:00,4007,2025-01-15T20:00:00+00:00,False
ENG_PL::26819,2025-01-18 12:30:00+00:00,2024,walk_forward_dc,2,0.4808406298533055,0.2321920042545059,0.2869673658921885,0.4467448241456722,0.235719630830631,0.3175355450236967,2025-01-18T00:00:00+00:00,4009,2025-01-16T20:00:00+00:00,False
ENG_PL::26821,2025-01-18 15:00:00+00:00,2024,walk_forward_dc,2,0.3315365695792953,0.2523121000938585,0.4161513303268462,0.4467448241456722,0.235719630830631,0.3175355450236967,2025-01-18T00:00:00+00:00,4009,2025-01-16T20:00:00+00:00,False
ENG_PL::26817,2025-01-18 15:00:00+00:00,2024,walk_forward_dc,2,0.2696537115144909,0.2546710505463724,0.4756752379391366,0.4467448241456722,0.235719630830631,0.3175355450236967,2025-01-18T00:00:00+00:00,4009,2025-01-16T20:00:00+00:00,False
ENG_PL::26813,2025-01-18 15:00:00+00:00,2024,walk_forward_dc,2,0.2081601011788622,0.2085352606743112,0.5833046381468264,0.4467448241456722,0.235719630830631,0.3175355450236967,2025-01-18T00:00:00+00:00,4009,2025-01-16T20:00:00+00:00,False
ENG_PL::26812,2025-01-18 17:30:00+00:00,2024,walk_forward_dc,1,0.6349925695773271,0.2135283328247578,0.1514790975979149,0.4467448241456722,0.235719630830631,0.3175355450236967,2025-01-18T00:00:00+00:00,4009,2025-01-16T20:00:00+00:00,False
ENG_PL::26815,2025-01-19 14:00:00+00:00,2024,walk_forward_dc,0,0.3033076907488919,0.244210535629779,0.4524817736213292,0.4461883408071749,0.2356751370204285,0.3181365221723966,2025-01-19T00:00:00+00:00,4014,2025-01-18T17:30:00+00:00,False
ENG_PL::26818,2025-01-19 14:00:00+00:00,2024,walk_forward_dc,2,0.3769233894205293,0.2562281480916664,0.3668484624878043,0.4461883408071749,0.2356751370204285,0.3181365221723966,2025-01-19T00:00:00+00:00,4014,2025-01-18T17:30:00+00:00,False
ENG_PL::26820,2025-01-19 14:00:00+00:00,2024,walk_forward_dc,0,0.6405820303285402,0.2073098517541786,0.152108117917281,0.4461883408071749,0.2356751370204285,0.3181365221723966,2025-01-19T00:00:00+00:00,4014,2025-01-18T17:30:00+00:00,False
ENG_PL::26816,2025-01-19 16:30:00+00:00,2024,walk_forward_dc,2,0.1188181586457963,0.1734094465412334,0.70777239481297,0.4461883408071749,0.2356751370204285,0.3181365221723966,2025-01-19T00:00:00+00:00,4014,2025-01-18T17:30:00+00:00,False
ENG_PL::26814,2025-01-20 20:00:00+00:00,2024,walk_forward_dc,0,0.6281443539645732,0.2086870683930566,0.1631685776423702,0.4462419113987058,0.2354405176704828,0.3183175709308113,2025-01-20T00:00:00+00:00,4018,2025-01-19T16:30:00+00:00,False
ENG_PL::26827,2025-01-25 15:00:00+00:00,2024,walk_forward_dc,0,0.8494292381512256,0.10017520567985,0.0503955561689243,0.4463796964419009,0.2353819358049266,0.3182383677531724,2025-01-25T00:00:00+00:00,4019,2025-01-20T20:00:00+00:00,False
ENG_PL::26829,2025-01-25 15:00:00+00:00,2024,walk_forward_dc,2,0.148285940898945,0.1776612313627714,0.6740528277382836,0.4463796964419009,0.2353819358049266,0.3182383677531724,2025-01-25T00:00:00+00:00,4019,2025-01-20T20:00:00+00:00,False
ENG_PL::26822,2025-01-25 15:00:00+00:00,2024,walk_forward_dc,0,0.4484270884870226,0.2599701672734884,0.2916027442394892,0.4463796964419009,0.2353819358049266,0.3182383677531724,2025-01-25T00:00:00+00:00,4019,2025-01-20T20:00:00+00:00,False
ENG_PL::26824,2025-01-25 15:00:00+00:00,2024,walk_forward_dc,2,0.4902187068903719,0.2591549183441332,0.2506263747654947,0.4463796964419009,0.2353819358049266,0.3182383677531724,2025-01-25T00:00:00+00:00,4019,2025-01-20T20:00:00+00:00,False
ENG_PL::26831,2025-01-25 15:00:00+00:00,2024,walk_forward_dc,2,0.1217196592908045,0.2088811592494762,0.6693991814597192,0.4463796964419009,0.2353819358049266,0.3182383677531724,2025-01-25T00:00:00+00:00,4019,2025-01-20T20:00:00+00:00,False
ENG_PL::26828,2025-01-25 17:30:00+00:00,2024,walk_forward_dc,0,0.4939683520012812,0.2273060168160714,0.2787256311826473,0.4463796964419009,0.2353819358049266,0.3182383677531724,2025-01-25T00:00:00+00:00,4019,2025-01-20T20:00:00+00:00,False
ENG_PL::26825,2025-01-26 14:00:00+00:00,2024,walk_forward_dc,2,0.4091663244231445,0.2508689610704754,0.3399647145063802,0.4464596273291925,0.2350310559006211,0.3185093167701863,2025-01-26T00:00:00+00:00,4025,2025-01-25T17:30:00+00:00,False
ENG_PL::26830,2025-01-26 14:00:00+00:00,2024,walk_forward_dc,2,0.6566664295267085,0.1824325692021028,0.1609010012711886,0.4464596273291925,0.2350310559006211,0.3185093167701863,2025-01-26T00:00:00+00:00,4025,2025-01-25T17:30:00+00:00,False
ENG_PL::26823,2025-01-26 16:30:00+00:00,2024,walk_forward_dc,1,0.5535179983435341,0.2236618271824694,0.2228201744739962,0.4464596273291925,0.2350310559006211,0.3185093167701863,2025-01-26T00:00:00+00:00,4025,2025-01-25T17:30:00+00:00,False
ENG_PL::26826,2025-01-26 19:00:00+00:00,2024,walk_forward_dc,2,0.4223456981547328,0.2583926352823099,0.3192616665629572,0.4464596273291925,0.2350310559006211,0.3185093167701863,2025-01-26T00:00:00+00:00,4025,2025-01-25T17:30:00+00:00,False
ENG_PL::26840,2025-02-01 12:30:00+00:00,2024,walk_forward_dc,0,0.3543068533413814,0.2768676539996971,0.3688254926589214,0.4460163812360387,0.2350459171010176,0.3189377016629436,2025-02-01T00:00:00+00:00,4029,2025-01-26T19:00:00+00:00,False
ENG_PL::26832,2025-02-01 15:00:00+00:00,2024,walk_forward_dc,2,0.2427238245495716,0.2185915705653637,0.5386846048850646,0.4460163812360387,0.2350459171010176,0.3189377016629436,2025-02-01T00:00:00+00:00,4029,2025-01-26T19:00:00+00:00,False
ENG_PL::26836,2025-02-01 15:00:00+00:00,2024,walk_forward_dc,0,0.4997065323682889,0.2519928414289007,0.2483006262028102,0.4460163812360387,0.2350459171010176,0.3189377016629436,2025-02-01T00:00:00+00:00,4029,2025-01-26T19:00:00+00:00,False
ENG_PL::26837,2025-02-01 15:00:00+00:00,2024,walk_forward_dc,2,0.4492420191866541,0.2417612173570148,0.3089967634563312,0.4460163812360387,0.2350459171010176,0.3189377016629436,2025-02-01T00:00:00+00:00,4029,2025-01-26T19:00:00+00:00,False
ENG_PL::26839,2025-02-01 15:00:00+00:00,2024,walk_forward_dc,2,0.4827958745226434,0.2468379889390445,0.270366136538312,0.4460163812360387,0.2350459171010176,0.3189377016629436,2025-02-01T00:00:00+00:00,4029,2025-01-26T19:00:00+00:00,False
ENG_PL::26841,2025-02-01 17:30:00+00:00,2024,walk_forward_dc,0,0.2745284684132836,0.2585795129756087,0.4668920186111075,0.4460163812360387,0.2350459171010176,0.3189377016629436,2025-02-01T00:00:00+00:00,4029,2025-01-26T19:00:00+00:00,False
ENG_PL::26834,2025-02-02 14:00:00+00:00,2024,walk_forward_dc,2,0.3911104674345405,0.2264013488693364,0.3824881836961231,0.4460966542750929,0.2346964064436183,0.3192069392812887,2025-02-02T00:00:00+00:00,4035,2025-02-01T17:30:00+00:00,False
ENG_PL::26838,2025-02-02 14:00:00+00:00,2024,walk_forward_dc,2,0.4042654615676478,0.2599545929481686,0.3357799454841835,0.4460966542750929,0.2346964064436183,0.3192069392812887,2025-02-02T00:00:00+00:00,4035,2025-02-01T17:30:00+00:00,False
ENG_PL::26833,2025-02-02 16:30:00+00:00,2024,walk_forward_dc,0,0.484479089430432,0.2538222874347451,0.2616986231348228,0.4460966542750929,0.2346964064436183,0.3192069392812887,2025-02-02T00:00:00+00:00,4035,2025-02-01T17:30:00+00:00,False
ENG_PL::26835,2025-02-03 20:00:00+00:00,2024,walk_forward_dc,0,0.6381865971904467,0.1914106634680309,0.1704027393415224,0.446012877662209,0.2345220406141654,0.3194650817236255,2025-02-03T00:00:00+00:00,4038,2025-02-02T16:30:00+00:00,False
ENG_PL::26748,2025-02-12 19:30:00+00:00,2024,walk_forward_dc,1,0.1699512802415416,0.2093112167604911,0.6207375029979673,0.4461500371379054,0.2344639762317405,0.319385986630354,2025-02-12T00:00:00+00:00,4039,2025-02-03T20:00:00+00:00,False
ENG_PL::26843,2025-02-14 20:00:00+00:00,2024,walk_forward_dc,0,0.3452819667665497,0.2457822366048237,0.4089357966286264,0.446039603960396,0.2346534653465346,0.3193069306930693,2025-02-14T00:00:00+00:00,4040,2025-02-12T19:30:00+00:00,False
ENG_PL::26846,2025-02-15 12:30:00+00:00,2024,walk_forward_dc,2,0.0976782307458308,0.1722276331787006,0.7300941360754688,0.4461766889383816,0.2345953971789161,0.3192279138827023,2025-02-15T00:00:00+00:00,4041,2025-02-14T20:00:00+00:00,False
ENG_PL::26849,2025-02-15 15:00:00+00:00,2024,walk_forward_dc,2,0.1613440776710624,0.1877319024653757,0.6509240198635616,0.4461766889383816,0.2345953971789161,0.3192279138827023,2025-02-15T00:00:00+00:00,4041,2025-02-14T20:00:00+00:00,False
ENG_PL::26851,2025-02-15 15:00:00+00:00,2024,walk_forward_dc,2,0.3332373001051921,0.2398347722908496,0.4269279276039581,0.4461766889383816,0.2345953971789161,0.3192279138827023,2025-02-15T00:00:00+00:00,4041,2025-02-14T20:00:00+00:00,False
ENG_PL::26845,2025-02-15 15:00:00+00:00,2024,walk_forward_dc,0,0.3969622265976832,0.2789012356686282,0.3241365377336886,0.4461766889383816,0.2345953971789161,0.3192279138827023,2025-02-15T00:00:00+00:00,4041,2025-02-14T20:00:00+00:00,False
ENG_PL::26842,2025-02-15 15:00:00+00:00,2024,walk_forward_dc,1,0.6288744216372152,0.2049715971868611,0.1661539811759233,0.4461766889383816,0.2345953971789161,0.3192279138827023,2025-02-15T00:00:00+00:00,4041,2025-02-14T20:00:00+00:00,False
ENG_PL::26848,2025-02-15 15:00:00+00:00,2024,walk_forward_dc,0,0.5323176011094863,0.2206233728416644,0.2470590260488495,0.4461766889383816,0.2345953971789161,0.3192279138827023,2025-02-15T00:00:00+00:00,4041,2025-02-14T20:00:00+00:00,False
ENG_PL::26844,2025-02-15 17:30:00+00:00,2024,walk_forward_dc,2,0.4385573680296362,0.270508504653367,0.2909341273169967,0.4461766889383816,0.2345953971789161,0.3192279138827023,2025-02-15T00:00:00+00:00,4041,2025-02-14T20:00:00+00:00,False
ENG_PL::26847,2025-02-16 14:00:00+00:00,2024,walk_forward_dc,0,0.7515609859922269,0.1562781949724089,0.0921608190353641,0.445899209486166,0.2344367588932806,0.3196640316205533,2025-02-16T00:00:00+00:00,4048,2025-02-15T17:30:00+00:00,False
ENG_PL::26850,2025-02-16 16:30:00+00:00,2024,walk_forward_dc,0,0.485256342026252,0.2246997117442024,0.2900439462295456,0.445899209486166,0.2344367588932806,0.3196640316205533,2025-02-16T00:00:00+00:00,4048,2025-02-15T17:30:00+00:00,False
ENG_PL::26884,2025-02-19 19:30:00+00:00,2024,walk_forward_dc,1,0.2257278430578441,0.2189169262267355,0.5553552307154204,0.4461728395061728,0.234320987654321,0.3195061728395061,2025-02-19T00:00:00+00:00,4050,2025-02-16T16:30:00+00:00,False
ENG_PL::26858,2025-02-21 20:00:00+00:00,2024,walk_forward_dc,2,0.2486751899100785,0.2292658270025129,0.5220589830874086,0.446062700567761,0.2345099975314737,0.3194273019007652,2025-02-21T00:00:00+00:00,4051,2025-02-19T19:30:00+00:00,False
ENG_PL::26855,2025-02-22 12:30:00+00:00,2024,walk_forward_dc,1,0.3811726124848436,0.2630325812229346,0.3557948062922217,0.4459526159921027,0.234452122408687,0.3195952615992102,2025-02-22T00:00:00+00:00,4052,2025-02-21T20:00:00+00:00,False
ENG_PL::26852,2025-02-22 15:00:00+00:00,2024,walk_forward_dc,2,0.5700342585649266,0.2305090318503434,0.1994567095847299,0.4459526159921027,0.234452122408687,0.3195952615992102,2025-02-22T00:00:00+00:00,4052,2025-02-21T20:00:00+00:00,False
ENG_PL::26853,2025-02-22 15:00:00+00:00,2024,walk_forward_dc,2,0.7357432815319409,0.1697976791089371,0.0944590393591218,0.4459526159921027,0.234452122408687,0.3195952615992102,2025-02-22T00:00:00+00:00,4052,2025-02-21T20:00:00+00:00,False
ENG_PL::26856,2025-02-22 15:00:00+00:00,2024,walk_forward_dc,2,0.415849641227678,0.2708103976104255,0.3133399611618964,0.4459526159921027,0.234452122408687,0.3195952615992102,2025-02-22T00:00:00+00:00,4052,2025-02-21T20:00:00+00:00,False
ENG_PL::26857,2025-02-22 15:00:00+00:00,2024,walk_forward_dc,2,0.1992863379928338,0.204735893136461,0.5959777688707051,0.4459526159921027,0.234452122408687,0.3195952615992102,2025-02-22T00:00:00+00:00,4052,2025-02-21T20:00:00+00:00,False
ENG_PL::26861,2025-02-22 15:00:00+00:00,2024,walk_forward_dc,2,0.1806785097264635,0.2104698861860913,0.6088516040874452,0.4459526159921027,0.234452122408687,0.3195952615992102,2025-02-22T00:00:00+00:00,4052,2025-02-21T20:00:00+00:00,False
ENG_PL::26854,2025-02-22 17:30:00+00:00,2024,walk_forward_dc,0,0.3466969544208587,0.2377985274970698,0.4155045180820715,0.4459526159921027,0.234452122408687,0.3195952615992102,2025-02-22T00:00:00+00:00,4052,2025-02-21T20:00:00+00:00,False
ENG_PL::26860,2025-02-23 14:00:00+00:00,2024,walk_forward_dc,0,0.4761242004118747,0.2466787877840965,0.2771970118040286,0.445429908844543,0.2342941611234294,0.3202759300320276,2025-02-23T00:00:00+00:00,4059,2025-02-22T17:30:00+00:00,False
ENG_PL::26859,2025-02-23 16:30:00+00:00,2024,walk_forward_dc,2,0.3645091568468601,0.2398045167167801,0.3956863264363596,0.445429908844543,0.2342941611234294,0.3202759300320276,2025-02-23T00:00:00+00:00,4059,2025-02-22T17:30:00+00:00,False
ENG_PL::26863,2025-02-25 19:30:00+00:00,2024,walk_forward_dc,0,0.4169060543381037,0.2490831404349871,0.3340108052269094,0.4454567840433391,0.2341787737010588,0.320364442255602,2025-02-25T00:00:00+00:00,4061,2025-02-23T16:30:00+00:00,False
ENG_PL::26867,2025-02-25 19:30:00+00:00,2024,walk_forward_dc,2,0.3045065570003638,0.2823159836837132,0.4131774593159229,0.4454567840433391,0.2341787737010588,0.320364442255602,2025-02-25T00:00:00+00:00,4061,2025-02-23T16:30:00+00:00,False
ENG_PL::26868,2025-02-25 19:30:00+00:00,2024,walk_forward_dc,0,0.3961551654757646,0.2557670034360656,0.3480778310881697,0.4454567840433391,0.2341787737010588,0.320364442255602,2025-02-25T00:00:00+00:00,4061,2025-02-23T16:30:00+00:00,False
ENG_PL::26869,2025-02-25 20:15:00+00:00,2024,walk_forward_dc,0,0.7877667246723373,0.1278297481089907,0.0844035272186718,0.4454567840433391,0.2341787737010588,0.320364442255602,2025-02-25T00:00:00+00:00,4061,2025-02-23T16:30:00+00:00,False
ENG_PL::26862,2025-02-26 19:30:00+00:00,2024,walk_forward_dc,1,0.4544553822139238,0.2530932167239582,0.2924514010621179,0.4457564575645756,0.2339483394833948,0.3202952029520295,2025-02-26T00:00:00+00:00,4065,2025-02-25T20:15:00+00:00,False
ENG_PL::26864,2025-02-26 19:30:00+00:00,2024,walk_forward_dc,1,0.1953729908605982,0.2511116403942947,0.5535153687451071,0.4457564575645756,0.2339483394833948,0.3202952029520295,2025-02-26T00:00:00+00:00,4065,2025-02-25T20:15:00+00:00,False
ENG_PL::26865,2025-02-26 19:30:00+00:00,2024,walk_forward_dc,2,0.2707072486072253,0.2230351303662489,0.5062576210265257,0.4457564575645756,0.2339483394833948,0.3202952029520295,2025-02-26T00:00:00+00:00,4065,2025-02-25T20:15:00+00:00,False
ENG_PL::26871,2025-02-26 19:30:00+00:00,2024,walk_forward_dc,0,0.5970582900915622,0.216174227638816,0.1867674822696217,0.4457564575645756,0.2339483394833948,0.3202952029520295,2025-02-26T00:00:00+00:00,4065,2025-02-25T20:15:00+00:00,False
ENG_PL::26870,2025-02-26 20:15:00+00:00,2024,walk_forward_dc,0,0.6055388599723809,0.2004408309024794,0.1940203091251397,0.4457564575645756,0.2339483394833948,0.3202952029520295,2025-02-26T00:00:00+00:00,4065,2025-02-25T20:15:00+00:00,False
ENG_PL::26866,2025-02-27 20:00:00+00:00,2024,walk_forward_dc,0,0.5083110586560683,0.2381669767878461,0.2535219645560857,0.4457002457002457,0.2341523341523341,0.3201474201474201,2025-02-27T00:00:00+00:00,4070,2025-02-26T20:15:00+00:00,False
ENG_PL::26878,2025-03-08 12:30:00+00:00,2024,walk_forward_dc,0,0.2442031988185315,0.2442069796589803,0.5115898215224883,0.4458364038319823,0.2340948169982805,0.3200687791697371,2025-03-08T00:00:00+00:00,4071,2025-02-27T20:00:00+00:00,False
ENG_PL::26873,2025-03-08 15:00:00+00:00,2024,walk_forward_dc,0,0.4392009796839563,0.2668692921508051,0.2939297281652384,0.4458364038319823,0.2340948169982805,0.3200687791697371,2025-03-08T00:00:00+00:00,4071,2025-02-27T20:00:00+00:00,False
ENG_PL::26875,2025-03-08 15:00:00+00:00,2024,walk_forward_dc,0,0.6340507167049925,0.2097647825907298,0.1561845007042777,0.4458364038319823,0.2340948169982805,0.3200687791697371,2025-03-08T00:00:00+00:00,4071,2025-02-27T20:00:00+00:00,False
ENG_PL::26876,2025-03-08 15:00:00+00:00,2024,walk_forward_dc,0,0.8821542985446013,0.0803845754727122,0.0374611259826865,0.4458364038319823,0.2340948169982805,0.3200687791697371,2025-03-08T00:00:00+00:00,4071,2025-02-27T20:00:00+00:00,False
ENG_PL::26872,2025-03-08 17:30:00+00:00,2024,walk_forward_dc,2,0.4216318437031369,0.2382738415960064,0.3400943147008565,0.4458364038319823,0.2340948169982805,0.3200687791697371,2025-03-08T00:00:00+00:00,4071,2025-02-27T20:00:00+00:00,False
ENG_PL::26881,2025-03-08 20:00:00+00:00,2024,walk_forward_dc,1,0.3443033184279587,0.283526038400667,0.3721706431713742,0.4458364038319823,0.2340948169982805,0.3200687791697371,2025-03-08T00:00:00+00:00,4071,2025-02-27T20:00:00+00:00,False
ENG_PL::26874,2025-03-09 14:00:00+00:00,2024,walk_forward_dc,0,0.7091938071818279,0.1686017793496486,0.1222044134685235,0.4461613931812607,0.2339955849889624,0.3198430218297768,2025-03-09T00:00:00+00:00,4077,2025-03-08T20:00:00+00:00,False
ENG_PL::26879,2025-03-09 14:00:00+00:00,2024,walk_forward_dc,1,0.4044144440370973,0.228897465135041,0.3666880908278615,0.4461613931812607,0.2339955849889624,0.3198430218297768,2025-03-09T00:00:00+00:00,4077,2025-03-08T20:00:00+00:00,False
ENG_PL::26877,2025-03-09 16:30:00+00:00,2024,walk_forward_dc,1,0.1744357788797395,0.2298969832661811,0.5956672378540793,0.4461613931812607,0.2339955849889624,0.3198430218297768,2025-03-09T00:00:00+00:00,4077,2025-03-08T20:00:00+00:00,False
ENG_PL::26880,2025-03-10 20:00:00+00:00,2024,walk_forward_dc,2,0.269911838709702,0.2313145664682581,0.4987735948220399,0.446078431372549,0.234313725490196,0.3196078431372549,2025-03-10T00:00:00+00:00,4080,2025-03-09T16:30:00+00:00,False
ENG_PL::26885,2025-03-15 15:00:00+00:00,2024,walk_forward_dc,1,0.4573388796808958,0.2601803780530845,0.2824807422660196,0.4459691252144082,0.2342563097280078,0.3197745650575839,2025-03-15T00:00:00+00:00,4081,2025-03-10T20:00:00+00:00,False
ENG_PL::26887,2025-03-15 15:00:00+00:00,2024,walk_forward_dc,2,0.2288416436308187,0.2454698437079241,0.525688512661257,0.4459691252144082,0.2342563097280078,0.3197745650575839,2025-03-15T00:00:00+00:00,4081,2025-03-10T20:00:00+00:00,False
ENG_PL::26889,2025-03-15 15:00:00+00:00,2024,walk_forward_dc,1,0.5409456370782192,0.2345890538884114,0.2244653090333693,0.4459691252144082,0.2342563097280078,0.3197745650575839,2025-03-15T00:00:00+00:00,4081,2025-03-10T20:00:00+00:00,False
ENG_PL::26891,2025-03-15 15:00:00+00:00,2024,walk_forward_dc,2,0.2565911626798544,0.2474810078694955,0.4959278294506501,0.4459691252144082,0.2342563097280078,0.3197745650575839,2025-03-15T00:00:00+00:00,4081,2025-03-10T20:00:00+00:00,False
ENG_PL::26882,2025-03-15 17:30:00+00:00,2024,walk_forward_dc,2,0.4791708707351175,0.2336003171661723,0.2872288120987102,0.4459691252144082,0.2342563097280078,0.3197745650575839,2025-03-15T00:00:00+00:00,4081,2025-03-10T20:00:00+00:00,False
ENG_PL::26883,2025-03-16 13:30:00+00:00,2024,walk_forward_dc,0,0.5667737699201697,0.2306323144343082,0.2025939156455219,0.4454233969652472,0.2344591287322565,0.3201174743024963,2025-03-16T00:00:00+00:00,4086,2025-03-15T17:30:00+00:00,False
ENG_PL::26886,2025-03-16 13:30:00+00:00,2024,walk_forward_dc,0,0.405197524757488,0.2499139556995681,0.3448885195429439,0.4454233969652472,0.2344591287322565,0.3201174743024963,2025-03-16T00:00:00+00:00,4086,2025-03-15T17:30:00+00:00,False
ENG_PL::26888,2025-03-16 19:00:00+00:00,2024,walk_forward_dc,2,0.2575579854909619,0.2440006947645328,0.4984413197445053,0.4454233969652472,0.2344591287322565,0.3201174743024963,2025-03-16T00:00:00+00:00,4086,2025-03-15T17:30:00+00:00,False
ENG_PL::26892,2025-04-01 18:45:00+00:00,2024,walk_forward_dc,0,0.6028834360943127,0.2411607044339924,0.1559558594716949,0.4455857177794081,0.2342871117632673,0.3201271704573245,2025-04-01T00:00:00+00:00,4089,2025-03-16T19:00:00+00:00,False
ENG_PL::26895,2025-04-01 18:45:00+00:00,2024,walk_forward_dc,0,0.3871957865979,0.2710775876418941,0.341726625760206,0.4455857177794081,0.2342871117632673,0.3201271704573245,2025-04-01T00:00:00+00:00,4089,2025-03-16T19:00:00+00:00,False
ENG_PL::26894,2025-04-01 19:00:00+00:00,2024,walk_forward_dc,0,0.4364500352304644,0.2590654182437306,0.304484546525805,0.4455857177794081,0.2342871117632673,0.3201271704573245,2025-04-01T00:00:00+00:00,4089,2025-03-16T19:00:00+00:00,False
ENG_PL::26893,2025-04-02 18:45:00+00:00,2024,walk_forward_dc,2,0.4653403494332745,0.2447524573134387,0.2899071932532867,0.4459921798631476,0.2341153470185728,0.3198924731182795,2025-04-02T00:00:00+00:00,4092,2025-04-01T19:00:00+00:00,False
ENG_PL::26896,2025-04-02 18:45:00+00:00,2024,walk_forward_dc,2,0.6804716948116624,0.1835756999973587,0.1359526051909791,0.4459921798631476,0.2341153470185728,0.3198924731182795,2025-04-02T00:00:00+00:00,4092,2025-04-01T19:00:00+00:00,False
ENG_PL::26900,2025-04-02 18:45:00+00:00,2024,walk_forward_dc,1,0.1677050583802028,0.2007897890112271,0.6315051526085701,0.4459921798631476,0.2341153470185728,0.3198924731182795,2025-04-02T00:00:00+00:00,4092,2025-04-01T19:00:00+00:00,False
ENG_PL::26898,2025-04-02 18:45:00+00:00,2024,walk_forward_dc,0,0.7554724314985892,0.1551630016765153,0.0893645668248955,0.4459921798631476,0.2341153470185728,0.3198924731182795,2025-04-02T00:00:00+00:00,4092,2025-04-01T19:00:00+00:00,False
ENG_PL::26899,2025-04-02 18:45:00+00:00,2024,walk_forward_dc,0,0.4931483237236327,0.2279186063230621,0.2789330699533052,0.4459921798631476,0.2341153470185728,0.3198924731182795,2025-04-02T00:00:00+00:00,4092,2025-04-01T19:00:00+00:00,False
ENG_PL::26901,2025-04-02 19:00:00+00:00,2024,walk_forward_dc,0,0.6672899492185667,0.1969294900031924,0.1357805607782407,0.4459921798631476,0.2341153470185728,0.3198924731182795,2025-04-02T00:00:00+00:00,4092,2025-04-01T19:00:00+00:00,False
ENG_PL::26897,2025-04-03 19:00:00+00:00,2024,walk_forward_dc,0,0.5031787769858898,0.2176865130068669,0.2791347100072433,0.4460712542703758,0.2340165934602245,0.3199121522693997,2025-04-03T00:00:00+00:00,4098,2025-04-02T19:00:00+00:00,False
ENG_PL::26905,2025-04-05 11:30:00+00:00,2024,walk_forward_dc,1,0.180211270207683,0.2521309139986636,0.5676578157936533,0.4462063918028787,0.2339595023176384,0.3198341058794828,2025-04-05T00:00:00+00:00,4099,2025-04-03T19:00:00+00:00,False
ENG_PL::26904,2025-04-05 14:00:00+00:00,2024,walk_forward_dc,0,0.3730512319105772,0.2621766854222546,0.3647720826671682,0.4462063918028787,0.2339595023176384,0.3198341058794828,2025-04-05T00:00:00+00:00,4099,2025-04-03T19:00:00+00:00,False
ENG_PL::26907,2025-04-05 14:00:00+00:00,2024,walk_forward_dc,2,0.3175433106316508,0.2701279350849104,0.4123287542834388,0.4462063918028787,0.2339595023176384,0.3198341058794828,2025-04-05T00:00:00+00:00,4099,2025-04-03T19:00:00+00:00,False
ENG_PL::26911,2025-04-05 14:00:00+00:00,2024,walk_forward_dc,1,0.280705126768614,0.237790340490566,0.4815045327408198,0.4462063918028787,0.2339595023176384,0.3198341058794828,2025-04-05T00:00:00+00:00,4099,2025-04-03T19:00:00+00:00,False
ENG_PL::26902,2025-04-05 16:30:00+00:00,2024,walk_forward_dc,0,0.4251575704984989,0.2599124477250046,0.3149299817764966,0.4462063918028787,0.2339595023176384,0.3198341058794828,2025-04-05T00:00:00+00:00,4099,2025-04-03T19:00:00+00:00,False
ENG_PL::26903,2025-04-06 13:00:00+00:00,2024,walk_forward_dc,1,0.3282515603443662,0.2355695455314022,0.4361788941242314,0.4461500974658869,0.2341617933723196,0.3196881091617933,2025-04-06T00:00:00+00:00,4104,2025-04-05T16:30:00+00:00,False
ENG_PL::26906,2025-04-06 13:00:00+00:00,2024,walk_forward_dc,0,0.2108223792991874,0.2362754398888829,0.5529021808119297,0.4461500974658869,0.2341617933723196,0.3196881091617933,2025-04-06T00:00:00+00:00,4104,2025-04-05T16:30:00+00:00,False
ENG_PL::26910,2025-04-06 13:00:00+00:00,2024,walk_forward_dc,0,0.72173858898828,0.1577795961741477,0.1204818148375722,0.4461500974658869,0.2341617933723196,0.3196881091617933,2025-04-06T00:00:00+00:00,4104,2025-04-05T16:30:00+00:00,False
ENG_PL::26909,2025-04-06 15:30:00+00:00,2024,walk_forward_dc,1,0.2310401408462762,0.2296076688592192,0.5393521902945044,0.4461500974658869,0.2341617933723196,0.3196881091617933,2025-04-06T00:00:00+00:00,4104,2025-04-05T16:30:00+00:00,False
ENG_PL::26908,2025-04-07 19:00:00+00:00,2024,walk_forward_dc,2,0.1833040698973672,0.2140810897480318,0.6026148403546009,0.4462025316455696,0.2344206426484907,0.3193768257059396,2025-04-07T00:00:00+00:00,4108,2025-04-06T15:30:00+00:00,False
ENG_PL::26917,2025-04-12 11:30:00+00:00,2024,walk_forward_dc,0,0.5570077991056224,0.2322619465963305,0.210730254298047,0.4460939401314188,0.2343635921148698,0.3195424677537113,2025-04-12T00:00:00+00:00,4109,2025-04-07T19:00:00+00:00,False
ENG_PL::26920,2025-04-12 14:00:00+00:00,2024,walk_forward_dc,2,0.4038890752860522,0.2813314826664292,0.3147794420475185,0.4460939401314188,0.2343635921148698,0.3195424677537113,2025-04-12T00:00:00+00:00,4109,2025-04-07T19:00:00+00:00,False
ENG_PL::26921,2025-04-12 14:00:00+00:00,2024,walk_forward_dc,2,0.1737346892604089,0.2006307520989058,0.6256345586406852,0.4460939401314188,0.2343635921148698,0.3195424677537113,2025-04-12T00:00:00+00:00,4109,2025-04-07T19:00:00+00:00,False
ENG_PL::26914,2025-04-12 14:00:00+00:00,2024,walk_forward_dc,1,0.6601077286722331,0.2032940029719828,0.1365982683557839,0.4460939401314188,0.2343635921148698,0.3195424677537113,2025-04-12T00:00:00+00:00,4109,2025-04-07T19:00:00+00:00,False
ENG_PL::26913,2025-04-12 16:30:00+00:00,2024,walk_forward_dc,1,0.6437946221731906,0.2093082646203092,0.1468971132065002,0.4460939401314188,0.2343635921148698,0.3195424677537113,2025-04-12T00:00:00+00:00,4109,2025-04-07T19:00:00+00:00,False
ENG_PL::26915,2025-04-13 13:00:00+00:00,2024,walk_forward_dc,1,0.7181546366554155,0.1660714013027692,0.1157739620418153,0.4457948468643656,0.2345649003403014,0.319640252795333,2025-04-13T00:00:00+00:00,4114,2025-04-12T16:30:00+00:00,False
ENG_PL::26916,2025-04-13 13:00:00+00:00,2024,walk_forward_dc,0,0.7312287239948112,0.1621039932769832,0.1066672827282055,0.4457948468643656,0.2345649003403014,0.319640252795333,2025-04-13T00:00:00+00:00,4114,2025-04-12T16:30:00+00:00,False
ENG_PL::26919,2025-04-13 13:00:00+00:00,2024,walk_forward_dc,0,0.2982992706157316,0.2474315828109606,0.4542691465733078,0.4457948468643656,0.2345649003403014,0.319640252795333,2025-04-13T00:00:00+00:00,4114,2025-04-12T16:30:00+00:00,False
ENG_PL::26918,2025-04-13 15:30:00+00:00,2024,walk_forward_dc,0,0.5229479527837245,0.2267974225910237,0.2502546246252517,0.4457948468643656,0.2345649003403014,0.319640252795333,2025-04-13T00:00:00+00:00,4114,2025-04-12T16:30:00+00:00,False
ENG_PL::26912,2025-04-14 19:00:00+00:00,2024,walk_forward_dc,0,0.4464930157404659,0.2547748164428371,0.2987321678166967,0.4460903351141331,0.2345798931520155,0.3193297717338514,2025-04-14T00:00:00+00:00,4118,2025-04-13T15:30:00+00:00,False
ENG_PL::26890,2025-04-16 18:30:00+00:00,2024,walk_forward_dc,0,0.5034025361843216,0.2325118309034295,0.264085632912249,0.4462248118475358,0.2345229424617625,0.3192522456907016,2025-04-16T00:00:00+00:00,4119,2025-04-14T19:00:00+00:00,False
ENG_PL::26923,2025-04-19 14:00:00+00:00,2024,walk_forward_dc,0,0.3622823953576372,0.253033838931224,0.3846837657111385,0.4463592233009709,0.2344660194174757,0.3191747572815534,2025-04-19T00:00:00+00:00,4120,2025-04-16T18:30:00+00:00,False
ENG_PL::26924,2025-04-19 14:00:00+00:00,2024,walk_forward_dc,1,0.3668884088488359,0.2464106243169698,0.3867009668341944,0.4463592233009709,0.2344660194174757,0.3191747572815534,2025-04-19T00:00:00+00:00,4120,2025-04-16T18:30:00+00:00,False
ENG_PL::26925,2025-04-19 14:00:00+00:00,2024,walk_forward_dc,2,0.2308928071102947,0.2486462016820771,0.5204609912076281,0.4463592233009709,0.2344660194174757,0.3191747572815534,2025-04-19T00:00:00+00:00,4120,2025-04-16T18:30:00+00:00,False
ENG_PL::26931,2025-04-19 14:00:00+00:00,2024,walk_forward_dc,1,0.5948897602595437,0.2164061151500942,0.188704124590362,0.4463592233009709,0.2344660194174757,0.3191747572815534,2025-04-19T00:00:00+00:00,4120,2025-04-16T18:30:00+00:00,False
ENG_PL::26922,2025-04-19 16:30:00+00:00,2024,walk_forward_dc,0,0.351676319616657,0.2387996371718676,0.4095240432114753,0.4463592233009709,0.2344660194174757,0.3191747572815534,2025-04-19T00:00:00+00:00,4120,2025-04-16T18:30:00+00:00,False
ENG_PL::26929,2025-04-20 13:00:00+00:00,2024,walk_forward_dc,2,0.4717140809995962,0.2561671889854922,0.2721187300149117,0.4463030303030303,0.2346666666666666,0.319030303030303,2025-04-20T00:00:00+00:00,4125,2025-04-19T16:30:00+00:00,False
ENG_PL::26926,2025-04-20 13:00:00+00:00,2024,walk_forward_dc,2,0.3414616132637411,0.2562757979161518,0.4022625888201069,0.4463030303030303,0.2346666666666666,0.319030303030303,2025-04-20T00:00:00+00:00,4125,2025-04-19T16:30:00+00:00,False
ENG_PL::26927,2025-04-20 13:00:00+00:00,2024,walk_forward_dc,2,0.0909652305700814,0.1695577949423795,0.7394769744875389,0.4463030303030303,0.2346666666666666,0.319030303030303,2025-04-20T00:00:00+00:00,4125,2025-04-19T16:30:00+00:00,False
ENG_PL::26928,2025-04-20 15:30:00+00:00,2024,walk_forward_dc,2,0.0998402886075818,0.161033247032845,0.7391264643595731,0.4463030303030303,0.2346666666666666,0.319030303030303,2025-04-20T00:00:00+00:00,4125,2025-04-19T16:30:00+00:00,False
ENG_PL::26930,2025-04-21 19:00:00+00:00,2024,walk_forward_dc,2,0.4544017399281227,0.2447583417449863,0.3008399183268909,0.4458706708646161,0.2344393315572777,0.319689997578106,2025-04-21T00:00:00+00:00,4129,2025-04-20T15:30:00+00:00,False
ENG_PL::26937,2025-04-22 19:00:00+00:00,2024,walk_forward_dc,0,0.5733987660321681,0.2181046564279973,0.2084965775398347,0.4457627118644068,0.2343825665859564,0.3198547215496368,2025-04-22T00:00:00+00:00,4130,2025-04-21T19:00:00+00:00,False
ENG_PL::26933,2025-04-23 19:00:00+00:00,2024,walk_forward_dc,1,0.6261239307678672,0.223453956907686,0.1504221123244467,0.4458968772694263,0.2343258290970709,0.3197772936335027,2025-04-23T00:00:00+00:00,4131,2025-04-22T19:00:00+00:00,False
ENG_PL::26935,2025-04-26 11:30:00+00:00,2024,walk_forward_dc,0,0.5163145919756562,0.245373480089428,0.2383119279349156,0.4457889641819942,0.2345111326234269,0.3196999031945789,2025-04-26T00:00:00+00:00,4132,2025-04-23T19:00:00+00:00,False
ENG_PL::26934,2025-04-26 14:00:00+00:00,2024,walk_forward_dc,0,0.540026615579761,0.2361132557104238,0.2238601287098153,0.4457889641819942,0.2345111326234269,0.3196999031945789,2025-04-26T00:00:00+00:00,4132,2025-04-23T19:00:00+00:00,False
ENG_PL::26938,2025-04-26 14:00:00+00:00,2024,walk_forward_dc,0,0.7252784591916247,0.1601103477730653,0.11461119303531,0.4457889641819942,0.2345111326234269,0.3196999031945789,2025-04-26T00:00:00+00:00,4132,2025-04-23T19:00:00+00:00,False
ENG_PL::26940,2025-04-26 14:00:00+00:00,2024,walk_forward_dc,2,0.1867274754035867,0.2326953866688696,0.5805771379275436,0.4457889641819942,0.2345111326234269,0.3196999031945789,2025-04-26T00:00:00+00:00,4132,2025-04-23T19:00:00+00:00,False
ENG_PL::26941,2025-04-26 14:00:00+00:00,2024,walk_forward_dc,0,0.5098501030841422,0.2561883663193543,0.2339615305965033,0.4457889641819942,0.2345111326234269,0.3196999031945789,2025-04-26T00:00:00+00:00,4132,2025-04-23T19:00:00+00:00,False
ENG_PL::26932,2025-04-27 13:00:00+00:00,2024,walk_forward_dc,1,0.5002428853330428,0.2367316606858628,0.2630254539810944,0.4462170655064056,0.2342277012327773,0.319555233260817,2025-04-27T00:00:00+00:00,4137,2025-04-26T14:00:00+00:00,False
ENG_PL::26936,2025-04-27 15:30:00+00:00,2024,walk_forward_dc,0,0.6545763621557422,0.1827048251820493,0.1627188126622082,0.4462170655064056,0.2342277012327773,0.319555233260817,2025-04-27T00:00:00+00:00,4137,2025-04-26T14:00:00+00:00,False
ENG_PL::26939,2025-05-01 18:30:00+00:00,2024,walk_forward_dc,2,0.3699151942632105,0.2596343610440156,0.3704504446927738,0.4462430538777482,0.2343561246677941,0.3194008214544576,2025-05-01T00:00:00+00:00,4139,2025-04-27T15:30:00+00:00,False
ENG_PL::26942,2025-05-02 19:00:00+00:00,2024,walk_forward_dc,0,0.6609146061747121,0.2009736584891073,0.1381117353361806,0.4461352657004831,0.2342995169082125,0.3195652173913043,2025-05-02T00:00:00+00:00,4140,2025-05-01T18:30:00+00:00,False
ENG_PL::26946,2025-05-03 11:30:00+00:00,2024,walk_forward_dc,0,0.4291127805808871,0.2618018881726988,0.3090853312464138,0.446269017145617,0.2342429364887708,0.3194880463656122,2025-05-03T00:00:00+00:00,4141,2025-05-02T19:00:00+00:00,False
ENG_PL::26950,2025-05-03 14:00:00+00:00,2024,walk_forward_dc,1,0.6009188378683923,0.2271257152718932,0.1719554468597143,0.446269017145617,0.2342429364887708,0.3194880463656122,2025-05-03T00:00:00+00:00,4141,2025-05-02T19:00:00+00:00,False
ENG_PL::26951,2025-05-03 14:00:00+00:00,2024,walk_forward_dc,0,0.4429359852505185,0.2535415873066375,0.3035224274428439,0.446269017145617,0.2342429364887708,0.3194880463656122,2025-05-03T00:00:00+00:00,4141,2025-05-02T19:00:00+00:00,False
ENG_PL::26945,2025-05-03 16:30:00+00:00,2024,walk_forward_dc,2,0.5853487837740338,0.2300081595459771,0.1846430566799891,0.446269017145617,0.2342429364887708,0.3194880463656122,2025-05-03T00:00:00+00:00,4141,2025-05-02T19:00:00+00:00,False
ENG_PL::26944,2025-05-04 13:00:00+00:00,2024,walk_forward_dc,1,0.3726549009051288,0.2428131830578376,0.3845319160370336,0.4463208685162846,0.2342581423401688,0.3194209891435464,2025-05-04T00:00:00+00:00,4145,2025-05-03T16:30:00+00:00,False
ENG_PL::26947,2025-05-04 13:00:00+00:00,2024,walk_forward_dc,0,0.445256188015498,0.2442765528742168,0.310467259110285,0.4463208685162846,0.2342581423401688,0.3194209891435464,2025-05-04T00:00:00+00:00,4145,2025-05-03T16:30:00+00:00,False
ENG_PL::26943,2025-05-04 13:00:00+00:00,2024,walk_forward_dc,1,0.3184765047103943,0.2369778492061656,0.4445456460834399,0.4463208685162846,0.2342581423401688,0.3194209891435464,2025-05-04T00:00:00+00:00,4145,2025-05-03T16:30:00+00:00,False
ENG_PL::26948,2025-05-04 15:30:00+00:00,2024,walk_forward_dc,0,0.2731872284569541,0.2306600902406647,0.4961526813023812,0.4463208685162846,0.2342581423401688,0.3194209891435464,2025-05-04T00:00:00+00:00,4145,2025-05-03T16:30:00+00:00,False
ENG_PL::26949,2025-05-05 19:00:00+00:00,2024,walk_forward_dc,1,0.4543779651169997,0.2602859398438726,0.2853360950391276,0.4463726199084116,0.2345143408050132,0.3191130392865751,2025-05-05T00:00:00+00:00,4149,2025-05-04T15:30:00+00:00,False
ENG_PL::26953,2025-05-10 14:00:00+00:00,2024,walk_forward_dc,2,0.4239185832913027,0.286723804925224,0.2893576117834732,0.4462650602409638,0.2346987951807229,0.3190361445783132,2025-05-10T00:00:00+00:00,4150,2025-05-05T19:00:00+00:00,False
ENG_PL::26954,2025-05-10 14:00:00+00:00,2024,walk_forward_dc,2,0.1991145122998077,0.2130379183377005,0.5878475693624916,0.4462650602409638,0.2346987951807229,0.3190361445783132,2025-05-10T00:00:00+00:00,4150,2025-05-05T19:00:00+00:00,False
ENG_PL::26959,2025-05-10 14:00:00+00:00,2024,walk_forward_dc,1,0.0900125251446848,0.1509369017181568,0.7590505731371582,0.4462650602409638,0.2346987951807229,0.3190361445783132,2025-05-10T00:00:00+00:00,4150,2025-05-05T19:00:00+00:00,False
ENG_PL::26961,2025-05-10 14:00:00+00:00,2024,walk_forward_dc,2,0.2961487617557522,0.2692186713493741,0.4346325668948738,0.4462650602409638,0.2346987951807229,0.3190361445783132,2025-05-10T00:00:00+00:00,4150,2025-05-05T19:00:00+00:00,False
ENG_PL::26955,2025-05-10 16:30:00+00:00,2024,walk_forward_dc,2,0.4374282249970391,0.2415337959201639,0.3210379790827968,0.4462650602409638,0.2346987951807229,0.3190361445783132,2025-05-10T00:00:00+00:00,4150,2025-05-05T19:00:00+00:00,False
ENG_PL::26957,2025-05-11 11:00:00+00:00,2024,walk_forward_dc,0,0.4232997702303038,0.2332119909598277,0.3434882388098684,0.4457280385078219,0.2346570397111913,0.3196149217809867,2025-05-11T00:00:00+00:00,4155,2025-05-10T16:30:00+00:00,False
ENG_PL::26960,2025-05-11 13:15:00+00:00,2024,walk_forward_dc,2,0.4249793594127652,0.2374406719469299,0.3375799686403047,0.4457280385078219,0.2346570397111913,0.3196149217809867,2025-05-11T00:00:00+00:00,4155,2025-05-10T16:30:00+00:00,False
ENG_PL::26958,2025-05-11 13:15:00+00:00,2024,walk_forward_dc,1,0.571673018169597,0.2384313573430886,0.1898956244873142,0.4457280385078219,0.2346570397111913,0.3196149217809867,2025-05-11T00:00:00+00:00,4155,2025-05-10T16:30:00+00:00,False
ENG_PL::26956,2025-05-11 13:15:00+00:00,2024,walk_forward_dc,2,0.4708124463854333,0.2475307355847657,0.2816568180298012,0.4457280385078219,0.2346570397111913,0.3196149217809867,2025-05-11T00:00:00+00:00,4155,2025-05-10T16:30:00+00:00,False
ENG_PL::26952,2025-05-11 15:30:00+00:00,2024,walk_forward_dc,1,0.3992742039924277,0.2620047724963987,0.3387210235111738,0.4457280385078219,0.2346570397111913,0.3196149217809867,2025-05-11T00:00:00+00:00,4155,2025-05-10T16:30:00+00:00,False
ENG_PL::26963,2025-05-16 18:30:00+00:00,2024,walk_forward_dc,0,0.462164061785014,0.2311095161872823,0.3067264220277036,0.4454326923076923,0.2348557692307692,0.3197115384615384,2025-05-16T00:00:00+00:00,4160,2025-05-11T15:30:00+00:00,False
ENG_PL::26966,2025-05-16 19:15:00+00:00,2024,walk_forward_dc,0,0.5354694279042632,0.2255766716639763,0.2389539004317604,0.4454326923076923,0.2348557692307692,0.3197115384615384,2025-05-16T00:00:00+00:00,4160,2025-05-11T15:30:00+00:00,False
ENG_PL::26968,2025-05-18 11:00:00+00:00,2024,walk_forward_dc,0,0.6216365288114402,0.2232568665145806,0.1551066046739791,0.4456991830850552,0.2347429120615088,0.3195579048534358,2025-05-18T00:00:00+00:00,4162,2025-05-16T19:15:00+00:00,False
ENG_PL::26971,2025-05-18 13:15:00+00:00,2024,walk_forward_dc,2,0.3687561495842334,0.2702693990744115,0.3609744513413549,0.4456991830850552,0.2347429120615088,0.3195579048534358,2025-05-18T00:00:00+00:00,4162,2025-05-16T19:15:00+00:00,False
ENG_PL::26969,2025-05-18 14:00:00+00:00,2024,walk_forward_dc,0,0.4106681862412206,0.2598882591839838,0.3294435545747956,0.4456991830850552,0.2347429120615088,0.3195579048534358,2025-05-18T00:00:00+00:00,4162,2025-05-16T19:15:00+00:00,False
ENG_PL::26964,2025-05-18 14:00:00+00:00,2024,walk_forward_dc,2,0.4251832885400257,0.2606536161929945,0.3141630952669798,0.4456991830850552,0.2347429120615088,0.3195579048534358,2025-05-18T00:00:00+00:00,4162,2025-05-16T19:15:00+00:00,False
ENG_PL::26962,2025-05-18 15:30:00+00:00,2024,walk_forward_dc,0,0.5408359467490643,0.2357151786847928,0.2234488745661429,0.4456991830850552,0.2347429120615088,0.3195579048534358,2025-05-18T00:00:00+00:00,4162,2025-05-16T19:15:00+00:00,False
ENG_PL::26965,2025-05-19 19:00:00+00:00,2024,walk_forward_dc,0,0.2469754973223391,0.2335602072936328,0.5194642953840278,0.4458843292536597,0.2344612431005519,0.3196544276457883,2025-05-19T00:00:00+00:00,4167,2025-05-18T15:30:00+00:00,False
ENG_PL::26967,2025-05-20 19:00:00+00:00,2024,walk_forward_dc,0,0.5097862756868968,0.2534157665422867,0.2367979577708163,0.4460172744721689,0.234404990403071,0.31957773512476,2025-05-20T00:00:00+00:00,4168,2025-05-19T19:00:00+00:00,False
ENG_PL::26970,2025-05-20 19:00:00+00:00,2024,walk_forward_dc,0,0.5438941256372735,0.2297160974824791,0.2263897768802475,0.4460172744721689,0.234404990403071,0.31957773512476,2025-05-20T00:00:00+00:00,4168,2025-05-19T19:00:00+00:00,False
ENG_PL::26973,2025-05-25 15:00:00+00:00,2024,walk_forward_dc,2,0.5352444977625608,0.239877533204692,0.2248779690327472,0.4462829736211031,0.2342925659472422,0.3194244604316547,2025-05-25T00:00:00+00:00,4170,2025-05-20T19:00:00+00:00,False
ENG_PL::26974,2025-05-25 15:00:00+00:00,2024,walk_forward_dc,0,0.3501912522693543,0.2516882828441991,0.3981204648864466,0.4462829736211031,0.2342925659472422,0.3194244604316547,2025-05-25T00:00:00+00:00,4170,2025-05-20T19:00:00+00:00,False
ENG_PL::26975,2025-05-25 15:00:00+00:00,2024,walk_forward_dc,1,0.6245197950310133,0.1979969161826677,0.1774832887863191,0.4462829736211031,0.2342925659472422,0.3194244604316547,2025-05-25T00:00:00+00:00,4170,2025-05-20T19:00:00+00:00,False
ENG_PL::26978,2025-05-25 15:00:00+00:00,2024,walk_forward_dc,1,0.316225123466948,0.2611580330705789,0.4226168434624731,0.4462829736211031,0.2342925659472422,0.3194244604316547,2025-05-25T00:00:00+00:00,4170,2025-05-20T19:00:00+00:00,False
ENG_PL::26972,2025-05-25 15:00:00+00:00,2024,walk_forward_dc,2,0.2948813855978822,0.2573823269758842,0.4477362874262335,0.4462829736211031,0.2342925659472422,0.3194244604316547,2025-05-25T00:00:00+00:00,4170,2025-05-20T19:00:00+00:00,False
ENG_PL::26979,2025-05-25 15:00:00+00:00,2024,walk_forward_dc,0,0.6839843130536374,0.1869209384929767,0.129094748453386,0.4462829736211031,0.2342925659472422,0.3194244604316547,2025-05-25T00:00:00+00:00,4170,2025-05-20T19:00:00+00:00,False
ENG_PL::26980,2025-05-25 15:00:00+00:00,2024,walk_forward_dc,2,0.2924238697442574,0.2530812992776683,0.4544948309780741,0.4462829736211031,0.2342925659472422,0.3194244604316547,2025-05-25T00:00:00+00:00,4170,2025-05-20T19:00:00+00:00,False
ENG_PL::26981,2025-05-25 15:00:00+00:00,2024,walk_forward_dc,2,0.2577594113542505,0.2603506362998437,0.4818899523459055,0.4462829736211031,0.2342925659472422,0.3194244604316547,2025-05-25T00:00:00+00:00,4170,2025-05-20T19:00:00+00:00,False
ENG_PL::26977,2025-05-25 15:00:00+00:00,2024,walk_forward_dc,2,0.0783867620722809,0.1519575463289867,0.7696556915987324,0.4462829736211031,0.2342925659472422,0.3194244604316547,2025-05-25T00:00:00+00:00,4170,2025-05-20T19:00:00+00:00,False
ENG_PL::26976,2025-05-25 15:00:00+00:00,2024,walk_forward_dc,2,0.3820691396019032,0.2420139338063855,0.375916926591711,0.4462829736211031,0.2342925659472422,0.3194244604316547,2025-05-25T00:00:00+00:00,4170,2025-05-20T19:00:00+00:00,False
ENG_PL::26602,2024-08-16 19:00:00+00:00,2024,walk_forward_poisson,0,0.5028593948281633,0.22610719097428,0.2710334141975564,0.4494736842105263,0.2331578947368421,0.3173684210526316,2024-08-16T00:00:00+00:00,3800,2024-05-19T15:00:00+00:00,False
ENG_PL::26603,2024-08-17 11:30:00+00:00,2024,walk_forward_poisson,2,0.2431392181687397,0.2104492019861752,0.5464115798450849,0.4496185214417258,0.2330965535385425,0.3172849250197316,2024-08-17T00:00:00+00:00,3801,2024-08-16T19:00:00+00:00,True
ENG_PL::26606,2024-08-17 14:00:00+00:00,2024,walk_forward_poisson,0,0.6687063293613194,0.1845262150321937,0.146767455606487,0.4496185214417258,0.2330965535385425,0.3172849250197316,2024-08-17T00:00:00+00:00,3801,2024-08-16T19:00:00+00:00,False
ENG_PL::26607,2024-08-17 14:00:00+00:00,2024,walk_forward_poisson,1,0.4225176632322251,0.247897634465977,0.329584702301798,0.4496185214417258,0.2330965535385425,0.3172849250197316,2024-08-17T00:00:00+00:00,3801,2024-08-16T19:00:00+00:00,False
ENG_PL::26604,2024-08-17 14:00:00+00:00,2024,walk_forward_poisson,0,0.7781857493994293,0.1460881967887645,0.0757260538118062,0.4496185214417258,0.2330965535385425,0.3172849250197316,2024-08-17T00:00:00+00:00,3801,2024-08-16T19:00:00+00:00,False
ENG_PL::26605,2024-08-17 14:00:00+00:00,2024,walk_forward_poisson,2,0.3844458286209457,0.2484533309296569,0.3671008404493974,0.4496185214417258,0.2330965535385425,0.3172849250197316,2024-08-17T00:00:00+00:00,3801,2024-08-16T19:00:00+00:00,False
ENG_PL::26608,2024-08-17 16:30:00+00:00,2024,walk_forward_poisson,2,0.3740967855339324,0.2373667957482484,0.3885364187178192,0.4496185214417258,0.2330965535385425,0.3172849250197316,2024-08-17T00:00:00+00:00,3801,2024-08-16T19:00:00+00:00,False
ENG_PL::26609,2024-08-18 13:00:00+00:00,2024,walk_forward_poisson,0,0.4707323183979823,0.2509249253538624,0.2783427562481548,0.4494352508536905,0.2329918571053323,0.3175728920409771,2024-08-18T00:00:00+00:00,3807,2024-08-17T16:30:00+00:00,False
ENG_PL::26610,2024-08-18 15:30:00+00:00,2024,walk_forward_poisson,2,0.2464787231515312,0.225645025916985,0.5278762509314839,0.4494352508536905,0.2329918571053323,0.3175728920409771,2024-08-18T00:00:00+00:00,3807,2024-08-17T16:30:00+00:00,False
ENG_PL::26611,2024-08-19 19:00:00+00:00,2024,walk_forward_poisson,1,0.3616225227185228,0.2412550950579454,0.3971223822235319,0.4494618009976371,0.2328695195589393,0.3176686794434235,2024-08-19T00:00:00+00:00,3809,2024-08-18T15:30:00+00:00,False
ENG_PL::26612,2024-08-24 11:30:00+00:00,2024,walk_forward_poisson,0,0.5142862791294454,0.2234342322796884,0.2622794885908662,0.4493438320209973,0.2330708661417322,0.3175853018372703,2024-08-24T00:00:00+00:00,3810,2024-08-19T19:00:00+00:00,False
ENG_PL::26613,2024-08-24 14:00:00+00:00,2024,walk_forward_poisson,2,0.4975588268018209,0.2451235924471539,0.257317580751025,0.4493438320209973,0.2330708661417322,0.3175853018372703,2024-08-24T00:00:00+00:00,3810,2024-08-19T19:00:00+00:00,False
ENG_PL::26614,2024-08-24 14:00:00+00:00,2024,walk_forward_poisson,0,0.4025426337967445,0.2626682233929835,0.334789142810272,0.4493438320209973,0.2330708661417322,0.3175853018372703,2024-08-24T00:00:00+00:00,3810,2024-08-19T19:00:00+00:00,False
ENG_PL::26615,2024-08-24 14:00:00+00:00,2024,walk_forward_poisson,0,0.9054912653873024,0.0671100436381311,0.0273986909745664,0.4493438320209973,0.2330708661417322,0.3175853018372703,2024-08-24T00:00:00+00:00,3810,2024-08-19T19:00:00+00:00,False
ENG_PL::26616,2024-08-24 14:00:00+00:00,2024,walk_forward_poisson,2,0.3945274954002556,0.2723224460141822,0.333150058585562,0.4493438320209973,0.2330708661417322,0.3175853018372703,2024-08-24T00:00:00+00:00,3810,2024-08-19T19:00:00+00:00,False
ENG_PL::26617,2024-08-24 14:00:00+00:00,2024,walk_forward_poisson,0,0.5361164361582116,0.2189160113699816,0.244967552471807,0.4493438320209973,0.2330708661417322,0.3175853018372703,2024-08-24T00:00:00+00:00,3810,2024-08-19T19:00:00+00:00,False
ENG_PL::26618,2024-08-24 16:30:00+00:00,2024,walk_forward_poisson,2,0.2237762718498912,0.2292143095529683,0.5470094185971404,0.4493438320209973,0.2330708661417322,0.3175853018372703,2024-08-24T00:00:00+00:00,3810,2024-08-19T19:00:00+00:00,False
ENG_PL::26619,2024-08-25 13:00:00+00:00,2024,walk_forward_poisson,2,0.2555933854825681,0.2294242876838327,0.5149823268335991,0.4495677233429395,0.2326434372543882,0.3177888394026723,2024-08-25T00:00:00+00:00,3817,2024-08-24T16:30:00+00:00,False
ENG_PL::26620,2024-08-25 13:00:00+00:00,2024,walk_forward_poisson,1,0.3670656437455403,0.2246423201104681,0.4082920361439914,0.4495677233429395,0.2326434372543882,0.3177888394026723,2024-08-25T00:00:00+00:00,3817,2024-08-24T16:30:00+00:00,False
ENG_PL::26621,2024-08-25 15:30:00+00:00,2024,walk_forward_poisson,0,0.6632230003937871,0.1759881228510502,0.1607888767551626,0.4495677233429395,0.2326434372543882,0.3177888394026723,2024-08-25T00:00:00+00:00,3817,2024-08-24T16:30:00+00:00,False
ENG_PL::26622,2024-08-31 11:30:00+00:00,2024,walk_forward_poisson,1,0.6096825629791598,0.2178204697096731,0.1724969673111669,0.4494764397905759,0.2327225130890052,0.3178010471204188,2024-08-31T00:00:00+00:00,3820,2024-08-25T15:30:00+00:00,False
ENG_PL::26626,2024-08-31 14:00:00+00:00,2024,walk_forward_poisson,2,0.3779748752607951,0.2498749149546269,0.372150209784578,0.4494764397905759,0.2327225130890052,0.3178010471204188,2024-08-31T00:00:00+00:00,3820,2024-08-25T15:30:00+00:00,False
ENG_PL::26625,2024-08-31 14:00:00+00:00,2024,walk_forward_poisson,1,0.2879962657428094,0.2480626622814179,0.4639410719757726,0.4494764397905759,0.2327225130890052,0.3178010471204188,2024-08-31T00:00:00+00:00,3820,2024-08-25T15:30:00+00:00,False
ENG_PL::26627,2024-08-31 14:00:00+00:00,2024,walk_forward_poisson,1,0.5336424616759862,0.2396103109513684,0.2267472273726455,0.4494764397905759,0.2327225130890052,0.3178010471204188,2024-08-31T00:00:00+00:00,3820,2024-08-25T15:30:00+00:00,False
ENG_PL::26623,2024-08-31 14:00:00+00:00,2024,walk_forward_poisson,0,0.559474725063373,0.2311823234626877,0.2093429514739393,0.4494764397905759,0.2327225130890052,0.3178010471204188,2024-08-31T00:00:00+00:00,3820,2024-08-25T15:30:00+00:00,False
ENG_PL::26624,2024-08-31 14:00:00+00:00,2024,walk_forward_poisson,2,0.4085209120524513,0.2418185656231694,0.3496605223243791,0.4494764397905759,0.2327225130890052,0.3178010471204188,2024-08-31T00:00:00+00:00,3820,2024-08-25T15:30:00+00:00,False
ENG_PL::26628,2024-08-31 16:30:00+00:00,2024,walk_forward_poisson,2,0.149339657184743,0.1943061361207443,0.6563542066945127,0.4494764397905759,0.2327225130890052,0.3178010471204188,2024-08-31T00:00:00+00:00,3820,2024-08-25T15:30:00+00:00,False
ENG_PL::26629,2024-09-01 12:30:00+00:00,2024,walk_forward_poisson,0,0.4793151152913465,0.2136082631543466,0.3070766215543067,0.4489155996864384,0.2330807420956362,0.3180036582179252,2024-09-01T00:00:00+00:00,3827,2024-08-31T16:30:00+00:00,False
ENG_PL::26630,2024-09-01 12:30:00+00:00,2024,walk_forward_poisson,1,0.5194124386342278,0.2350656412943326,0.2455219200714394,0.4489155996864384,0.2330807420956362,0.3180036582179252,2024-09-01T00:00:00+00:00,3827,2024-08-31T16:30:00+00:00,False
ENG_PL::26631,2024-09-01 15:00:00+00:00,2024,walk_forward_poisson,2,0.2337273932444937,0.1999479030269895,0.5663247037285168,0.4489155996864384,0.2330807420956362,0.3180036582179252,2024-09-01T00:00:00+00:00,3827,2024-08-31T16:30:00+00:00,False
ENG_PL::26632,2024-09-14 11:30:00+00:00,2024,walk_forward_poisson,2,0.3191560694504385,0.2398630931161353,0.4409808374334261,0.4488250652741514,0.2331592689295039,0.3180156657963446,2024-09-14T00:00:00+00:00,3830,2024-09-01T15:00:00+00:00,False
ENG_PL::26634,2024-09-14 14:00:00+00:00,2024,walk_forward_poisson,1,0.4557105650178325,0.2424337575576584,0.3018556774245089,0.4488250652741514,0.2331592689295039,0.3180156657963446,2024-09-14T00:00:00+00:00,3830,2024-09-01T15:00:00+00:00,False
ENG_PL::26633,2024-09-14 14:00:00+00:00,2024,walk_forward_poisson,1,0.7095203058522245,0.1772946950699357,0.1131849990778398,0.4488250652741514,0.2331592689295039,0.3180156657963446,2024-09-14T00:00:00+00:00,3830,2024-09-01T15:00:00+00:00,False
ENG_PL::26636,2024-09-14 14:00:00+00:00,2024,walk_forward_poisson,1,0.4573884858965531,0.2689639998764868,0.2736475142269604,0.4488250652741514,0.2331592689295039,0.3180156657963446,2024-09-14T00:00:00+00:00,3830,2024-09-01T15:00:00+00:00,False
ENG_PL::26637,2024-09-14 14:00:00+00:00,2024,walk_forward_poisson,0,0.6889504308599298,0.1809350217065753,0.1301145474334948,0.4488250652741514,0.2331592689295039,0.3180156657963446,2024-09-14T00:00:00+00:00,3830,2024-09-01T15:00:00+00:00,False
ENG_PL::26635,2024-09-14 14:00:00+00:00,2024,walk_forward_poisson,2,0.6791890526603842,0.1788424484880752,0.1419684988515406,0.4488250652741514,0.2331592689295039,0.3180156657963446,2024-09-14T00:00:00+00:00,3830,2024-09-01T15:00:00+00:00,False
ENG_PL::26638,2024-09-14 16:30:00+00:00,2024,walk_forward_poisson,0,0.4946168773185204,0.230657678339046,0.2747254443424334,0.4488250652741514,0.2331592689295039,0.3180156657963446,2024-09-14T00:00:00+00:00,3830,2024-09-01T15:00:00+00:00,False
ENG_PL::26639,2024-09-14 19:00:00+00:00,2024,walk_forward_poisson,2,0.3797292416904642,0.2244985373453379,0.3957722209641978,0.4488250652741514,0.2331592689295039,0.3180156657963446,2024-09-14T00:00:00+00:00,3830,2024-09-01T15:00:00+00:00,False
ENG_PL::26640,2024-09-15 13:00:00+00:00,2024,walk_forward_poisson,2,0.2720299758349693,0.2372241746472346,0.4907458495177961,0.4484106305367379,0.2334549244398124,0.3181344450234497,2024-09-15T00:00:00+00:00,3838,2024-09-14T19:00:00+00:00,False
ENG_PL::26641,2024-09-15 15:30:00+00:00,2024,walk_forward_poisson,2,0.2522209797269762,0.222920618934647,0.5248584013383766,0.4484106305367379,0.2334549244398124,0.3181344450234497,2024-09-15T00:00:00+00:00,3838,2024-09-14T19:00:00+00:00,False
ENG_PL::26642,2024-09-21 11:30:00+00:00,2024,walk_forward_poisson,2,0.2765297550777851,0.2215963722038217,0.5018738727183932,0.4481770833333333,0.2333333333333333,0.3184895833333333,2024-09-21T00:00:00+00:00,3840,2024-09-15T15:30:00+00:00,False
ENG_PL::26645,2024-09-21 14:00:00+00:00,2024,walk_forward_poisson,0,0.6741418617836669,0.1715409325710768,0.1543172056452561,0.4481770833333333,0.2333333333333333,0.3184895833333333,2024-09-21T00:00:00+00:00,3840,2024-09-15T15:30:00+00:00,False
ENG_PL::26647,2024-09-21 14:00:00+00:00,2024,walk_forward_poisson,0,0.57873809585316,0.2155504511501172,0.2057114529967228,0.4481770833333333,0.2333333333333333,0.3184895833333333,2024-09-21T00:00:00+00:00,3840,2024-09-15T15:30:00+00:00,False
ENG_PL::26648,2024-09-21 14:00:00+00:00,2024,walk_forward_poisson,0,0.4821923437061283,0.2250271028203376,0.2927805534735341,0.4481770833333333,0.2333333333333333,0.3184895833333333,2024-09-21T00:00:00+00:00,3840,2024-09-15T15:30:00+00:00,False
ENG_PL::26646,2024-09-21 14:00:00+00:00,2024,walk_forward_poisson,0,0.3198260803709576,0.2333049500618181,0.4468689695672242,0.4481770833333333,0.2333333333333333,0.3184895833333333,2024-09-21T00:00:00+00:00,3840,2024-09-15T15:30:00+00:00,False
ENG_PL::26644,2024-09-21 14:00:00+00:00,2024,walk_forward_poisson,1,0.3977304357263815,0.2544909829673102,0.3477785813063084,0.4481770833333333,0.2333333333333333,0.3184895833333333,2024-09-21T00:00:00+00:00,3840,2024-09-15T15:30:00+00:00,False
ENG_PL::26643,2024-09-21 14:00:00+00:00,2024,walk_forward_poisson,1,0.4714083267863515,0.2620952056935937,0.2664964675200546,0.4481770833333333,0.2333333333333333,0.3184895833333333,2024-09-21T00:00:00+00:00,3840,2024-09-15T15:30:00+00:00,False
ENG_PL::26649,2024-09-21 16:30:00+00:00,2024,walk_forward_poisson,1,0.3921665478197721,0.2497175369229372,0.3581159152572908,0.4481770833333333,0.2333333333333333,0.3184895833333333,2024-09-21T00:00:00+00:00,3840,2024-09-15T15:30:00+00:00,False
ENG_PL::26650,2024-09-22 13:00:00+00:00,2024,walk_forward_poisson,1,0.4854666968549767,0.2519794948509607,0.2625538082940626,0.4482848232848233,0.2336278586278586,0.3180873180873181,2024-09-22T00:00:00+00:00,3848,2024-09-21T16:30:00+00:00,False
ENG_PL::26651,2024-09-22 15:30:00+00:00,2024,walk_forward_poisson,1,0.4481603252586816,0.2684112432329373,0.2834284315083809,0.4482848232848233,0.2336278586278586,0.3180873180873181,2024-09-22T00:00:00+00:00,3848,2024-09-21T16:30:00+00:00,False
ENG_PL::26652,2024-09-28 11:30:00+00:00,2024,walk_forward_poisson,1,0.2345063504857419,0.2193374242596346,0.5461562252546235,0.448051948051948,0.234025974025974,0.3179220779220779,2024-09-28T00:00:00+00:00,3850,2024-09-22T15:30:00+00:00,False
ENG_PL::26653,2024-09-28 14:00:00+00:00,2024,walk_forward_poisson,2,0.4347270516606887,0.2628251971415343,0.3024477511977769,0.448051948051948,0.234025974025974,0.3179220779220779,2024-09-28T00:00:00+00:00,3850,2024-09-22T15:30:00+00:00,False
ENG_PL::26654,2024-09-28 14:00:00+00:00,2024,walk_forward_poisson,0,0.4194917060917084,0.2588198038525103,0.3216884900557812,0.448051948051948,0.234025974025974,0.3179220779220779,2024-09-28T00:00:00+00:00,3850,2024-09-22T15:30:00+00:00,False
ENG_PL::26655,2024-09-28 14:00:00+00:00,2024,walk_forward_poisson,0,0.7056411040266648,0.1823464168477915,0.1120124791255435,0.448051948051948,0.234025974025974,0.3179220779220779,2024-09-28T00:00:00+00:00,3850,2024-09-22T15:30:00+00:00,False
ENG_PL::26656,2024-09-28 14:00:00+00:00,2024,walk_forward_poisson,1,0.5554689072049135,0.2153580993515742,0.2291729934435122,0.448051948051948,0.234025974025974,0.3179220779220779,2024-09-28T00:00:00+00:00,3850,2024-09-22T15:30:00+00:00,False
ENG_PL::26657,2024-09-28 14:00:00+00:00,2024,walk_forward_poisson,0,0.465397029387334,0.2349152086808781,0.2996877619317878,0.448051948051948,0.234025974025974,0.3179220779220779,2024-09-28T00:00:00+00:00,3850,2024-09-22T15:30:00+00:00,False
ENG_PL::26658,2024-09-28 16:30:00+00:00,2024,walk_forward_poisson,2,0.152885076318843,0.1860055652003253,0.6611093584808319,0.448051948051948,0.234025974025974,0.3179220779220779,2024-09-28T00:00:00+00:00,3850,2024-09-22T15:30:00+00:00,False
ENG_PL::26659,2024-09-29 13:00:00+00:00,2024,walk_forward_poisson,1,0.2096872059604274,0.2131201170349534,0.5771926770046193,0.4480165932071558,0.234119782214156,0.3178636245786881,2024-09-29T00:00:00+00:00,3857,2024-09-28T16:30:00+00:00,False
ENG_PL::26660,2024-09-29 15:30:00+00:00,2024,walk_forward_poisson,2,0.3822147856673716,0.2240848239754357,0.3937003903571927,0.4480165932071558,0.234119782214156,0.3178636245786881,2024-09-29T00:00:00+00:00,3857,2024-09-28T16:30:00+00:00,False
ENG_PL::26661,2024-09-30 19:00:00+00:00,2024,walk_forward_poisson,0,0.600387803212339,0.2053471199964444,0.1942650767912166,0.4477844001036538,0.2342575796838559,0.3179580202124902,2024-09-30T00:00:00+00:00,3859,2024-09-29T15:30:00+00:00,False
ENG_PL::26662,2024-10-05 11:30:00+00:00,2024,walk_forward_poisson,2,0.2146967367189756,0.2209566037079076,0.5643466595731168,0.4479274611398964,0.2341968911917098,0.3178756476683937,2024-10-05T00:00:00+00:00,3860,2024-09-30T19:00:00+00:00,False
ENG_PL::26667,2024-10-05 14:00:00+00:00,2024,walk_forward_poisson,0,0.5539953880384691,0.2283422593834871,0.2176623525780436,0.4479274611398964,0.2341968911917098,0.3178756476683937,2024-10-05T00:00:00+00:00,3860,2024-09-30T19:00:00+00:00,False
ENG_PL::26665,2024-10-05 14:00:00+00:00,2024,walk_forward_poisson,0,0.5202779499616116,0.228255434245051,0.2514666157933372,0.4479274611398964,0.2341968911917098,0.3178756476683937,2024-10-05T00:00:00+00:00,3860,2024-09-30T19:00:00+00:00,False
ENG_PL::26666,2024-10-05 14:00:00+00:00,2024,walk_forward_poisson,0,0.7859332926104892,0.139538367899063,0.0745283394904481,0.4479274611398964,0.2341968911917098,0.3178756476683937,2024-10-05T00:00:00+00:00,3860,2024-09-30T19:00:00+00:00,False
ENG_PL::26663,2024-10-05 14:00:00+00:00,2024,walk_forward_poisson,0,0.3067472183360057,0.234869825178052,0.4583829564859422,0.4479274611398964,0.2341968911917098,0.3178756476683937,2024-10-05T00:00:00+00:00,3860,2024-09-30T19:00:00+00:00,False
ENG_PL::26664,2024-10-05 14:00:00+00:00,2024,walk_forward_poisson,0,0.7143158054568861,0.1768241899046027,0.1088600046385111,0.4479274611398964,0.2341968911917098,0.3178756476683937,2024-10-05T00:00:00+00:00,3860,2024-09-30T19:00:00+00:00,False
ENG_PL::26669,2024-10-05 16:30:00+00:00,2024,walk_forward_poisson,1,0.3375014508265198,0.2313871084445783,0.4311114407289018,0.4479274611398964,0.2341968911917098,0.3178756476683937,2024-10-05T00:00:00+00:00,3860,2024-09-30T19:00:00+00:00,False
ENG_PL::26668,2024-10-06 13:00:00+00:00,2024,walk_forward_poisson,1,0.5385224166489646,0.2322143824355965,0.2292632009154389,0.4484096198603569,0.2340315490043961,0.3175588311352469,2024-10-06T00:00:00+00:00,3867,2024-10-05T16:30:00+00:00,False
ENG_PL::26670,2024-10-06 13:00:00+00:00,2024,walk_forward_poisson,1,0.4897609773940319,0.2187521249026578,0.2914868977033104,0.4484096198603569,0.2340315490043961,0.3175588311352469,2024-10-06T00:00:00+00:00,3867,2024-10-05T16:30:00+00:00,False
ENG_PL::26671,2024-10-06 15:30:00+00:00,2024,walk_forward_poisson,0,0.3898017675915811,0.2345648221528355,0.3756334102555833,0.4484096198603569,0.2340315490043961,0.3175588311352469,2024-10-06T00:00:00+00:00,3867,2024-10-05T16:30:00+00:00,False
ENG_PL::26672,2024-10-19 11:30:00+00:00,2024,walk_forward_poisson,0,0.6368503016535306,0.1860112632610184,0.1771384350854509,0.4483204134366925,0.2343669250645995,0.317312661498708,2024-10-19T00:00:00+00:00,3870,2024-10-06T15:30:00+00:00,False
ENG_PL::26676,2024-10-19 14:00:00+00:00,2024,walk_forward_poisson,2,0.4537184551199362,0.2320902531769207,0.3141912917031431,0.4483204134366925,0.2343669250645995,0.317312661498708,2024-10-19T00:00:00+00:00,3870,2024-10-06T15:30:00+00:00,False
ENG_PL::26675,2024-10-19 14:00:00+00:00,2024,walk_forward_poisson,0,0.4187973214970993,0.2300852733833886,0.3511174051195119,0.4483204134366925,0.2343669250645995,0.317312661498708,2024-10-19T00:00:00+00:00,3870,2024-10-06T15:30:00+00:00,False
ENG_PL::26678,2024-10-19 14:00:00+00:00,2024,walk_forward_poisson,2,0.4286061153186229,0.2464297467450459,0.3249641379363309,0.4483204134366925,0.2343669250645995,0.317312661498708,2024-10-19T00:00:00+00:00,3870,2024-10-06T15:30:00+00:00,False
ENG_PL::26673,2024-10-19 14:00:00+00:00,2024,walk_forward_poisson,2,0.406158979494673,0.2476232720950656,0.3462177484102614,0.4483204134366925,0.2343669250645995,0.317312661498708,2024-10-19T00:00:00+00:00,3870,2024-10-06T15:30:00+00:00,False
ENG_PL::26674,2024-10-19 14:00:00+00:00,2024,walk_forward_poisson,2,0.2745269930256528,0.2283608077692359,0.4971121992051112,0.4483204134366925,0.2343669250645995,0.317312661498708,2024-10-19T00:00:00+00:00,3870,2024-10-06T15:30:00+00:00,False
ENG_PL::26680,2024-10-19 16:30:00+00:00,2024,walk_forward_poisson,0,0.2270840094066698,0.2252915904267329,0.5476244001665971,0.4483204134366925,0.2343669250645995,0.317312661498708,2024-10-19T00:00:00+00:00,3870,2024-10-06T15:30:00+00:00,False
ENG_PL::26681,2024-10-20 13:00:00+00:00,2024,walk_forward_poisson,2,0.1290825719169744,0.1922199123308476,0.6786975157521781,0.4482847562548362,0.2339437709569254,0.3177714727882383,2024-10-20T00:00:00+00:00,3877,2024-10-19T16:30:00+00:00,False
ENG_PL::26679,2024-10-20 15:30:00+00:00,2024,walk_forward_poisson,0,0.5886701318737788,0.1970369879848823,0.214292880141339,0.4482847562548362,0.2339437709569254,0.3177714727882383,2024-10-20T00:00:00+00:00,3877,2024-10-19T16:30:00+00:00,False
ENG_PL::26677,2024-10-21 19:00:00+00:00,2024,walk_forward_poisson,0,0.4374540196864775,0.2728038920475666,0.2897420882659557,0.4483114204691931,0.2338231502964681,0.3178654292343387,2024-10-21T00:00:00+00:00,3879,2024-10-20T15:30:00+00:00,False
ENG_PL::26682,2024-10-25 19:00:00+00:00,2024,walk_forward_poisson,2,0.3135715596633525,0.254260884218582,0.4321675561180653,0.4484536082474227,0.2337628865979381,0.3177835051546391,2024-10-25T00:00:00+00:00,3880,2024-10-21T19:00:00+00:00,False
ENG_PL::26683,2024-10-26 14:00:00+00:00,2024,walk_forward_poisson,0,0.8003376752168299,0.1294306954419455,0.0702316293412245,0.4483380572017521,0.2337026539551662,0.3179592888430816,2024-10-26T00:00:00+00:00,3881,2024-10-25T19:00:00+00:00,False
ENG_PL::26684,2024-10-26 14:00:00+00:00,2024,walk_forward_poisson,1,0.4394436963496037,0.2352724691191418,0.3252838345312543,0.4483380572017521,0.2337026539551662,0.3179592888430816,2024-10-26T00:00:00+00:00,3881,2024-10-25T19:00:00+00:00,False
ENG_PL::26685,2024-10-26 14:00:00+00:00,2024,walk_forward_poisson,0,0.6882701135155841,0.1719278005968568,0.1398020858875589,0.4483380572017521,0.2337026539551662,0.3179592888430816,2024-10-26T00:00:00+00:00,3881,2024-10-25T19:00:00+00:00,False
ENG_PL::26686,2024-10-26 14:00:00+00:00,2024,walk_forward_poisson,1,0.6057694836591855,0.2157330001362861,0.1784975162045283,0.4483380572017521,0.2337026539551662,0.3179592888430816,2024-10-26T00:00:00+00:00,3881,2024-10-25T19:00:00+00:00,False
ENG_PL::26687,2024-10-26 16:30:00+00:00,2024,walk_forward_poisson,1,0.3937070304617136,0.2542422167742487,0.3520507527640377,0.4483380572017521,0.2337026539551662,0.3179592888430816,2024-10-26T00:00:00+00:00,3881,2024-10-25T19:00:00+00:00,False
ENG_PL::26688,2024-10-27 14:00:00+00:00,2024,walk_forward_poisson,0,0.4880022148851325,0.2166379119508132,0.2953598731640543,0.4482758620689655,0.2341739577972208,0.3175501801338137,2024-10-27T00:00:00+00:00,3886,2024-10-26T16:30:00+00:00,False
ENG_PL::26689,2024-10-27 14:00:00+00:00,2024,walk_forward_poisson,0,0.3001108408963659,0.2426248202440928,0.4572643388595414,0.4482758620689655,0.2341739577972208,0.3175501801338137,2024-10-27T00:00:00+00:00,3886,2024-10-26T16:30:00+00:00,False
ENG_PL::26690,2024-10-27 14:00:00+00:00,2024,walk_forward_poisson,0,0.3788402594201485,0.2317953834879091,0.3893643570919426,0.4482758620689655,0.2341739577972208,0.3175501801338137,2024-10-27T00:00:00+00:00,3886,2024-10-26T16:30:00+00:00,False
ENG_PL::26691,2024-10-27 16:30:00+00:00,2024,walk_forward_poisson,1,0.462648297589224,0.2371741700639127,0.300177532346863,0.4482758620689655,0.2341739577972208,0.3175501801338137,2024-10-27T00:00:00+00:00,3886,2024-10-26T16:30:00+00:00,False
ENG_PL::26694,2024-11-02 12:30:00+00:00,2024,walk_forward_poisson,0,0.2804738004206427,0.2326091544644911,0.4869170451148661,0.448586118251928,0.2341902313624678,0.3172236503856041,2024-11-02T00:00:00+00:00,3890,2024-10-27T16:30:00+00:00,False
ENG_PL::26692,2024-11-02 15:00:00+00:00,2024,walk_forward_poisson,0,0.2134447453704033,0.2253072433110602,0.5612480113185363,0.448586118251928,0.2341902313624678,0.3172236503856041,2024-11-02T00:00:00+00:00,3890,2024-10-27T16:30:00+00:00,False
ENG_PL::26695,2024-11-02 15:00:00+00:00,2024,walk_forward_poisson,1,0.3849184663340373,0.2263594349483725,0.3887220987175899,0.448586118251928,0.2341902313624678,0.3172236503856041,2024-11-02T00:00:00+00:00,3890,2024-10-27T16:30:00+00:00,False
ENG_PL::26696,2024-11-02 15:00:00+00:00,2024,walk_forward_poisson,0,0.6124445418977361,0.2004496884115646,0.187105769690699,0.448586118251928,0.2341902313624678,0.3172236503856041,2024-11-02T00:00:00+00:00,3890,2024-10-27T16:30:00+00:00,False
ENG_PL::26698,2024-11-02 15:00:00+00:00,2024,walk_forward_poisson,0,0.5035615847646755,0.2401480495996614,0.2562903656356632,0.448586118251928,0.2341902313624678,0.3172236503856041,2024-11-02T00:00:00+00:00,3890,2024-10-27T16:30:00+00:00,False
ENG_PL::26699,2024-11-02 15:00:00+00:00,2024,walk_forward_poisson,0,0.3391605339436256,0.247840559217571,0.4129989068388033,0.448586118251928,0.2341902313624678,0.3172236503856041,2024-11-02T00:00:00+00:00,3890,2024-10-27T16:30:00+00:00,False
ENG_PL::26701,2024-11-02 17:30:00+00:00,2024,walk_forward_poisson,1,0.3470479149807408,0.2732195574653704,0.3797325275538887,0.448586118251928,0.2341902313624678,0.3172236503856041,2024-11-02T00:00:00+00:00,3890,2024-10-27T16:30:00+00:00,False
ENG_PL::26700,2024-11-03 14:00:00+00:00,2024,walk_forward_poisson,0,0.5235236432786939,0.2197603930592885,0.2567159636620175,0.4490633820887862,0.2342827816268924,0.3166538362843212,2024-11-03T00:00:00+00:00,3897,2024-11-02T17:30:00+00:00,False
ENG_PL::26697,2024-11-03 16:30:00+00:00,2024,walk_forward_poisson,1,0.3535961497426789,0.2240877179927148,0.4223161322646063,0.4490633820887862,0.2342827816268924,0.3166538362843212,2024-11-03T00:00:00+00:00,3897,2024-11-02T17:30:00+00:00,False
ENG_PL::26693,2024-11-04 20:00:00+00:00,2024,walk_forward_poisson,0,0.4268577949435765,0.2455181986297787,0.3276240064266446,0.4490895101308028,0.2344190818158502,0.316491408053347,2024-11-04T00:00:00+00:00,3899,2024-11-03T16:30:00+00:00,False
ENG_PL::26702,2024-11-09 15:00:00+00:00,2024,walk_forward_poisson,0,0.4414181059556301,0.2341302914992125,0.3244516025451575,0.4492307692307692,0.2343589743589743,0.3164102564102564,2024-11-09T00:00:00+00:00,3900,2024-11-04T20:00:00+00:00,False
ENG_PL::26706,2024-11-09 15:00:00+00:00,2024,walk_forward_poisson,2,0.3932876837498027,0.2667719386165561,0.3399403776336411,0.4492307692307692,0.2343589743589743,0.3164102564102564,2024-11-09T00:00:00+00:00,3900,2024-11-04T20:00:00+00:00,False
ENG_PL::26710,2024-11-09 15:00:00+00:00,2024,walk_forward_poisson,1,0.4032093533727022,0.2468166521743229,0.3499739944529747,0.4492307692307692,0.2343589743589743,0.3164102564102564,2024-11-09T00:00:00+00:00,3900,2024-11-04T20:00:00+00:00,False
ENG_PL::26711,2024-11-09 15:00:00+00:00,2024,walk_forward_poisson,0,0.4734785251617457,0.246377371108217,0.2801441037300372,0.4492307692307692,0.2343589743589743,0.3164102564102564,2024-11-09T00:00:00+00:00,3900,2024-11-04T20:00:00+00:00,False
ENG_PL::26703,2024-11-09 17:30:00+00:00,2024,walk_forward_poisson,0,0.2587444380260744,0.2427935915964476,0.498461970377478,0.4492307692307692,0.2343589743589743,0.3164102564102564,2024-11-09T00:00:00+00:00,3900,2024-11-04T20:00:00+00:00,False
ENG_PL::26707,2024-11-09 20:00:00+00:00,2024,walk_forward_poisson,0,0.6428308626641701,0.1881255455744462,0.1690435917613836,0.4492307692307692,0.2343589743589743,0.3164102564102564,2024-11-09T00:00:00+00:00,3900,2024-11-04T20:00:00+00:00,False
ENG_PL::26704,2024-11-10 14:00:00+00:00,2024,walk_forward_poisson,2,0.3881173531251436,0.2509917590235529,0.3608908878513033,0.4495647721454173,0.2342549923195084,0.3161802355350742,2024-11-10T00:00:00+00:00,3906,2024-11-09T20:00:00+00:00,False
ENG_PL::26708,2024-11-10 14:00:00+00:00,2024,walk_forward_poisson,0,0.600299960755468,0.1990646313515189,0.2006354078930131,0.4495647721454173,0.2342549923195084,0.3161802355350742,2024-11-10T00:00:00+00:00,3906,2024-11-09T20:00:00+00:00,False
ENG_PL::26709,2024-11-10 14:00:00+00:00,2024,walk_forward_poisson,2,0.7956456045359585,0.1205214667481718,0.0838329287158696,0.4495647721454173,0.2342549923195084,0.3161802355350742,2024-11-10T00:00:00+00:00,3906,2024-11-09T20:00:00+00:00,False
ENG_PL::26705,2024-11-10 16:30:00+00:00,2024,walk_forward_poisson,1,0.3085361120133334,0.245910996659476,0.4455528913271904,0.4495647721454173,0.2342549923195084,0.3161802355350742,2024-11-10T00:00:00+00:00,3906,2024-11-09T20:00:00+00:00,False
ENG_PL::26719,2024-11-23 12:30:00+00:00,2024,walk_forward_poisson,2,0.2366393660306743,0.2177355398030079,0.5456250941663178,0.4493606138107416,0.2342710997442455,0.3163682864450128,2024-11-23T00:00:00+00:00,3910,2024-11-10T16:30:00+00:00,False
ENG_PL::26712,2024-11-23 15:00:00+00:00,2024,walk_forward_poisson,2,0.415627096839658,0.2385426772731304,0.3458302258872116,0.4493606138107416,0.2342710997442455,0.3163682864450128,2024-11-23T00:00:00+00:00,3910,2024-11-10T16:30:00+00:00,False
ENG_PL::26717,2024-11-23 15:00:00+00:00,2024,walk_forward_poisson,2,0.5605757191721168,0.233066227824495,0.2063580530033881,0.4493606138107416,0.2342710997442455,0.3163682864450128,2024-11-23T00:00:00+00:00,3910,2024-11-10T16:30:00+00:00,False
ENG_PL::26714,2024-11-23 15:00:00+00:00,2024,walk_forward_poisson,0,0.6319274468007373,0.216786656789358,0.1512858964099045,0.4493606138107416,0.2342710997442455,0.3163682864450128,2024-11-23T00:00:00+00:00,3910,2024-11-10T16:30:00+00:00,False
ENG_PL::26716,2024-11-23 15:00:00+00:00,2024,walk_forward_poisson,1,0.5093302921964772,0.2389104041057619,0.251759303697761,0.4493606138107416,0.2342710997442455,0.3163682864450128,2024-11-23T00:00:00+00:00,3910,2024-11-10T16:30:00+00:00,False
ENG_PL::26715,2024-11-23 15:00:00+00:00,2024,walk_forward_poisson,1,0.3947311773476253,0.2494467083254067,0.3558221143269677,0.4493606138107416,0.2342710997442455,0.3163682864450128,2024-11-23T00:00:00+00:00,3910,2024-11-10T16:30:00+00:00,False
ENG_PL::26720,2024-11-23 17:30:00+00:00,2024,walk_forward_poisson,2,0.6221263059580535,0.1968374520875084,0.1810362419544378,0.4493606138107416,0.2342710997442455,0.3163682864450128,2024-11-23T00:00:00+00:00,3910,2024-11-10T16:30:00+00:00,False
ENG_PL::26721,2024-11-24 14:00:00+00:00,2024,walk_forward_poisson,2,0.1317421256459107,0.1723033686725656,0.6959545056815236,0.4488128669900434,0.2343630329333673,0.3168241000765892,2024-11-24T00:00:00+00:00,3917,2024-11-23T17:30:00+00:00,False
ENG_PL::26718,2024-11-24 16:30:00+00:00,2024,walk_forward_poisson,1,0.2682227609749967,0.2100837559118845,0.5216934831131186,0.4488128669900434,0.2343630329333673,0.3168241000765892,2024-11-24T00:00:00+00:00,3917,2024-11-23T17:30:00+00:00,False
ENG_PL::26713,2024-11-25 20:00:00+00:00,2024,walk_forward_poisson,2,0.6087717872612947,0.1986423761143809,0.1925858366243244,0.4485838224036744,0.2344985965807604,0.3169175810155652,2024-11-25T00:00:00+00:00,3919,2024-11-24T16:30:00+00:00,False
ENG_PL::26723,2024-11-29 20:00:00+00:00,2024,walk_forward_poisson,1,0.6513846655342056,0.1951476848456907,0.1534676496201035,0.448469387755102,0.2344387755102041,0.3170918367346939,2024-11-29T00:00:00+00:00,3920,2024-11-25T20:00:00+00:00,False
ENG_PL::26731,2024-11-30 15:00:00+00:00,2024,walk_forward_poisson,2,0.2932380226115931,0.2442577678195186,0.4625042095688881,0.4483550114766641,0.2346340219331803,0.3170109665901556,2024-11-30T00:00:00+00:00,3921,2024-11-29T20:00:00+00:00,False
ENG_PL::26728,2024-11-30 15:00:00+00:00,2024,walk_forward_poisson,0,0.611823477924913,0.2050786055366601,0.1830979165384267,0.4483550114766641,0.2346340219331803,0.3170109665901556,2024-11-30T00:00:00+00:00,3921,2024-11-29T20:00:00+00:00,False
ENG_PL::26722,2024-11-30 15:00:00+00:00,2024,walk_forward_poisson,0,0.602855923046286,0.2065427224049566,0.1906013545487573,0.4483550114766641,0.2346340219331803,0.3170109665901556,2024-11-30T00:00:00+00:00,3921,2024-11-29T20:00:00+00:00,False
ENG_PL::26725,2024-11-30 15:00:00+00:00,2024,walk_forward_poisson,1,0.3308092238108017,0.2450487881783169,0.4241419880108814,0.4483550114766641,0.2346340219331803,0.3170109665901556,2024-11-30T00:00:00+00:00,3921,2024-11-29T20:00:00+00:00,False
ENG_PL::26730,2024-11-30 17:30:00+00:00,2024,walk_forward_poisson,2,0.1696922471518089,0.2113074561551038,0.6190002966930873,0.4483550114766641,0.2346340219331803,0.3170109665901556,2024-11-30T00:00:00+00:00,3921,2024-11-29T20:00:00+00:00,False
ENG_PL::26724,2024-12-01 13:30:00+00:00,2024,walk_forward_poisson,0,0.5113215751112722,0.2201598935684328,0.2685185313202947,0.4482934284258787,0.2345899133978604,0.3171166581762608,2024-12-01T00:00:00+00:00,3926,2024-11-30T17:30:00+00:00,False
ENG_PL::26727,2024-12-01 13:30:00+00:00,2024,walk_forward_poisson,0,0.4664829725801536,0.2378260771882865,0.2956909502315599,0.4482934284258787,0.2345899133978604,0.3171166581762608,2024-12-01T00:00:00+00:00,3926,2024-11-30T17:30:00+00:00,False
ENG_PL::26729,2024-12-01 13:30:00+00:00,2024,walk_forward_poisson,1,0.5371187191862985,0.2188780909626843,0.2440031898510173,0.4482934284258787,0.2345899133978604,0.3171166581762608,2024-12-01T00:00:00+00:00,3926,2024-11-30T17:30:00+00:00,False
ENG_PL::26726,2024-12-01 16:00:00+00:00,2024,walk_forward_poisson,0,0.4351656171050345,0.2323622884532191,0.3324720944417462,0.4482934284258787,0.2345899133978604,0.3171166581762608,2024-12-01T00:00:00+00:00,3926,2024-11-30T17:30:00+00:00,False
ENG_PL::26737,2024-12-03 19:30:00+00:00,2024,walk_forward_poisson,2,0.3054739592921504,0.2390758859470176,0.4554501547608319,0.4486005089058524,0.2346055979643765,0.3167938931297709,2024-12-03T00:00:00+00:00,3930,2024-12-01T16:00:00+00:00,False
ENG_PL::26738,2024-12-03 20:15:00+00:00,2024,walk_forward_poisson,0,0.3613053833794167,0.2427494194583881,0.3959451971621953,0.4486005089058524,0.2346055979643765,0.3167938931297709,2024-12-03T00:00:00+00:00,3930,2024-12-01T16:00:00+00:00,False
ENG_PL::26741,2024-12-04 19:30:00+00:00,2024,walk_forward_poisson,2,0.2044515270814441,0.2126944944829146,0.5828539784356414,0.4486266531027467,0.2344862665310274,0.3168870803662258,2024-12-04T00:00:00+00:00,3932,2024-12-03T20:15:00+00:00,False
ENG_PL::26740,2024-12-04 19:30:00+00:00,2024,walk_forward_poisson,1,0.2817374056685652,0.2192246744197386,0.499037919911696,0.4486266531027467,0.2344862665310274,0.3168870803662258,2024-12-04T00:00:00+00:00,3932,2024-12-03T20:15:00+00:00,False
ENG_PL::26735,2024-12-04 19:30:00+00:00,2024,walk_forward_poisson,0,0.4941511564754915,0.2533856636629302,0.2524631798615782,0.4486266531027467,0.2344862665310274,0.3168870803662258,2024-12-04T00:00:00+00:00,3932,2024-12-03T20:15:00+00:00,False
ENG_PL::26739,2024-12-04 19:30:00+00:00,2024,walk_forward_poisson,0,0.6261580853116183,0.2112502069690271,0.1625917077193545,0.4486266531027467,0.2344862665310274,0.3168870803662258,2024-12-04T00:00:00+00:00,3932,2024-12-03T20:15:00+00:00,False
ENG_PL::26733,2024-12-04 20:15:00+00:00,2024,walk_forward_poisson,0,0.6784866386668288,0.1841289321193465,0.1373844292138246,0.4486266531027467,0.2344862665310274,0.3168870803662258,2024-12-04T00:00:00+00:00,3932,2024-12-03T20:15:00+00:00,False
ENG_PL::26734,2024-12-04 20:15:00+00:00,2024,walk_forward_poisson,0,0.4762227026100076,0.2297906256724551,0.2939866717175373,0.4486266531027467,0.2344862665310274,0.3168870803662258,2024-12-04T00:00:00+00:00,3932,2024-12-03T20:15:00+00:00,False
ENG_PL::26736,2024-12-05 19:30:00+00:00,2024,walk_forward_poisson,0,0.3895060608884401,0.2528033401890083,0.3576905989225515,0.4489588623666836,0.2343829355002539,0.3166582021330624,2024-12-05T00:00:00+00:00,3938,2024-12-04T20:15:00+00:00,False
ENG_PL::26732,2024-12-05 20:15:00+00:00,2024,walk_forward_poisson,0,0.3976624185054085,0.2282113230090598,0.3741262584855315,0.4489588623666836,0.2343829355002539,0.3166582021330624,2024-12-05T00:00:00+00:00,3938,2024-12-04T20:15:00+00:00,False
ENG_PL::26742,2024-12-07 15:00:00+00:00,2024,walk_forward_poisson,0,0.6780046353756419,0.177396304396665,0.1445990602276929,0.449238578680203,0.2342639593908629,0.316497461928934,2024-12-07T00:00:00+00:00,3940,2024-12-05T20:15:00+00:00,False
ENG_PL::26743,2024-12-07 15:00:00+00:00,2024,walk_forward_poisson,0,0.3970508723487807,0.2329696425352767,0.3699794851159427,0.449238578680203,0.2342639593908629,0.316497461928934,2024-12-07T00:00:00+00:00,3940,2024-12-05T20:15:00+00:00,False
ENG_PL::26747,2024-12-07 15:00:00+00:00,2024,walk_forward_poisson,1,0.2324388860786699,0.2340818213725029,0.5334792925488272,0.449238578680203,0.2342639593908629,0.316497461928934,2024-12-07T00:00:00+00:00,3940,2024-12-05T20:15:00+00:00,False
ENG_PL::26744,2024-12-07 17:30:00+00:00,2024,walk_forward_poisson,2,0.4264124977589603,0.2527934423210826,0.320794059919957,0.449238578680203,0.2342639593908629,0.316497461928934,2024-12-07T00:00:00+00:00,3940,2024-12-05T20:15:00+00:00,False
ENG_PL::26750,2024-12-08 14:00:00+00:00,2024,walk_forward_poisson,2,0.2385061873427331,0.2137269544242308,0.547766858233036,0.4492900608519269,0.2342799188640973,0.3164300202839756,2024-12-08T00:00:00+00:00,3944,2024-12-07T17:30:00+00:00,False
ENG_PL::26751,2024-12-08 14:00:00+00:00,2024,walk_forward_poisson,1,0.249319627146658,0.2261594158255246,0.5245209570278175,0.4492900608519269,0.2342799188640973,0.3164300202839756,2024-12-08T00:00:00+00:00,3944,2024-12-07T17:30:00+00:00,False
ENG_PL::26749,2024-12-08 14:00:00+00:00,2024,walk_forward_poisson,1,0.2238107883132926,0.2442703908705586,0.5319188208161488,0.4492900608519269,0.2342799188640973,0.3164300202839756,2024-12-08T00:00:00+00:00,3944,2024-12-07T17:30:00+00:00,False
ENG_PL::26745,2024-12-08 16:30:00+00:00,2024,walk_forward_poisson,2,0.4107988298061663,0.2198738830736965,0.3693272871201372,0.4492900608519269,0.2342799188640973,0.3164300202839756,2024-12-08T00:00:00+00:00,3944,2024-12-07T17:30:00+00:00,False
ENG_PL::26746,2024-12-09 20:00:00+00:00,2024,walk_forward_poisson,0,0.4826742247849394,0.2430987755071045,0.2742269997079559,0.4488348530901722,0.2345491388044579,0.3166160081053698,2024-12-09T00:00:00+00:00,3948,2024-12-08T16:30:00+00:00,False
ENG_PL::26760,2024-12-14 15:00:00+00:00,2024,walk_forward_poisson,0,0.6701245651002149,0.1776405892521644,0.1522348456476207,0.448974423904786,0.2344897442390478,0.3165358318561661,2024-12-14T00:00:00+00:00,3949,2024-12-09T20:00:00+00:00,False
ENG_PL::26758,2024-12-14 15:00:00+00:00,2024,walk_forward_poisson,2,0.5244577517475031,0.2294205129135808,0.2461217353389162,0.448974423904786,0.2344897442390478,0.3165358318561661,2024-12-14T00:00:00+00:00,3949,2024-12-09T20:00:00+00:00,False
ENG_PL::26752,2024-12-14 15:00:00+00:00,2024,walk_forward_poisson,1,0.6837977243515899,0.1794321402778705,0.1367701353705395,0.448974423904786,0.2344897442390478,0.3165358318561661,2024-12-14T00:00:00+00:00,3949,2024-12-09T20:00:00+00:00,False
ENG_PL::26755,2024-12-14 15:00:00+00:00,2024,walk_forward_poisson,1,0.7070225571503128,0.1817544245470864,0.1112230183026007,0.448974423904786,0.2344897442390478,0.3165358318561661,2024-12-14T00:00:00+00:00,3949,2024-12-09T20:00:00+00:00,False
ENG_PL::26761,2024-12-14 17:30:00+00:00,2024,walk_forward_poisson,0,0.3858357870642279,0.2584617066695422,0.3557025062662298,0.448974423904786,0.2344897442390478,0.3165358318561661,2024-12-14T00:00:00+00:00,3949,2024-12-09T20:00:00+00:00,False
ENG_PL::26756,2024-12-15 14:00:00+00:00,2024,walk_forward_poisson,2,0.4987003018253814,0.2464130103816581,0.2548866877929606,0.4489124936772888,0.2346990389479008,0.3163884673748103,2024-12-15T00:00:00+00:00,3954,2024-12-14T17:30:00+00:00,False
ENG_PL::26753,2024-12-15 16:30:00+00:00,2024,walk_forward_poisson,2,0.686535031309908,0.1733514541148114,0.1401135145752804,0.4489124936772888,0.2346990389479008,0.3163884673748103,2024-12-15T00:00:00+00:00,3954,2024-12-14T17:30:00+00:00,False
ENG_PL::26757,2024-12-15 19:00:00+00:00,2024,walk_forward_poisson,0,0.5738792647426137,0.203448699437204,0.222672035820182,0.4489124936772888,0.2346990389479008,0.3163884673748103,2024-12-15T00:00:00+00:00,3954,2024-12-14T17:30:00+00:00,False
ENG_PL::26759,2024-12-15 19:00:00+00:00,2024,walk_forward_poisson,2,0.2036696745320674,0.1975895518029132,0.5987407736650192,0.4489124936772888,0.2346990389479008,0.3163884673748103,2024-12-15T00:00:00+00:00,3954,2024-12-14T17:30:00+00:00,False
ENG_PL::26754,2024-12-16 20:00:00+00:00,2024,walk_forward_poisson,1,0.583489923190881,0.2050377800625455,0.2114722967465735,0.4487114704396159,0.2344618494188984,0.3168266801414856,2024-12-16T00:00:00+00:00,3958,2024-12-15T19:00:00+00:00,False
ENG_PL::26762,2024-12-21 12:30:00+00:00,2024,walk_forward_poisson,0,0.2789087555906264,0.2295971013414841,0.4914941430678892,0.4485981308411215,0.2346552159636271,0.3167466531952513,2024-12-21T00:00:00+00:00,3959,2024-12-16T20:00:00+00:00,False
ENG_PL::26767,2024-12-21 15:00:00+00:00,2024,walk_forward_poisson,1,0.3261116199600505,0.2380729549133085,0.4358154251266408,0.4485981308411215,0.2346552159636271,0.3167466531952513,2024-12-21T00:00:00+00:00,3959,2024-12-16T20:00:00+00:00,False
ENG_PL::26771,2024-12-21 15:00:00+00:00,2024,walk_forward_poisson,2,0.213505334697476,0.1968534909067132,0.5896411743958107,0.4485981308411215,0.2346552159636271,0.3167466531952513,2024-12-21T00:00:00+00:00,3959,2024-12-16T20:00:00+00:00,False
ENG_PL::26766,2024-12-21 15:00:00+00:00,2024,walk_forward_poisson,2,0.4247517644876825,0.2548023731897625,0.3204458623225548,0.4485981308411215,0.2346552159636271,0.3167466531952513,2024-12-21T00:00:00+00:00,3959,2024-12-16T20:00:00+00:00,False
ENG_PL::26765,2024-12-21 17:30:00+00:00,2024,walk_forward_poisson,2,0.2106767682880442,0.2443882879985607,0.5449349437133949,0.4485981308411215,0.2346552159636271,0.3167466531952513,2024-12-21T00:00:00+00:00,3959,2024-12-16T20:00:00+00:00,False
ENG_PL::26763,2024-12-22 14:00:00+00:00,2024,walk_forward_poisson,1,0.626763146048017,0.2031678320851015,0.1700690218668814,0.448284561049445,0.2346115035317861,0.3171039354187689,2024-12-22T00:00:00+00:00,3964,2024-12-21T17:30:00+00:00,False
ENG_PL::26764,2024-12-22 14:00:00+00:00,2024,walk_forward_poisson,1,0.2947006624368741,0.2357394188029585,0.4695599187601674,0.448284561049445,0.2346115035317861,0.3171039354187689,2024-12-22T00:00:00+00:00,3964,2024-12-21T17:30:00+00:00,False
ENG_PL::26769,2024-12-22 14:00:00+00:00,2024,walk_forward_poisson,2,0.3923000225174183,0.2341241604767508,0.3735758170058308,0.448284561049445,0.2346115035317861,0.3171039354187689,2024-12-22T00:00:00+00:00,3964,2024-12-21T17:30:00+00:00,False
ENG_PL::26770,2024-12-22 14:00:00+00:00,2024,walk_forward_poisson,2,0.3842189616832456,0.255136057899716,0.3606449804170385,0.448284561049445,0.2346115035317861,0.3171039354187689,2024-12-22T00:00:00+00:00,3964,2024-12-21T17:30:00+00:00,False
ENG_PL::26768,2024-12-22 16:30:00+00:00,2024,walk_forward_poisson,2,0.3066183150617422,0.2151489165904284,0.4782327683478294,0.448284561049445,0.2346115035317861,0.3171039354187689,2024-12-22T00:00:00+00:00,3964,2024-12-21T17:30:00+00:00,False
ENG_PL::26777,2024-12-26 12:30:00+00:00,2024,walk_forward_poisson,1,0.6578012728762405,0.1954582248122727,0.1467405023114868,0.4477198286722096,0.2348198538674729,0.3174603174603174,2024-12-26T00:00:00+00:00,3969,2024-12-22T16:30:00+00:00,False
ENG_PL::26772,2024-12-26 15:00:00+00:00,2024,walk_forward_poisson,1,0.476043175444856,0.2374714455119489,0.2864853790431953,0.4477198286722096,0.2348198538674729,0.3174603174603174,2024-12-26T00:00:00+00:00,3969,2024-12-22T16:30:00+00:00,False
ENG_PL::26775,2024-12-26 15:00:00+00:00,2024,walk_forward_poisson,2,0.5466585499556724,0.2215623802507794,0.2317790697935481,0.4477198286722096,0.2348198538674729,0.3174603174603174,2024-12-26T00:00:00+00:00,3969,2024-12-22T16:30:00+00:00,False
ENG_PL::26778,2024-12-26 15:00:00+00:00,2024,walk_forward_poisson,0,0.4744253434644798,0.225172894083793,0.300401762451727,0.4477198286722096,0.2348198538674729,0.3174603174603174,2024-12-26T00:00:00+00:00,3969,2024-12-22T16:30:00+00:00,False
ENG_PL::26779,2024-12-26 15:00:00+00:00,2024,walk_forward_poisson,0,0.3731901518970947,0.2438540887441431,0.3829557593587621,0.4477198286722096,0.2348198538674729,0.3174603174603174,2024-12-26T00:00:00+00:00,3969,2024-12-22T16:30:00+00:00,False
ENG_PL::26780,2024-12-26 15:00:00+00:00,2024,walk_forward_poisson,2,0.3117475377136247,0.2352777687248415,0.4529746935615338,0.4477198286722096,0.2348198538674729,0.3174603174603174,2024-12-26T00:00:00+00:00,3969,2024-12-22T16:30:00+00:00,False
ENG_PL::26781,2024-12-26 17:30:00+00:00,2024,walk_forward_poisson,0,0.3068043988200782,0.2512940718279929,0.4419015293519287,0.4477198286722096,0.2348198538674729,0.3174603174603174,2024-12-26T00:00:00+00:00,3969,2024-12-22T16:30:00+00:00,False
ENG_PL::26776,2024-12-26 20:00:00+00:00,2024,walk_forward_poisson,0,0.8361247574970511,0.1040910337132469,0.059784208789702,0.4477198286722096,0.2348198538674729,0.3174603174603174,2024-12-26T00:00:00+00:00,3969,2024-12-22T16:30:00+00:00,False
ENG_PL::26774,2024-12-27 19:30:00+00:00,2024,walk_forward_poisson,1,0.4756353432167866,0.2342895433194916,0.2900751134637216,0.4478249937138546,0.2348503897410108,0.3173246165451345,2024-12-27T00:00:00+00:00,3977,2024-12-26T20:00:00+00:00,False
ENG_PL::26773,2024-12-27 20:15:00+00:00,2024,walk_forward_poisson,0,0.845733490191062,0.1018636394620937,0.0524028703468442,0.4478249937138546,0.2348503897410108,0.3173246165451345,2024-12-27T00:00:00+00:00,3977,2024-12-26T20:00:00+00:00,False
ENG_PL::26788,2024-12-29 14:30:00+00:00,2024,walk_forward_poisson,2,0.1320392168836525,0.1772110912050759,0.6907496919112717,0.4478512188992209,0.2349836642372455,0.3171651168635335,2024-12-29T00:00:00+00:00,3979,2024-12-27T20:15:00+00:00,False
ENG_PL::26784,2024-12-29 15:00:00+00:00,2024,walk_forward_poisson,0,0.6151949147201564,0.2076491453353524,0.1771559399444911,0.4478512188992209,0.2349836642372455,0.3171651168635335,2024-12-29T00:00:00+00:00,3979,2024-12-27T20:15:00+00:00,False
ENG_PL::26785,2024-12-29 15:00:00+00:00,2024,walk_forward_poisson,2,0.3603381174409571,0.2806150796767618,0.3590468028822809,0.4478512188992209,0.2349836642372455,0.3171651168635335,2024-12-29T00:00:00+00:00,3979,2024-12-27T20:15:00+00:00,False
ENG_PL::26786,2024-12-29 15:00:00+00:00,2024,walk_forward_poisson,1,0.3844065474775456,0.2501293003404587,0.3654641521819954,0.4478512188992209,0.2349836642372455,0.3171651168635335,2024-12-29T00:00:00+00:00,3979,2024-12-27T20:15:00+00:00,False
ENG_PL::26790,2024-12-29 15:00:00+00:00,2024,walk_forward_poisson,1,0.6182255487831305,0.2014548005959642,0.1803196506209051,0.4478512188992209,0.2349836642372455,0.3171651168635335,2024-12-29T00:00:00+00:00,3979,2024-12-27T20:15:00+00:00,False
ENG_PL::26791,2024-12-29 17:15:00+00:00,2024,walk_forward_poisson,2,0.1559698193548053,0.1782090824744104,0.665821098170784,0.4478512188992209,0.2349836642372455,0.3171651168635335,2024-12-29T00:00:00+00:00,3979,2024-12-27T20:15:00+00:00,False
ENG_PL::26787,2024-12-30 19:45:00+00:00,2024,walk_forward_poisson,0,0.1690197522876615,0.1772737989379471,0.6537064487743913,0.4474278544542032,0.2351317440401505,0.3174404015056462,2024-12-30T00:00:00+00:00,3985,2024-12-29T17:15:00+00:00,False
ENG_PL::26782,2024-12-30 19:45:00+00:00,2024,walk_forward_poisson,1,0.419685409353419,0.2417120640044383,0.3386025266421428,0.4474278544542032,0.2351317440401505,0.3174404015056462,2024-12-30T00:00:00+00:00,3985,2024-12-29T17:15:00+00:00,False
ENG_PL::26789,2024-12-30 20:00:00+00:00,2024,walk_forward_poisson,2,0.3467033003122457,0.2319170753763799,0.4213796243113742,0.4474278544542032,0.2351317440401505,0.3174404015056462,2024-12-30T00:00:00+00:00,3985,2024-12-29T17:15:00+00:00,False
ENG_PL::26783,2025-01-01 17:30:00+00:00,2024,walk_forward_poisson,2,0.1982433592343119,0.2229135442741051,0.5788430964915829,0.4473420260782347,0.2352056168505516,0.3174523570712136,2025-01-01T00:00:00+00:00,3988,2024-12-30T20:00:00+00:00,False
ENG_PL::26800,2025-01-04 12:30:00+00:00,2024,walk_forward_poisson,2,0.4124126128698623,0.218136357034318,0.3694510300958195,0.447229882175984,0.2351466532965655,0.3176234645274505,2025-01-04T00:00:00+00:00,3989,2025-01-01T17:30:00+00:00,False
ENG_PL::26798,2025-01-04 15:00:00+00:00,2024,walk_forward_poisson,0,0.7128533988340039,0.1637660252619105,0.1233805759040855,0.447229882175984,0.2351466532965655,0.3176234645274505,2025-01-04T00:00:00+00:00,3989,2025-01-01T17:30:00+00:00,False
ENG_PL::26795,2025-01-04 15:00:00+00:00,2024,walk_forward_poisson,1,0.3292879089431816,0.2370443761535067,0.4336677149033114,0.447229882175984,0.2351466532965655,0.3176234645274505,2025-01-04T00:00:00+00:00,3989,2025-01-01T17:30:00+00:00,False
ENG_PL::26799,2025-01-04 15:00:00+00:00,2024,walk_forward_poisson,2,0.2505287143644967,0.2199695947181809,0.5295016909173222,0.447229882175984,0.2351466532965655,0.3176234645274505,2025-01-04T00:00:00+00:00,3989,2025-01-01T17:30:00+00:00,False
ENG_PL::26792,2025-01-04 15:00:00+00:00,2024,walk_forward_poisson,0,0.5194600128092556,0.235168203916911,0.2453717832738334,0.447229882175984,0.2351466532965655,0.3176234645274505,2025-01-04T00:00:00+00:00,3989,2025-01-01T17:30:00+00:00,False
ENG_PL::26793,2025-01-04 15:00:00+00:00,2024,walk_forward_poisson,0,0.6182066630277071,0.2014179273153304,0.1803754096569625,0.447229882175984,0.2351466532965655,0.3176234645274505,2025-01-04T00:00:00+00:00,3989,2025-01-01T17:30:00+00:00,False
ENG_PL::26794,2025-01-04 17:30:00+00:00,2024,walk_forward_poisson,1,0.2219433086801785,0.2410725764924479,0.5369841148273736,0.447229882175984,0.2351466532965655,0.3176234645274505,2025-01-04T00:00:00+00:00,3989,2025-01-01T17:30:00+00:00,False
ENG_PL::26796,2025-01-05 14:00:00+00:00,2024,walk_forward_poisson,1,0.6077109564415274,0.2095719664545942,0.1827170771038783,0.4471971971971972,0.2352352352352352,0.3175675675675675,2025-01-05T00:00:00+00:00,3996,2025-01-04T17:30:00+00:00,False
ENG_PL::26797,2025-01-05 16:30:00+00:00,2024,walk_forward_poisson,1,0.6922873636576059,0.1700544323997729,0.1376582039426211,0.4471971971971972,0.2352352352352352,0.3175675675675675,2025-01-05T00:00:00+00:00,3996,2025-01-04T17:30:00+00:00,False
ENG_PL::26801,2025-01-06 20:00:00+00:00,2024,walk_forward_poisson,2,0.2848130937053378,0.2801058936074043,0.4350810126872577,0.4469734867433717,0.2356178089044522,0.3174087043521761,2025-01-06T00:00:00+00:00,3998,2025-01-05T16:30:00+00:00,False
ENG_PL::26808,2025-01-14 19:30:00+00:00,2024,walk_forward_poisson,0,0.3468023628896314,0.2509815697506612,0.4022160673597073,0.4468617154288572,0.2355588897224306,0.3175793948487121,2025-01-14T00:00:00+00:00,3999,2025-01-06T20:00:00+00:00,False
ENG_PL::26809,2025-01-14 19:30:00+00:00,2024,walk_forward_poisson,1,0.4803131267615954,0.2219832716560018,0.2977036015824029,0.4468617154288572,0.2355588897224306,0.3175793948487121,2025-01-14T00:00:00+00:00,3999,2025-01-06T20:00:00+00:00,False
ENG_PL::26803,2025-01-14 19:30:00+00:00,2024,walk_forward_poisson,1,0.2659389659214271,0.2252182638222097,0.5088427702563632,0.4468617154288572,0.2355588897224306,0.3175793948487121,2025-01-14T00:00:00+00:00,3999,2025-01-06T20:00:00+00:00,False
ENG_PL::26807,2025-01-14 20:00:00+00:00,2024,walk_forward_poisson,1,0.2259642085036817,0.2289997897583186,0.5450360017379996,0.4468617154288572,0.2355588897224306,0.3175793948487121,2025-01-14T00:00:00+00:00,3999,2025-01-06T20:00:00+00:00,False
ENG_PL::26804,2025-01-15 19:30:00+00:00,2024,walk_forward_poisson,2,0.3290028048597895,0.2530026013043336,0.4179945938358767,0.4466650012490632,0.2360729452910317,0.317262053459905,2025-01-15T00:00:00+00:00,4003,2025-01-14T20:00:00+00:00,False
ENG_PL::26806,2025-01-15 19:30:00+00:00,2024,walk_forward_poisson,2,0.274046392146485,0.2440902975799357,0.4818633102735793,0.4466650012490632,0.2360729452910317,0.317262053459905,2025-01-15T00:00:00+00:00,4003,2025-01-14T20:00:00+00:00,False
ENG_PL::26810,2025-01-15 19:30:00+00:00,2024,walk_forward_poisson,0,0.6331446255884838,0.2025521535813638,0.1643032208301524,0.4466650012490632,0.2360729452910317,0.317262053459905,2025-01-15T00:00:00+00:00,4003,2025-01-14T20:00:00+00:00,False
ENG_PL::26802,2025-01-15 20:00:00+00:00,2024,walk_forward_poisson,0,0.6380107964262156,0.1950377016346386,0.1669515019391458,0.4466650012490632,0.2360729452910317,0.317262053459905,2025-01-15T00:00:00+00:00,4003,2025-01-14T20:00:00+00:00,False
ENG_PL::26805,2025-01-16 19:30:00+00:00,2024,walk_forward_poisson,2,0.2204786489736651,0.2209976735875123,0.5585236774388226,0.4467182430746194,0.2358372847516845,0.317444472173696,2025-01-16T00:00:00+00:00,4007,2025-01-15T20:00:00+00:00,False
ENG_PL::26811,2025-01-16 20:00:00+00:00,2024,walk_forward_poisson,0,0.6630383139034642,0.1825540238598591,0.1544076622366767,0.4467182430746194,0.2358372847516845,0.317444472173696,2025-01-16T00:00:00+00:00,4007,2025-01-15T20:00:00+00:00,False
ENG_PL::26819,2025-01-18 12:30:00+00:00,2024,walk_forward_poisson,2,0.4847865633876327,0.2243001371858517,0.2909132994265156,0.4467448241456722,0.235719630830631,0.3175355450236967,2025-01-18T00:00:00+00:00,4009,2025-01-16T20:00:00+00:00,False
ENG_PL::26821,2025-01-18 15:00:00+00:00,2024,walk_forward_poisson,2,0.3360466903766119,0.2432918584992253,0.4206614511241628,0.4467448241456722,0.235719630830631,0.3175355450236967,2025-01-18T00:00:00+00:00,4009,2025-01-16T20:00:00+00:00,False
ENG_PL::26817,2025-01-18 15:00:00+00:00,2024,walk_forward_poisson,2,0.2742943723664917,0.2453897288423708,0.4803158987911374,0.4467448241456722,0.235719630830631,0.3175355450236967,2025-01-18T00:00:00+00:00,4009,2025-01-16T20:00:00+00:00,False
ENG_PL::26813,2025-01-18 15:00:00+00:00,2024,walk_forward_poisson,2,0.2116596165758151,0.2015362298804056,0.5868041535437792,0.4467448241456722,0.235719630830631,0.3175355450236967,2025-01-18T00:00:00+00:00,4009,2025-01-16T20:00:00+00:00,False
ENG_PL::26812,2025-01-18 17:30:00+00:00,2024,walk_forward_poisson,1,0.6389005652642765,0.2057123414508588,0.1553870932848644,0.4467448241456722,0.235719630830631,0.3175355450236967,2025-01-18T00:00:00+00:00,4009,2025-01-16T20:00:00+00:00,False
ENG_PL::26815,2025-01-19 14:00:00+00:00,2024,walk_forward_poisson,0,0.3076115708210598,0.2356027754854432,0.456785653693497,0.4461883408071749,0.2356751370204285,0.3181365221723966,2025-01-19T00:00:00+00:00,4014,2025-01-18T17:30:00+00:00,False
ENG_PL::26818,2025-01-19 14:00:00+00:00,2024,walk_forward_poisson,2,0.3815292342658296,0.2470164584010656,0.3714543073331047,0.4461883408071749,0.2356751370204285,0.3181365221723966,2025-01-19T00:00:00+00:00,4014,2025-01-18T17:30:00+00:00,False
ENG_PL::26820,2025-01-19 14:00:00+00:00,2024,walk_forward_poisson,0,0.6443525856411131,0.1997687411290332,0.1558786732298537,0.4461883408071749,0.2356751370204285,0.3181365221723966,2025-01-19T00:00:00+00:00,4014,2025-01-18T17:30:00+00:00,False
ENG_PL::26816,2025-01-19 16:30:00+00:00,2024,walk_forward_poisson,2,0.1218923486113698,0.1672610666100865,0.7108465847785436,0.4461883408071749,0.2356751370204285,0.3181365221723966,2025-01-19T00:00:00+00:00,4014,2025-01-18T17:30:00+00:00,False
ENG_PL::26814,2025-01-20 20:00:00+00:00,2024,walk_forward_poisson,0,0.6319082591709118,0.2011592579803794,0.1669324828487087,0.4462419113987058,0.2354405176704828,0.3183175709308113,2025-01-20T00:00:00+00:00,4018,2025-01-19T16:30:00+00:00,False
ENG_PL::26827,2025-01-25 15:00:00+00:00,2024,walk_forward_poisson,0,0.851155605666391,0.0967224706495191,0.0521219236840898,0.4463796964419009,0.2353819358049266,0.3182383677531724,2025-01-25T00:00:00+00:00,4019,2025-01-20T20:00:00+00:00,False
ENG_PL::26829,2025-01-25 15:00:00+00:00,2024,walk_forward_poisson,2,0.1512171867380662,0.1717987396845291,0.6769840735774046,0.4463796964419009,0.2353819358049266,0.3182383677531724,2025-01-25T00:00:00+00:00,4019,2025-01-20T20:00:00+00:00,False
ENG_PL::26822,2025-01-25 15:00:00+00:00,2024,walk_forward_poisson,0,0.4531704266864378,0.2504834908746578,0.2963460824389045,0.4463796964419009,0.2353819358049266,0.3182383677531724,2025-01-25T00:00:00+00:00,4019,2025-01-20T20:00:00+00:00,False
ENG_PL::26824,2025-01-25 15:00:00+00:00,2024,walk_forward_poisson,2,0.494967608098361,0.249657115928155,0.2553752759734838,0.4463796964419009,0.2353819358049266,0.3182383677531724,2025-01-25T00:00:00+00:00,4019,2025-01-20T20:00:00+00:00,False
ENG_PL::26831,2025-01-25 15:00:00+00:00,2024,walk_forward_poisson,2,0.125522967475244,0.2012745428805971,0.6732024896441587,0.4463796964419009,0.2353819358049266,0.3182383677531724,2025-01-25T00:00:00+00:00,4019,2025-01-20T20:00:00+00:00,False
ENG_PL::26828,2025-01-25 17:30:00+00:00,2024,walk_forward_poisson,0,0.4977680897458153,0.2197065413270031,0.2825253689271814,0.4463796964419009,0.2353819358049266,0.3182383677531724,2025-01-25T00:00:00+00:00,4019,2025-01-20T20:00:00+00:00,False
ENG_PL::26825,2025-01-26 14:00:00+00:00,2024,walk_forward_poisson,2,0.4136270518860687,0.2419475061446272,0.3444254419693043,0.4464596273291925,0.2350310559006211,0.3185093167701863,2025-01-26T00:00:00+00:00,4025,2025-01-25T17:30:00+00:00,False
ENG_PL::26830,2025-01-26 14:00:00+00:00,2024,walk_forward_poisson,2,0.659635775399927,0.1764938774556656,0.1638703471444072,0.4464596273291925,0.2350310559006211,0.3185093167701863,2025-01-26T00:00:00+00:00,4025,2025-01-25T17:30:00+00:00,False
ENG_PL::26823,2025-01-26 16:30:00+00:00,2024,walk_forward_poisson,1,0.5574343960337151,0.2158290318021073,0.2267365721641773,0.4464596273291925,0.2350310559006211,0.3185093167701863,2025-01-26T00:00:00+00:00,4025,2025-01-25T17:30:00+00:00,False
ENG_PL::26826,2025-01-26 19:00:00+00:00,2024,walk_forward_poisson,2,0.4270306140787918,0.2490228034341918,0.3239465824870162,0.4464596273291925,0.2350310559006211,0.3185093167701863,2025-01-26T00:00:00+00:00,4025,2025-01-25T17:30:00+00:00,False
ENG_PL::26840,2025-02-01 12:30:00+00:00,2024,walk_forward_poisson,0,0.3593803506515505,0.2667206593793589,0.3738989899690906,0.4460163812360387,0.2350459171010176,0.3189377016629436,2025-02-01T00:00:00+00:00,4029,2025-01-26T19:00:00+00:00,False
ENG_PL::26832,2025-02-01 15:00:00+00:00,2024,walk_forward_poisson,2,0.2463717634738385,0.2112956927168299,0.5423325438093315,0.4460163812360387,0.2350459171010176,0.3189377016629436,2025-02-01T00:00:00+00:00,4029,2025-01-26T19:00:00+00:00,False
ENG_PL::26836,2025-02-01 15:00:00+00:00,2024,walk_forward_poisson,0,0.5043090064683035,0.2427878932288716,0.2529031003028248,0.4460163812360387,0.2350459171010176,0.3189377016629436,2025-02-01T00:00:00+00:00,4029,2025-01-26T19:00:00+00:00,False
ENG_PL::26837,2025-02-01 15:00:00+00:00,2024,walk_forward_poisson,2,0.4534571420877834,0.2333309715547561,0.3132118863574605,0.4460163812360387,0.2350459171010176,0.3189377016629436,2025-02-01T00:00:00+00:00,4029,2025-01-26T19:00:00+00:00,False
ENG_PL::26839,2025-02-01 15:00:00+00:00,2024,walk_forward_poisson,2,0.4872391362056005,0.2379514655731306,0.274809398221269,0.4460163812360387,0.2350459171010176,0.3189377016629436,2025-02-01T00:00:00+00:00,4029,2025-01-26T19:00:00+00:00,False
ENG_PL::26841,2025-02-01 17:30:00+00:00,2024,walk_forward_poisson,0,0.2792531190581538,0.2491302116858684,0.4716166692559778,0.4460163812360387,0.2350459171010176,0.3189377016629436,2025-02-01T00:00:00+00:00,4029,2025-01-26T19:00:00+00:00,False
ENG_PL::26834,2025-02-02 14:00:00+00:00,2024,walk_forward_poisson,2,0.3946508473745785,0.2193205889892601,0.3860285636361613,0.4460966542750929,0.2346964064436183,0.3192069392812887,2025-02-02T00:00:00+00:00,4035,2025-02-01T17:30:00+00:00,False
ENG_PL::26838,2025-02-02 14:00:00+00:00,2024,walk_forward_poisson,2,0.408980330650858,0.2505248547817482,0.3404948145673938,0.4460966542750929,0.2346964064436183,0.3192069392812887,2025-02-02T00:00:00+00:00,4035,2025-02-01T17:30:00+00:00,False
ENG_PL::26833,2025-02-02 16:30:00+00:00,2024,walk_forward_poisson,0,0.4891086374173589,0.2445631914608912,0.2663281711217498,0.4460966542750929,0.2346964064436183,0.3192069392812887,2025-02-02T00:00:00+00:00,4035,2025-02-01T17:30:00+00:00,False
ENG_PL::26835,2025-02-03 20:00:00+00:00,2024,walk_forward_poisson,0,0.6413825806769564,0.1850186964950113,0.1735987228280322,0.446012877662209,0.2345220406141654,0.3194650817236255,2025-02-03T00:00:00+00:00,4038,2025-02-02T16:30:00+00:00,False
ENG_PL::26748,2025-02-12 19:30:00+00:00,2024,walk_forward_poisson,1,0.1737016499019956,0.2018104774395831,0.6244878726584212,0.4461500371379054,0.2344639762317405,0.319385986630354,2025-02-12T00:00:00+00:00,4039,2025-02-03T20:00:00+00:00,False
ENG_PL::26843,2025-02-14 20:00:00+00:00,2024,walk_forward_poisson,0,0.3495786594582426,0.237188851221438,0.4132324893203192,0.446039603960396,0.2346534653465346,0.3193069306930693,2025-02-14T00:00:00+00:00,4040,2025-02-12T19:30:00+00:00,False
ENG_PL::26846,2025-02-15 12:30:00+00:00,2024,walk_forward_poisson,2,0.100830746248403,0.1659226021735562,0.7332466515780409,0.4461766889383816,0.2345953971789161,0.3192279138827023,2025-02-15T00:00:00+00:00,4041,2025-02-14T20:00:00+00:00,False
ENG_PL::26849,2025-02-15 15:00:00+00:00,2024,walk_forward_poisson,2,0.1644947488939774,0.1814305600195457,0.6540746910864766,0.4461766889383816,0.2345953971789161,0.3192279138827023,2025-02-15T00:00:00+00:00,4041,2025-02-14T20:00:00+00:00,False
ENG_PL::26851,2025-02-15 15:00:00+00:00,2024,walk_forward_poisson,2,0.3373459582167477,0.2316174560677387,0.4310365857155137,0.4461766889383816,0.2345953971789161,0.3192279138827023,2025-02-15T00:00:00+00:00,4041,2025-02-14T20:00:00+00:00,False
ENG_PL::26845,2025-02-15 15:00:00+00:00,2024,walk_forward_poisson,0,0.4020670617643245,0.2686915653353458,0.3292413729003299,0.4461766889383816,0.2345953971789161,0.3192279138827023,2025-02-15T00:00:00+00:00,4041,2025-02-14T20:00:00+00:00,False
ENG_PL::26842,2025-02-15 15:00:00+00:00,2024,walk_forward_poisson,1,0.6325248778168819,0.1976706848275279,0.1698044373555899,0.4461766889383816,0.2345953971789161,0.3192279138827023,2025-02-15T00:00:00+00:00,4041,2025-02-14T20:00:00+00:00,False
ENG_PL::26848,2025-02-15 15:00:00+00:00,2024,walk_forward_poisson,0,0.5360158620113767,0.2132268510378831,0.2507572869507401,0.4461766889383816,0.2345953971789161,0.3192279138827023,2025-02-15T00:00:00+00:00,4041,2025-02-14T20:00:00+00:00,False
ENG_PL::26844,2025-02-15 17:30:00+00:00,2024,walk_forward_poisson,2,0.4435151286043988,0.2605929835038419,0.2958918878917592,0.4461766889383816,0.2345953971789161,0.3192279138827023,2025-02-15T00:00:00+00:00,4041,2025-02-14T20:00:00+00:00,False
ENG_PL::26847,2025-02-16 14:00:00+00:00,2024,walk_forward_poisson,0,0.7543753553103749,0.1506494563361129,0.0949751883535121,0.445899209486166,0.2344367588932806,0.3196640316205533,2025-02-16T00:00:00+00:00,4048,2025-02-15T17:30:00+00:00,False
ENG_PL::26850,2025-02-16 16:30:00+00:00,2024,walk_forward_poisson,0,0.4889158824961206,0.2173806308044652,0.2937034866994142,0.445899209486166,0.2344367588932806,0.3196640316205533,2025-02-16T00:00:00+00:00,4048,2025-02-15T17:30:00+00:00,False
ENG_PL::26884,2025-02-19 19:30:00+00:00,2024,walk_forward_poisson,1,0.229477281894225,0.2114180485539737,0.5591046695518013,0.4461728395061728,0.234320987654321,0.3195061728395061,2025-02-19T00:00:00+00:00,4050,2025-02-16T16:30:00+00:00,False
ENG_PL::26858,2025-02-21 20:00:00+00:00,2024,walk_forward_poisson,2,0.2526596123318802,0.2212969821589096,0.5260434055092102,0.446062700567761,0.2345099975314737,0.3194273019007652,2025-02-21T00:00:00+00:00,4051,2025-02-19T19:30:00+00:00,False
ENG_PL::26855,2025-02-22 12:30:00+00:00,2024,walk_forward_poisson,1,0.3859581202152023,0.2534615657622172,0.3605803140225805,0.4459526159921027,0.234452122408687,0.3195952615992102,2025-02-22T00:00:00+00:00,4052,2025-02-21T20:00:00+00:00,False
ENG_PL::26852,2025-02-22 15:00:00+00:00,2024,walk_forward_poisson,2,0.5742219740783351,0.2221336008235261,0.2036444250981385,0.4459526159921027,0.234452122408687,0.3195952615992102,2025-02-22T00:00:00+00:00,4052,2025-02-21T20:00:00+00:00,False
ENG_PL::26853,2025-02-22 15:00:00+00:00,2024,walk_forward_poisson,2,0.7388524903248577,0.1635792615231035,0.0975682481520386,0.4459526159921027,0.234452122408687,0.3195952615992102,2025-02-22T00:00:00+00:00,4052,2025-02-21T20:00:00+00:00,False
ENG_PL::26856,2025-02-22 15:00:00+00:00,2024,walk_forward_poisson,2,0.4208124846119021,0.2608847108419772,0.3183028045461206,0.4459526159921027,0.234452122408687,0.3195952615992102,2025-02-22T00:00:00+00:00,4052,2025-02-21T20:00:00+00:00,False
ENG_PL::26857,2025-02-22 15:00:00+00:00,2024,walk_forward_poisson,2,0.2027149252460337,0.1978787186300612,0.5994063561239049,0.4459526159921027,0.234452122408687,0.3195952615992102,2025-02-22T00:00:00+00:00,4052,2025-02-21T20:00:00+00:00,False
ENG_PL::26861,2025-02-22 15:00:00+00:00,2024,walk_forward_poisson,2,0.1844077568702609,0.2030113918984965,0.6125808512312426,0.4459526159921027,0.234452122408687,0.3195952615992102,2025-02-22T00:00:00+00:00,4052,2025-02-21T20:00:00+00:00,False
ENG_PL::26854,2025-02-22 17:30:00+00:00,2024,walk_forward_poisson,0,0.3507152139518029,0.2297620084351815,0.4195227776130157,0.4459526159921027,0.234452122408687,0.3195952615992102,2025-02-22T00:00:00+00:00,4052,2025-02-21T20:00:00+00:00,False
ENG_PL::26860,2025-02-23 14:00:00+00:00,2024,walk_forward_poisson,0,0.4805502822244628,0.2378266241589202,0.2816230936166167,0.445429908844543,0.2342941611234294,0.3202759300320276,2025-02-23T00:00:00+00:00,4059,2025-02-22T17:30:00+00:00,False
ENG_PL::26859,2025-02-23 16:30:00+00:00,2024,walk_forward_poisson,2,0.3685860273626839,0.2316507756851325,0.3997631969521834,0.445429908844543,0.2342941611234294,0.3202759300320276,2025-02-23T00:00:00+00:00,4059,2025-02-22T17:30:00+00:00,False
ENG_PL::26863,2025-02-25 19:30:00+00:00,2024,walk_forward_poisson,0,0.42131769679482,0.2402598555215546,0.3384224476836256,0.4454567840433391,0.2341787737010588,0.320364442255602,2025-02-25T00:00:00+00:00,4061,2025-02-23T16:30:00+00:00,False
ENG_PL::26867,2025-02-25 19:30:00+00:00,2024,walk_forward_poisson,2,0.3096546908850574,0.2720197159143259,0.4183255932006165,0.4454567840433391,0.2341787737010588,0.320364442255602,2025-02-25T00:00:00+00:00,4061,2025-02-23T16:30:00+00:00,False
ENG_PL::26868,2025-02-25 19:30:00+00:00,2024,walk_forward_poisson,0,0.400753008047123,0.2465713182933487,0.3526756736595281,0.4454567840433391,0.2341787737010588,0.320364442255602,2025-02-25T00:00:00+00:00,4061,2025-02-23T16:30:00+00:00,False
ENG_PL::26869,2025-02-25 20:15:00+00:00,2024,walk_forward_poisson,0,0.7898158155771485,0.1237315662993685,0.086452618123483,0.4454567840433391,0.2341787737010588,0.320364442255602,2025-02-25T00:00:00+00:00,4061,2025-02-23T16:30:00+00:00,False
ENG_PL::26862,2025-02-26 19:30:00+00:00,2024,walk_forward_poisson,1,0.4590300482254492,0.2439438847009074,0.2970260670736433,0.4457564575645756,0.2339483394833948,0.3202952029520295,2025-02-26T00:00:00+00:00,4065,2025-02-25T20:15:00+00:00,False
ENG_PL::26864,2025-02-26 19:30:00+00:00,2024,walk_forward_poisson,1,0.1999592540694891,0.241939113976513,0.5581016319539979,0.4457564575645756,0.2339483394833948,0.3202952029520295,2025-02-26T00:00:00+00:00,4065,2025-02-25T20:15:00+00:00,False
ENG_PL::26865,2025-02-26 19:30:00+00:00,2024,walk_forward_poisson,2,0.2743821900420535,0.2156852474965924,0.509932562461354,0.4457564575645756,0.2339483394833948,0.3202952029520295,2025-02-26T00:00:00+00:00,4065,2025-02-25T20:15:00+00:00,False
ENG_PL::26871,2025-02-26 19:30:00+00:00,2024,walk_forward_poisson,0,0.6009191487615547,0.208452510298831,0.1906283409396142,0.4457564575645756,0.2339483394833948,0.3202952029520295,2025-02-26T00:00:00+00:00,4065,2025-02-25T20:15:00+00:00,False
ENG_PL::26870,2025-02-26 20:15:00+00:00,2024,walk_forward_poisson,0,0.6088555369923884,0.1938074768624643,0.1973369861451472,0.4457564575645756,0.2339483394833948,0.3202952029520295,2025-02-26T00:00:00+00:00,4065,2025-02-25T20:15:00+00:00,False
ENG_PL::26866,2025-02-27 20:00:00+00:00,2024,walk_forward_poisson,0,0.5125513295733948,0.2296864349531929,0.2577622354734122,0.4457002457002457,0.2341523341523341,0.3201474201474201,2025-02-27T00:00:00+00:00,4070,2025-02-26T20:15:00+00:00,False
ENG_PL::26878,2025-03-08 12:30:00+00:00,2024,walk_forward_poisson,0,0.2486283940812896,0.2353565891334641,0.5160150167852464,0.4458364038319823,0.2340948169982805,0.3200687791697371,2025-03-08T00:00:00+00:00,4071,2025-02-27T20:00:00+00:00,False
ENG_PL::26873,2025-03-08 15:00:00+00:00,2024,walk_forward_poisson,0,0.4440899488107389,0.2570913538972399,0.2988186972920209,0.4458364038319823,0.2340948169982805,0.3200687791697371,2025-03-08T00:00:00+00:00,4071,2025-02-27T20:00:00+00:00,False
ENG_PL::26875,2025-03-08 15:00:00+00:00,2024,walk_forward_poisson,0,0.6378660114600686,0.2021341930805776,0.1599997954593539,0.4458364038319823,0.2340948169982805,0.3200687791697371,2025-03-08T00:00:00+00:00,4071,2025-02-27T20:00:00+00:00,False
ENG_PL::26876,2025-03-08 15:00:00+00:00,2024,walk_forward_poisson,0,0.8835157572564244,0.077661658049066,0.0388225846945096,0.4458364038319823,0.2340948169982805,0.3200687791697371,2025-03-08T00:00:00+00:00,4071,2025-02-27T20:00:00+00:00,False
ENG_PL::26872,2025-03-08 17:30:00+00:00,2024,walk_forward_poisson,2,0.4256755032287819,0.2301865225447165,0.3441379742265015,0.4458364038319823,0.2340948169982805,0.3200687791697371,2025-03-08T00:00:00+00:00,4071,2025-02-27T20:00:00+00:00,False
ENG_PL::26881,2025-03-08 20:00:00+00:00,2024,walk_forward_poisson,1,0.3494807341597337,0.2731712069371173,0.3773480589031491,0.4458364038319823,0.2340948169982805,0.3200687791697371,2025-03-08T00:00:00+00:00,4071,2025-02-27T20:00:00+00:00,False
ENG_PL::26874,2025-03-09 14:00:00+00:00,2024,walk_forward_poisson,0,0.7120954631183948,0.1627984674765149,0.1251060694050904,0.4461613931812607,0.2339955849889624,0.3198430218297768,2025-03-09T00:00:00+00:00,4077,2025-03-08T20:00:00+00:00,False
ENG_PL::26879,2025-03-09 14:00:00+00:00,2024,walk_forward_poisson,1,0.4080667905303877,0.2215927721484602,0.3703404373211519,0.4461613931812607,0.2339955849889624,0.3198430218297768,2025-03-09T00:00:00+00:00,4077,2025-03-08T20:00:00+00:00,False
ENG_PL::26877,2025-03-09 16:30:00+00:00,2024,walk_forward_poisson,1,0.1786485006180717,0.2214715397895168,0.5998799595924114,0.4461613931812607,0.2339955849889624,0.3198430218297768,2025-03-09T00:00:00+00:00,4077,2025-03-08T20:00:00+00:00,False
ENG_PL::26880,2025-03-10 20:00:00+00:00,2024,walk_forward_poisson,2,0.2738846247296729,0.2233689944283161,0.5027463808420108,0.446078431372549,0.234313725490196,0.3196078431372549,2025-03-10T00:00:00+00:00,4080,2025-03-09T16:30:00+00:00,False
ENG_PL::26885,2025-03-15 15:00:00+00:00,2024,walk_forward_poisson,1,0.4620931657665578,0.2506718058817606,0.2872350283516816,0.4459691252144082,0.2342563097280078,0.3197745650575839,2025-03-15T00:00:00+00:00,4081,2025-03-10T20:00:00+00:00,False
ENG_PL::26887,2025-03-15 15:00:00+00:00,2024,walk_forward_poisson,2,0.2333219771421194,0.2365091766853226,0.5301688461725578,0.4459691252144082,0.2342563097280078,0.3197745650575839,2025-03-15T00:00:00+00:00,4081,2025-03-10T20:00:00+00:00,False
ENG_PL::26889,2025-03-15 15:00:00+00:00,2024,walk_forward_poisson,1,0.5451696900524842,0.2261409479398815,0.2286893620076342,0.4459691252144082,0.2342563097280078,0.3197745650575839,2025-03-15T00:00:00+00:00,4081,2025-03-10T20:00:00+00:00,False
ENG_PL::26891,2025-03-15 15:00:00+00:00,2024,walk_forward_poisson,2,0.2610759192014952,0.2385114948262137,0.5004125859722909,0.4459691252144082,0.2342563097280078,0.3197745650575839,2025-03-15T00:00:00+00:00,4081,2025-03-10T20:00:00+00:00,False
ENG_PL::26882,2025-03-15 17:30:00+00:00,2024,walk_forward_poisson,2,0.483165032372013,0.2256119938923813,0.2912229737356058,0.4459691252144082,0.2342563097280078,0.3197745650575839,2025-03-15T00:00:00+00:00,4081,2025-03-10T20:00:00+00:00,False
ENG_PL::26883,2025-03-16 13:30:00+00:00,2024,walk_forward_poisson,0,0.5709566519785746,0.2222665503174984,0.2067767977039268,0.4454233969652472,0.2344591287322565,0.3201174743024963,2025-03-16T00:00:00+00:00,4086,2025-03-15T17:30:00+00:00,False
ENG_PL::26886,2025-03-16 13:30:00+00:00,2024,walk_forward_poisson,0,0.4096256569155829,0.2410576913833781,0.3493166517010388,0.4454233969652472,0.2344591287322565,0.3201174743024963,2025-03-16T00:00:00+00:00,4086,2025-03-15T17:30:00+00:00,False
ENG_PL::26888,2025-03-16 19:00:00+00:00,2024,walk_forward_poisson,2,0.2619506959880214,0.2352152737704136,0.5028340302415647,0.4454233969652472,0.2344591287322565,0.3201174743024963,2025-03-16T00:00:00+00:00,4086,2025-03-15T17:30:00+00:00,False
ENG_PL::26892,2025-04-01 18:45:00+00:00,2024,walk_forward_poisson,0,0.6072299205502807,0.232467735522056,0.1603023439276631,0.4455857177794081,0.2342871117632673,0.3201271704573245,2025-04-01T00:00:00+00:00,4089,2025-03-16T19:00:00+00:00,False
ENG_PL::26895,2025-04-01 18:45:00+00:00,2024,walk_forward_poisson,0,0.3921613188840922,0.2611465230695096,0.3466921580463983,0.4455857177794081,0.2342871117632673,0.3201271704573245,2025-04-01T00:00:00+00:00,4089,2025-03-16T19:00:00+00:00,False
ENG_PL::26894,2025-04-01 19:00:00+00:00,2024,walk_forward_poisson,0,0.4411625659434237,0.249640356817812,0.3091970772387642,0.4455857177794081,0.2342871117632673,0.3201271704573245,2025-04-01T00:00:00+00:00,4089,2025-03-16T19:00:00+00:00,False
ENG_PL::26893,2025-04-02 18:45:00+00:00,2024,walk_forward_poisson,2,0.4696864350625312,0.2360602860549254,0.2942532788825434,0.4459921798631476,0.2341153470185728,0.3198924731182795,2025-04-02T00:00:00+00:00,4092,2025-04-01T19:00:00+00:00,False
ENG_PL::26896,2025-04-02 18:45:00+00:00,2024,walk_forward_poisson,2,0.6837052542462536,0.177108581128176,0.1391861646255705,0.4459921798631476,0.2341153470185728,0.3198924731182795,2025-04-02T00:00:00+00:00,4092,2025-04-01T19:00:00+00:00,False
ENG_PL::26900,2025-04-02 18:45:00+00:00,2024,walk_forward_poisson,1,0.171225126710487,0.1937496523506585,0.6350252209388544,0.4459921798631476,0.2341153470185728,0.3198924731182795,2025-04-02T00:00:00+00:00,4092,2025-04-01T19:00:00+00:00,False
ENG_PL::26898,2025-04-02 18:45:00+00:00,2024,walk_forward_poisson,0,0.7582772332344658,0.149553398204762,0.0921693685607721,0.4459921798631476,0.2341153470185728,0.3198924731182795,2025-04-02T00:00:00+00:00,4092,2025-04-01T19:00:00+00:00,False
ENG_PL::26899,2025-04-02 18:45:00+00:00,2024,walk_forward_poisson,0,0.4969695074185455,0.2202762389332365,0.282754253648218,0.4459921798631476,0.2341153470185728,0.3198924731182795,2025-04-02T00:00:00+00:00,4092,2025-04-01T19:00:00+00:00,False
ENG_PL::26901,2025-04-02 19:00:00+00:00,2024,walk_forward_poisson,0,0.6708725915723498,0.1897642052956262,0.1393632031320237,0.4459921798631476,0.2341153470185728,0.3198924731182795,2025-04-02T00:00:00+00:00,4092,2025-04-01T19:00:00+00:00,False
ENG_PL::26897,2025-04-03 19:00:00+00:00,2024,walk_forward_poisson,0,0.506608353030892,0.2108273609168626,0.2825642860522455,0.4460712542703758,0.2340165934602245,0.3199121522693997,2025-04-03T00:00:00+00:00,4098,2025-04-02T19:00:00+00:00,False
ENG_PL::26905,2025-04-05 11:30:00+00:00,2024,walk_forward_poisson,1,0.1847753796321961,0.2430026951496373,0.5722219252181664,0.4462063918028787,0.2339595023176384,0.3198341058794828,2025-04-05T00:00:00+00:00,4099,2025-04-03T19:00:00+00:00,False
ENG_PL::26904,2025-04-05 14:00:00+00:00,2024,walk_forward_poisson,0,0.3778147656379835,0.2526496179674422,0.3695356163945744,0.4462063918028787,0.2339595023176384,0.3198341058794828,2025-04-05T00:00:00+00:00,4099,2025-04-03T19:00:00+00:00,False
ENG_PL::26907,2025-04-05 14:00:00+00:00,2024,walk_forward_poisson,2,0.3224925152394992,0.2602295258692135,0.4172779588912872,0.4462063918028787,0.2339595023176384,0.3198341058794828,2025-04-05T00:00:00+00:00,4099,2025-04-03T19:00:00+00:00,False
ENG_PL::26911,2025-04-05 14:00:00+00:00,2024,walk_forward_poisson,1,0.2848576109797663,0.2294853720682615,0.4856570169519721,0.4462063918028787,0.2339595023176384,0.3198341058794828,2025-04-05T00:00:00+00:00,4099,2025-04-03T19:00:00+00:00,False
ENG_PL::26902,2025-04-05 16:30:00+00:00,2024,walk_forward_poisson,0,0.4298832119501937,0.250461164821615,0.3196556232281914,0.4462063918028787,0.2339595023176384,0.3198341058794828,2025-04-05T00:00:00+00:00,4099,2025-04-03T19:00:00+00:00,False
ENG_PL::26903,2025-04-06 13:00:00+00:00,2024,walk_forward_poisson,1,0.332215406300288,0.2276418536195585,0.4401427400801532,0.4461500974658869,0.2341617933723196,0.3196881091617933,2025-04-06T00:00:00+00:00,4104,2025-04-05T16:30:00+00:00,False
ENG_PL::26906,2025-04-06 13:00:00+00:00,2024,walk_forward_poisson,0,0.2151217791972683,0.2276766400927211,0.5572015807100106,0.4461500974658869,0.2341617933723196,0.3196881091617933,2025-04-06T00:00:00+00:00,4104,2025-04-05T16:30:00+00:00,False
ENG_PL::26910,2025-04-06 13:00:00+00:00,2024,walk_forward_poisson,0,0.724299847184719,0.1526570797812697,0.1230430730340111,0.4461500974658869,0.2341617933723196,0.3196881091617933,2025-04-06T00:00:00+00:00,4104,2025-04-05T16:30:00+00:00,False
ENG_PL::26909,2025-04-06 15:30:00+00:00,2024,walk_forward_poisson,1,0.2351029466947547,0.2214820571622623,0.5434149961429829,0.4461500974658869,0.2341617933723196,0.3196881091617933,2025-04-06T00:00:00+00:00,4104,2025-04-05T16:30:00+00:00,False
ENG_PL::26908,2025-04-07 19:00:00+00:00,2024,walk_forward_poisson,2,0.1871226265636594,0.2064439764154474,0.6064333970208933,0.4462025316455696,0.2344206426484907,0.3193768257059396,2025-04-07T00:00:00+00:00,4108,2025-04-06T15:30:00+00:00,False
ENG_PL::26917,2025-04-12 11:30:00+00:00,2024,walk_forward_poisson,0,0.5612097275482447,0.2238580897110859,0.2149321827406693,0.4460939401314188,0.2343635921148698,0.3195424677537113,2025-04-12T00:00:00+00:00,4109,2025-04-07T19:00:00+00:00,False
ENG_PL::26920,2025-04-12 14:00:00+00:00,2024,walk_forward_poisson,2,0.4090280715349653,0.2710534901686032,0.3199184382964316,0.4460939401314188,0.2343635921148698,0.3195424677537113,2025-04-12T00:00:00+00:00,4109,2025-04-07T19:00:00+00:00,False
ENG_PL::26921,2025-04-12 14:00:00+00:00,2024,walk_forward_poisson,2,0.1772092808635488,0.1936815688926261,0.6291091502438251,0.4460939401314188,0.2343635921148698,0.3195424677537113,2025-04-12T00:00:00+00:00,4109,2025-04-07T19:00:00+00:00,False
ENG_PL::26914,2025-04-12 14:00:00+00:00,2024,walk_forward_poisson,1,0.6638274471712189,0.1958545659740114,0.1403179868547696,0.4460939401314188,0.2343635921148698,0.3195424677537113,2025-04-12T00:00:00+00:00,4109,2025-04-07T19:00:00+00:00,False
ENG_PL::26913,2025-04-12 16:30:00+00:00,2024,walk_forward_poisson,1,0.6476221530286093,0.2016532029094722,0.1507246440619187,0.4460939401314188,0.2343635921148698,0.3195424677537113,2025-04-12T00:00:00+00:00,4109,2025-04-07T19:00:00+00:00,False
ENG_PL::26915,2025-04-13 13:00:00+00:00,2024,walk_forward_poisson,1,0.721041736360658,0.1602972018922837,0.1186610617470581,0.4457948468643656,0.2345649003403014,0.319640252795333,2025-04-13T00:00:00+00:00,4114,2025-04-12T16:30:00+00:00,False
ENG_PL::26916,2025-04-13 13:00:00+00:00,2024,walk_forward_poisson,0,0.7340841805081625,0.1563930802502805,0.1095227392415568,0.4457948468643656,0.2345649003403014,0.319640252795333,2025-04-13T00:00:00+00:00,4114,2025-04-12T16:30:00+00:00,False
ENG_PL::26919,2025-04-13 13:00:00+00:00,2024,walk_forward_poisson,0,0.3027090101474089,0.2386121037476059,0.4586788861049852,0.4457948468643656,0.2345649003403014,0.319640252795333,2025-04-13T00:00:00+00:00,4114,2025-04-12T16:30:00+00:00,False
ENG_PL::26918,2025-04-13 15:30:00+00:00,2024,walk_forward_poisson,0,0.5268448759200053,0.2190035763184621,0.2541515477615325,0.4457948468643656,0.2345649003403014,0.319640252795333,2025-04-13T00:00:00+00:00,4114,2025-04-12T16:30:00+00:00,False
ENG_PL::26912,2025-04-14 19:00:00+00:00,2024,walk_forward_poisson,0,0.4511038629052804,0.2455531221132083,0.3033430149815111,0.4460903351141331,0.2345798931520155,0.3193297717338514,2025-04-14T00:00:00+00:00,4118,2025-04-13T15:30:00+00:00,False
ENG_PL::26890,2025-04-16 18:30:00+00:00,2024,walk_forward_poisson,0,0.5074354643891985,0.2244459744936757,0.2681185611171259,0.4462248118475358,0.2345229424617625,0.3192522456907016,2025-04-16T00:00:00+00:00,4119,2025-04-14T19:00:00+00:00,False
ENG_PL::26923,2025-04-19 14:00:00+00:00,2024,walk_forward_poisson,0,0.3667967993363655,0.2440050309737674,0.3891981696898668,0.4463592233009709,0.2344660194174757,0.3191747572815534,2025-04-19T00:00:00+00:00,4120,2025-04-16T18:30:00+00:00,False
ENG_PL::26924,2025-04-19 14:00:00+00:00,2024,walk_forward_poisson,1,0.3711937805722575,0.2377998808701264,0.3910063385576161,0.4463592233009709,0.2344660194174757,0.3191747572815534,2025-04-19T00:00:00+00:00,4120,2025-04-16T18:30:00+00:00,False
ENG_PL::26925,2025-04-19 14:00:00+00:00,2024,walk_forward_poisson,2,0.2354400320836678,0.2395517517353309,0.5250082161810012,0.4463592233009709,0.2344660194174757,0.3191747572815534,2025-04-19T00:00:00+00:00,4120,2025-04-16T18:30:00+00:00,False
ENG_PL::26931,2025-04-19 14:00:00+00:00,2024,walk_forward_poisson,1,0.5987483784136325,0.2086888788419165,0.1925627427444509,0.4463592233009709,0.2344660194174757,0.3191747572815534,2025-04-19T00:00:00+00:00,4120,2025-04-16T18:30:00+00:00,False
ENG_PL::26922,2025-04-19 16:30:00+00:00,2024,walk_forward_poisson,0,0.3557259168865195,0.2307004426321424,0.4135736404813379,0.4463592233009709,0.2344660194174757,0.3191747572815534,2025-04-19T00:00:00+00:00,4120,2025-04-16T18:30:00+00:00,False
ENG_PL::26929,2025-04-20 13:00:00+00:00,2024,walk_forward_poisson,2,0.4763867410221574,0.24682186894037,0.2767913900374728,0.4463030303030303,0.2346666666666666,0.319030303030303,2025-04-20T00:00:00+00:00,4125,2025-04-19T16:30:00+00:00,False
ENG_PL::26926,2025-04-20 13:00:00+00:00,2024,walk_forward_poisson,2,0.3460766767924778,0.2470456708586783,0.4068776523488437,0.4463030303030303,0.2346666666666666,0.319030303030303,2025-04-20T00:00:00+00:00,4125,2025-04-19T16:30:00+00:00,False
ENG_PL::26927,2025-04-20 13:00:00+00:00,2024,walk_forward_poisson,2,0.0940728994750372,0.1633424571324681,0.7425846433924946,0.4463030303030303,0.2346666666666666,0.319030303030303,2025-04-20T00:00:00+00:00,4125,2025-04-19T16:30:00+00:00,False
ENG_PL::26928,2025-04-20 15:30:00+00:00,2024,walk_forward_poisson,2,0.1027225175190018,0.155268789210005,0.7420086932709931,0.4463030303030303,0.2346666666666666,0.319030303030303,2025-04-20T00:00:00+00:00,4125,2025-04-19T16:30:00+00:00,False
ENG_PL::26930,2025-04-21 19:00:00+00:00,2024,walk_forward_poisson,2,0.4587270702034451,0.2361076811943417,0.3051652486022131,0.4458706708646161,0.2344393315572777,0.319689997578106,2025-04-21T00:00:00+00:00,4129,2025-04-20T15:30:00+00:00,False
ENG_PL::26937,2025-04-22 19:00:00+00:00,2024,walk_forward_poisson,0,0.5772115857113524,0.2104790170696287,0.2123093972190189,0.4457627118644068,0.2343825665859564,0.3198547215496368,2025-04-22T00:00:00+00:00,4130,2025-04-21T19:00:00+00:00,False
ENG_PL::26933,2025-04-23 19:00:00+00:00,2024,walk_forward_poisson,1,0.63021373736596,0.2152743437115005,0.1545119189225394,0.4458968772694263,0.2343258290970709,0.3197772936335027,2025-04-23T00:00:00+00:00,4131,2025-04-22T19:00:00+00:00,False
ENG_PL::26935,2025-04-26 11:30:00+00:00,2024,walk_forward_poisson,0,0.520778661586921,0.2364453408668987,0.2427759975461803,0.4457889641819942,0.2345111326234269,0.3196999031945789,2025-04-26T00:00:00+00:00,4132,2025-04-23T19:00:00+00:00,False
ENG_PL::26934,2025-04-26 14:00:00+00:00,2024,walk_forward_poisson,0,0.5442920071106129,0.22758247264872,0.2281255202406672,0.4457889641819942,0.2345111326234269,0.3196999031945789,2025-04-26T00:00:00+00:00,4132,2025-04-23T19:00:00+00:00,False
ENG_PL::26938,2025-04-26 14:00:00+00:00,2024,walk_forward_poisson,0,0.7279911543294658,0.1546849574973829,0.1173238881731511,0.4457889641819942,0.2345111326234269,0.3196999031945789,2025-04-26T00:00:00+00:00,4132,2025-04-23T19:00:00+00:00,False
ENG_PL::26940,2025-04-26 14:00:00+00:00,2024,walk_forward_poisson,2,0.190986340182352,0.224177657111339,0.5848360027063089,0.4457889641819942,0.2345111326234269,0.3196999031945789,2025-04-26T00:00:00+00:00,4132,2025-04-23T19:00:00+00:00,False
ENG_PL::26941,2025-04-26 14:00:00+00:00,2024,walk_forward_poisson,0,0.514545564325162,0.2467974438373152,0.2386569918375228,0.4457889641819942,0.2345111326234269,0.3196999031945789,2025-04-26T00:00:00+00:00,4132,2025-04-23T19:00:00+00:00,False
ENG_PL::26932,2025-04-27 13:00:00+00:00,2024,walk_forward_poisson,1,0.5044128460479923,0.2283917392559639,0.2671954146960438,0.4462170655064056,0.2342277012327773,0.319555233260817,2025-04-27T00:00:00+00:00,4137,2025-04-26T14:00:00+00:00,False
ENG_PL::26936,2025-04-27 15:30:00+00:00,2024,walk_forward_poisson,0,0.6575369245398409,0.1767837004138518,0.1656793750463069,0.4462170655064056,0.2342277012327773,0.319555233260817,2025-04-27T00:00:00+00:00,4137,2025-04-26T14:00:00+00:00,False
ENG_PL::26939,2025-05-01 18:30:00+00:00,2024,walk_forward_poisson,2,0.3746134822044006,0.2502377851616354,0.3751487326339638,0.4462430538777482,0.2343561246677941,0.3194008214544576,2025-05-01T00:00:00+00:00,4139,2025-04-27T15:30:00+00:00,False
ENG_PL::26942,2025-05-02 19:00:00+00:00,2024,walk_forward_poisson,0,0.6645816151525691,0.1936396405333932,0.1417787443140376,0.4461352657004831,0.2342995169082125,0.3195652173913043,2025-05-02T00:00:00+00:00,4140,2025-05-01T18:30:00+00:00,False
ENG_PL::26946,2025-05-03 11:30:00+00:00,2024,walk_forward_poisson,0,0.4338868786430934,0.2522536920482863,0.3138594293086201,0.446269017145617,0.2342429364887708,0.3194880463656122,2025-05-03T00:00:00+00:00,4141,2025-05-02T19:00:00+00:00,False
ENG_PL::26950,2025-05-03 14:00:00+00:00,2024,walk_forward_poisson,1,0.6050790967398665,0.218805197528945,0.1761157057311884,0.446269017145617,0.2342429364887708,0.3194880463656122,2025-05-03T00:00:00+00:00,4141,2025-05-02T19:00:00+00:00,False
ENG_PL::26951,2025-05-03 14:00:00+00:00,2024,walk_forward_poisson,0,0.4475091143791121,0.24439532904945,0.3080955565714376,0.446269017145617,0.2342429364887708,0.3194880463656122,2025-05-03T00:00:00+00:00,4141,2025-05-02T19:00:00+00:00,False
ENG_PL::26945,2025-05-03 16:30:00+00:00,2024,walk_forward_poisson,2,0.5895540346560936,0.2215976577818575,0.1888483075620489,0.446269017145617,0.2342429364887708,0.3194880463656122,2025-05-03T00:00:00+00:00,4141,2025-05-02T19:00:00+00:00,False
ENG_PL::26944,2025-05-04 13:00:00+00:00,2024,walk_forward_poisson,1,0.3768363814973338,0.2344502218734275,0.3887133966292386,0.4463208685162846,0.2342581423401688,0.3194209891435464,2025-05-04T00:00:00+00:00,4145,2025-05-03T16:30:00+00:00,False
ENG_PL::26947,2025-05-04 13:00:00+00:00,2024,walk_forward_poisson,0,0.4495493952996784,0.2356901383058563,0.3147604663944653,0.4463208685162846,0.2342581423401688,0.3194209891435464,2025-05-04T00:00:00+00:00,4145,2025-05-03T16:30:00+00:00,False
ENG_PL::26943,2025-05-04 13:00:00+00:00,2024,walk_forward_poisson,1,0.3225099673896864,0.2289109238475812,0.4485791087627321,0.4463208685162846,0.2342581423401688,0.3194209891435464,2025-05-04T00:00:00+00:00,4145,2025-05-03T16:30:00+00:00,False
ENG_PL::26948,2025-05-04 15:30:00+00:00,2024,walk_forward_poisson,0,0.2771260948844228,0.2227823573857273,0.5000915477298499,0.4463208685162846,0.2342581423401688,0.3194209891435464,2025-05-04T00:00:00+00:00,4145,2025-05-03T16:30:00+00:00,False
ENG_PL::26949,2025-05-05 19:00:00+00:00,2024,walk_forward_poisson,1,0.4591327003230733,0.2507764694317254,0.2900908302452012,0.4463726199084116,0.2345143408050132,0.3191130392865751,2025-05-05T00:00:00+00:00,4149,2025-05-04T15:30:00+00:00,False
ENG_PL::26953,2025-05-10 14:00:00+00:00,2024,walk_forward_poisson,2,0.4291088323167961,0.2763433068742376,0.2945478608089665,0.4462650602409638,0.2346987951807229,0.3190361445783132,2025-05-10T00:00:00+00:00,4150,2025-05-05T19:00:00+00:00,False
ENG_PL::26954,2025-05-10 14:00:00+00:00,2024,walk_forward_poisson,2,0.2028196563194849,0.2056276302983463,0.5915527133821689,0.4462650602409638,0.2346987951807229,0.3190361445783132,2025-05-10T00:00:00+00:00,4150,2025-05-05T19:00:00+00:00,False
ENG_PL::26959,2025-05-10 14:00:00+00:00,2024,walk_forward_poisson,1,0.0927046280369474,0.1455526959336316,0.7617426760294208,0.4462650602409638,0.2346987951807229,0.3190361445783132,2025-05-10T00:00:00+00:00,4150,2025-05-05T19:00:00+00:00,False
ENG_PL::26961,2025-05-10 14:00:00+00:00,2024,walk_forward_poisson,2,0.3010827694322933,0.259350655996292,0.4395665745714149,0.4462650602409638,0.2346987951807229,0.3190361445783132,2025-05-10T00:00:00+00:00,4150,2025-05-05T19:00:00+00:00,False
ENG_PL::26955,2025-05-10 16:30:00+00:00,2024,walk_forward_poisson,2,0.4416141878213207,0.2331618702716007,0.3252239419070785,0.4462650602409638,0.2346987951807229,0.3190361445783132,2025-05-10T00:00:00+00:00,4150,2025-05-05T19:00:00+00:00,False
ENG_PL::26957,2025-05-11 11:00:00+00:00,2024,walk_forward_poisson,0,0.4271499483002339,0.2255116348199675,0.3473384168797985,0.4457280385078219,0.2346570397111913,0.3196149217809867,2025-05-11T00:00:00+00:00,4155,2025-05-10T16:30:00+00:00,False
ENG_PL::26960,2025-05-11 13:15:00+00:00,2024,walk_forward_poisson,2,0.4289963193711483,0.2294067520301639,0.3415969285986877,0.4457280385078219,0.2346570397111913,0.3196149217809867,2025-05-11T00:00:00+00:00,4155,2025-05-10T16:30:00+00:00,False
ENG_PL::26958,2025-05-11 13:15:00+00:00,2024,walk_forward_poisson,1,0.5760427633611362,0.2296918669600101,0.1942653696788535,0.4457280385078219,0.2346570397111913,0.3196149217809867,2025-05-11T00:00:00+00:00,4155,2025-05-10T16:30:00+00:00,False
ENG_PL::26956,2025-05-11 13:15:00+00:00,2024,walk_forward_poisson,2,0.4752539197372648,0.2386477888811025,0.2860982913816328,0.4457280385078219,0.2346570397111913,0.3196149217809867,2025-05-11T00:00:00+00:00,4155,2025-05-10T16:30:00+00:00,False
ENG_PL::26952,2025-05-11 15:30:00+00:00,2024,walk_forward_poisson,1,0.404038886822115,0.2524754068370242,0.3434857063408611,0.4457280385078219,0.2346570397111913,0.3196149217809867,2025-05-11T00:00:00+00:00,4155,2025-05-10T16:30:00+00:00,False
ENG_PL::26963,2025-05-16 18:30:00+00:00,2024,walk_forward_poisson,0,0.466012216913177,0.2234132059309563,0.3105745771558667,0.4454326923076923,0.2348557692307692,0.3197115384615384,2025-05-16T00:00:00+00:00,4160,2025-05-11T15:30:00+00:00,False
ENG_PL::26966,2025-05-16 19:15:00+00:00,2024,walk_forward_poisson,0,0.5393747547333418,0.2177660180058189,0.2428592272608392,0.4454326923076923,0.2348557692307692,0.3197115384615384,2025-05-16T00:00:00+00:00,4160,2025-05-11T15:30:00+00:00,False
ENG_PL::26968,2025-05-18 11:00:00+00:00,2024,walk_forward_poisson,0,0.6257274316911032,0.2150750607552547,0.1591975075536421,0.4456991830850552,0.2347429120615088,0.3195579048534358,2025-05-18T00:00:00+00:00,4162,2025-05-16T19:15:00+00:00,False
ENG_PL::26971,2025-05-18 13:15:00+00:00,2024,walk_forward_poisson,2,0.3737042487966446,0.2603732006495891,0.3659225505537661,0.4456991830850552,0.2347429120615088,0.3195579048534358,2025-05-18T00:00:00+00:00,4162,2025-05-16T19:15:00+00:00,False
ENG_PL::26969,2025-05-18 14:00:00+00:00,2024,walk_forward_poisson,0,0.4153845356935346,0.2504555602793556,0.3341599040271097,0.4456991830850552,0.2347429120615088,0.3195579048534358,2025-05-18T00:00:00+00:00,4162,2025-05-16T19:15:00+00:00,False
ENG_PL::26964,2025-05-18 14:00:00+00:00,2024,walk_forward_poisson,2,0.4299273264963774,0.2511655402802911,0.3189071332233315,0.4456991830850552,0.2347429120615088,0.3195579048534358,2025-05-18T00:00:00+00:00,4162,2025-05-16T19:15:00+00:00,False
ENG_PL::26962,2025-05-18 15:30:00+00:00,2024,walk_forward_poisson,0,0.5450921603114852,0.2272027515599507,0.2277050881285639,0.4456991830850552,0.2347429120615088,0.3195579048534358,2025-05-18T00:00:00+00:00,4162,2025-05-16T19:15:00+00:00,False
ENG_PL::26965,2025-05-19 19:00:00+00:00,2024,walk_forward_poisson,0,0.2510999376014866,0.225311326735338,0.5235887356631752,0.4458843292536597,0.2344612431005519,0.3196544276457883,2025-05-19T00:00:00+00:00,4167,2025-05-18T15:30:00+00:00,False
ENG_PL::26967,2025-05-20 19:00:00+00:00,2024,walk_forward_poisson,0,0.5144276284159471,0.244133061084186,0.2414393104998666,0.4460172744721689,0.234404990403071,0.31957773512476,2025-05-20T00:00:00+00:00,4168,2025-05-19T19:00:00+00:00,False
ENG_PL::26970,2025-05-20 19:00:00+00:00,2024,walk_forward_poisson,0,0.5479772030692968,0.2215499426184324,0.2304728543122708,0.4460172744721689,0.234404990403071,0.31957773512476,2025-05-20T00:00:00+00:00,4168,2025-05-19T19:00:00+00:00,False
ENG_PL::26973,2025-05-25 15:00:00+00:00,2024,walk_forward_poisson,2,0.5396013823255379,0.2311637640787376,0.2292348535957244,0.4462829736211031,0.2342925659472422,0.3194244604316547,2025-05-25T00:00:00+00:00,4170,2025-05-20T19:00:00+00:00,False
ENG_PL::26974,2025-05-25 15:00:00+00:00,2024,walk_forward_poisson,0,0.3546700428329948,0.2427307017169179,0.4025992554500872,0.4462829736211031,0.2342925659472422,0.3194244604316547,2025-05-25T00:00:00+00:00,4170,2025-05-20T19:00:00+00:00,False
ENG_PL::26975,2025-05-25 15:00:00+00:00,2024,walk_forward_poisson,1,0.6278812782028315,0.1912739498390311,0.1808447719581374,0.4462829736211031,0.2342925659472422,0.3194244604316547,2025-05-25T00:00:00+00:00,4170,2025-05-20T19:00:00+00:00,False
ENG_PL::26978,2025-05-25 15:00:00+00:00,2024,walk_forward_poisson,1,0.3209799825162918,0.2516483149718914,0.4273717025118168,0.4462829736211031,0.2342925659472422,0.3194244604316547,2025-05-25T00:00:00+00:00,4170,2025-05-20T19:00:00+00:00,False
ENG_PL::26972,2025-05-25 15:00:00+00:00,2024,walk_forward_poisson,2,0.299561255322881,0.2480225875258867,0.4524161571512323,0.4462829736211031,0.2342925659472422,0.3194244604316547,2025-05-25T00:00:00+00:00,4170,2025-05-20T19:00:00+00:00,False
ENG_PL::26979,2025-05-25 15:00:00+00:00,2024,walk_forward_poisson,0,0.6873529484142737,0.1801836677717037,0.1324633838140225,0.4462829736211031,0.2342925659472422,0.3194244604316547,2025-05-25T00:00:00+00:00,4170,2025-05-20T19:00:00+00:00,False
ENG_PL::26980,2025-05-25 15:00:00+00:00,2024,walk_forward_poisson,2,0.2969982598713934,0.2439325190233965,0.45906922110521,0.4462829736211031,0.2342925659472422,0.3194244604316547,2025-05-25T00:00:00+00:00,4170,2025-05-20T19:00:00+00:00,False
ENG_PL::26981,2025-05-25 15:00:00+00:00,2024,walk_forward_poisson,2,0.262529602920043,0.2508102531682586,0.486660143911698,0.4462829736211031,0.2342925659472422,0.3194244604316547,2025-05-25T00:00:00+00:00,4170,2025-05-20T19:00:00+00:00,False
ENG_PL::26977,2025-05-25 15:00:00+00:00,2024,walk_forward_poisson,2,0.0811674126154623,0.1463962452426239,0.7724363421419137,0.4462829736211031,0.2342925659472422,0.3194244604316547,2025-05-25T00:00:00+00:00,4170,2025-05-20T19:00:00+00:00,False
ENG_PL::26976,2025-05-25 15:00:00+00:00,2024,walk_forward_poisson,2,0.3862219936149959,0.2337082257802003,0.3800697806048037,0.4462829736211031,0.2342925659472422,0.3194244604316547,2025-05-25T00:00:00+00:00,4170,2025-05-20T19:00:00+00:00,False
ENG_PL::28778,2025-08-15 19:00:00+00:00,2025,frozen_dc,0,0.59122297344611,0.207412798509651,0.201364228044239,0.4456937799043062,0.2342105263157894,0.3200956937799043,2025-08-15T00:00:00+00:00,4180,2025-05-25T15:00:00+00:00,False
ENG_PL::28779,2025-08-16 11:30:00+00:00,2025,frozen_dc,1,0.3497870139485124,0.2446706305564303,0.4055423554950574,0.4456937799043062,0.2342105263157894,0.3200956937799043,2025-08-15T00:00:00+00:00,4180,2025-05-25T15:00:00+00:00,False
ENG_PL::28782,2025-08-16 14:00:00+00:00,2025,frozen_dc,0,0.5464029053421147,0.2243318533446743,0.2292652413132108,0.4456937799043062,0.2342105263157894,0.3200956937799043,2025-08-15T00:00:00+00:00,4180,2025-05-25T15:00:00+00:00,False
ENG_PL::28781,2025-08-16 14:00:00+00:00,2025,frozen_dc,0,0.4623528488366071,0.2531610131323367,0.2844861380310562,0.4456937799043062,0.2342105263157894,0.3200956937799043,2025-08-15T00:00:00+00:00,4180,2025-05-25T15:00:00+00:00,False
ENG_PL::28780,2025-08-16 14:00:00+00:00,2025,frozen_dc,1,0.4305378931203558,0.2674188900493128,0.3020432168303313,0.4456937799043062,0.2342105263157894,0.3200956937799043,2025-08-15T00:00:00+00:00,4180,2025-05-25T15:00:00+00:00,False
ENG_PL::28783,2025-08-16 16:30:00+00:00,2025,frozen_dc,2,0.1993032605708723,0.2402932261945614,0.5604035132345665,0.4456937799043062,0.2342105263157894,0.3200956937799043,2025-08-15T00:00:00+00:00,4180,2025-05-25T15:00:00+00:00,False
ENG_PL::28784,2025-08-17 13:00:00+00:00,2025,frozen_dc,1,0.4701409928789456,0.2411085231807314,0.2887504839403228,0.4456937799043062,0.2342105263157894,0.3200956937799043,2025-08-15T00:00:00+00:00,4180,2025-05-25T15:00:00+00:00,False
ENG_PL::28785,2025-08-17 13:00:00+00:00,2025,frozen_dc,0,0.3530964866083722,0.259873914210984,0.3870295991806438,0.4456937799043062,0.2342105263157894,0.3200956937799043,2025-08-15T00:00:00+00:00,4180,2025-05-25T15:00:00+00:00,False
ENG_PL::28786,2025-08-17 15:30:00+00:00,2025,frozen_dc,2,0.2118224490858351,0.240585694344102,0.5475918565700629,0.4456937799043062,0.2342105263157894,0.3200956937799043,2025-08-15T00:00:00+00:00,4180,2025-05-25T15:00:00+00:00,False
ENG_PL::28787,2025-08-18 19:00:00+00:00,2025,frozen_dc,0,0.3354362534065993,0.2761801219944018,0.3883836245989989,0.4456937799043062,0.2342105263157894,0.3200956937799043,2025-08-15T00:00:00+00:00,4180,2025-05-25T15:00:00+00:00,False
ENG_PL::28788,2025-08-22 19:00:00+00:00,2025,frozen_dc,2,0.2529097518073369,0.2386019018798078,0.5084883463128552,0.4456937799043062,0.2342105263157894,0.3200956937799043,2025-08-15T00:00:00+00:00,4180,2025-05-25T15:00:00+00:00,False
ENG_PL::28789,2025-08-23 11:30:00+00:00,2025,frozen_dc,2,0.6073584669588572,0.2034307689232993,0.1892107641178432,0.4456937799043062,0.2342105263157894,0.3200956937799043,2025-08-15T00:00:00+00:00,4180,2025-05-25T15:00:00+00:00,False
ENG_PL::28791,2025-08-23 14:00:00+00:00,2025,frozen_dc,0,0.3129145825719764,0.2605479511833602,0.4265374662446634,0.4456937799043062,0.2342105263157894,0.3200956937799043,2025-08-15T00:00:00+00:00,4180,2025-05-25T15:00:00+00:00,False
ENG_PL::28792,2025-08-23 14:00:00+00:00,2025,frozen_dc,0,0.533947729499251,0.2449615219938317,0.2210907485069172,0.4456937799043062,0.2342105263157894,0.3200956937799043,2025-08-15T00:00:00+00:00,4180,2025-05-25T15:00:00+00:00,False
ENG_PL::28790,2025-08-23 14:00:00+00:00,2025,frozen_dc,0,0.4112926838391427,0.246143182749307,0.3425641334115502,0.4456937799043062,0.2342105263157894,0.3200956937799043,2025-08-15T00:00:00+00:00,4180,2025-05-25T15:00:00+00:00,False
ENG_PL::28793,2025-08-23 16:30:00+00:00,2025,frozen_dc,0,0.6877113207314206,0.1924316705190095,0.1198570087495699,0.4456937799043062,0.2342105263157894,0.3200956937799043,2025-08-15T00:00:00+00:00,4180,2025-05-25T15:00:00+00:00,False
ENG_PL::28794,2025-08-24 13:00:00+00:00,2025,frozen_dc,1,0.4667128225395924,0.2577309315606931,0.2755562458997143,0.4456937799043062,0.2342105263157894,0.3200956937799043,2025-08-15T00:00:00+00:00,4180,2025-05-25T15:00:00+00:00,False
ENG_PL::28795,2025-08-24 13:00:00+00:00,2025,frozen_dc,0,0.3405430493554743,0.276287852581298,0.3831690980632277,0.4456937799043062,0.2342105263157894,0.3200956937799043,2025-08-15T00:00:00+00:00,4180,2025-05-25T15:00:00+00:00,False
ENG_PL::28796,2025-08-24 15:30:00+00:00,2025,frozen_dc,1,0.4294037380839902,0.2640893462280553,0.3065069156879544,0.4456937799043062,0.2342105263157894,0.3200956937799043,2025-08-15T00:00:00+00:00,4180,2025-05-25T15:00:00+00:00,False
ENG_PL::28797,2025-08-25 19:00:00+00:00,2025,frozen_dc,2,0.3077085062788363,0.2282128877942532,0.4640786059269103,0.4456937799043062,0.2342105263157894,0.3200956937799043,2025-08-15T00:00:00+00:00,4180,2025-05-25T15:00:00+00:00,False
ENG_PL::28798,2025-08-30 11:30:00+00:00,2025,frozen_dc,0,0.4791324523499738,0.2531030939553977,0.2677644536946286,0.4456937799043062,0.2342105263157894,0.3200956937799043,2025-08-15T00:00:00+00:00,4180,2025-05-25T15:00:00+00:00,False
ENG_PL::28802,2025-08-30 14:00:00+00:00,2025,frozen_dc,0,0.5241053598925576,0.2411509401086416,0.2347436999988008,0.4456937799043062,0.2342105263157894,0.3200956937799043,2025-08-15T00:00:00+00:00,4180,2025-05-25T15:00:00+00:00,False
ENG_PL::28801,2025-08-30 14:00:00+00:00,2025,frozen_dc,0,0.3571712692404377,0.2492653207148843,0.3935634100446778,0.4456937799043062,0.2342105263157894,0.3200956937799043,2025-08-15T00:00:00+00:00,4180,2025-05-25T15:00:00+00:00,False
ENG_PL::28800,2025-08-30 14:00:00+00:00,2025,frozen_dc,2,0.3378992004535916,0.2915613517154958,0.3705394478309124,0.4456937799043062,0.2342105263157894,0.3200956937799043,2025-08-15T00:00:00+00:00,4180,2025-05-25T15:00:00+00:00,False
ENG_PL::28799,2025-08-30 14:00:00+00:00,2025,frozen_dc,2,0.3563526723082547,0.2361851087095454,0.4074622189821998,0.4456937799043062,0.2342105263157894,0.3200956937799043,2025-08-15T00:00:00+00:00,4180,2025-05-25T15:00:00+00:00,False
ENG_PL::28803,2025-08-30 16:30:00+00:00,2025,frozen_dc,1,0.2404987411455178,0.2301774799067708,0.5293237789477114,0.4456937799043062,0.2342105263157894,0.3200956937799043,2025-08-15T00:00:00+00:00,4180,2025-05-25T15:00:00+00:00,False
ENG_PL::28804,2025-08-31 13:00:00+00:00,2025,frozen_dc,2,0.4538703881358053,0.2643118432905136,0.2818177685736811,0.4456937799043062,0.2342105263157894,0.3200956937799043,2025-08-15T00:00:00+00:00,4180,2025-05-25T15:00:00+00:00,False
ENG_PL::28805,2025-08-31 13:00:00+00:00,2025,frozen_dc,0,0.2952688288882051,0.2519701611567776,0.4527610099550173,0.4456937799043062,0.2342105263157894,0.3200956937799043,2025-08-15T00:00:00+00:00,4180,2025-05-25T15:00:00+00:00,False
ENG_PL::28806,2025-08-31 15:30:00+00:00,2025,frozen_dc,0,0.414048545698043,0.2530855948979335,0.3328658594040234,0.4456937799043062,0.2342105263157894,0.3200956937799043,2025-08-15T00:00:00+00:00,4180,2025-05-25T15:00:00+00:00,False
ENG_PL::28807,2025-08-31 18:00:00+00:00,2025,frozen_dc,2,0.4104130001498217,0.2517902827645714,0.337796717085607,0.4456937799043062,0.2342105263157894,0.3200956937799043,2025-08-15T00:00:00+00:00,4180,2025-05-25T15:00:00+00:00,False
ENG_PL::28808,2025-09-13 11:30:00+00:00,2025,frozen_dc,0,0.6199995839100262,0.2268582731864332,0.1531421429035404,0.4456937799043062,0.2342105263157894,0.3200956937799043,2025-08-15T00:00:00+00:00,4180,2025-05-25T15:00:00+00:00,False
ENG_PL::28809,2025-09-13 14:00:00+00:00,2025,frozen_dc,0,0.584207182808039,0.2258006063446999,0.189992210847261,0.4456937799043062,0.2342105263157894,0.3200956937799043,2025-08-15T00:00:00+00:00,4180,2025-05-25T15:00:00+00:00,False
ENG_PL::28810,2025-09-13 14:00:00+00:00,2025,frozen_dc,0,0.42405227664003,0.2519294015715049,0.3240183217884652,0.4456937799043062,0.2342105263157894,0.3200956937799043,2025-08-15T00:00:00+00:00,4180,2025-05-25T15:00:00+00:00,False
ENG_PL::28811,2025-09-13 14:00:00+00:00,2025,frozen_dc,1,0.4765890571258924,0.2465682837285256,0.2768426591455818,0.4456937799043062,0.2342105263157894,0.3200956937799043,2025-08-15T00:00:00+00:00,4180,2025-05-25T15:00:00+00:00,False
ENG_PL::28812,2025-09-13 14:00:00+00:00,2025,frozen_dc,1,0.3521966525324859,0.2736638163021059,0.3741395311654081,0.4456937799043062,0.2342105263157894,0.3200956937799043,2025-08-15T00:00:00+00:00,4180,2025-05-25T15:00:00+00:00,False
ENG_PL::28813,2025-09-13 14:00:00+00:00,2025,frozen_dc,0,0.4979734511706526,0.2562948240341911,0.2457317247951561,0.4456937799043062,0.2342105263157894,0.3200956937799043,2025-08-15T00:00:00+00:00,4180,2025-05-25T15:00:00+00:00,False
ENG_PL::28814,2025-09-13 16:30:00+00:00,2025,frozen_dc,2,0.3406160879608323,0.2415071973918153,0.4178767146473525,0.4456937799043062,0.2342105263157894,0.3200956937799043,2025-08-15T00:00:00+00:00,4180,2025-05-25T15:00:00+00:00,False
ENG_PL::28815,2025-09-13 19:00:00+00:00,2025,frozen_dc,1,0.3583907125223359,0.2421058755996743,0.3995034118779898,0.4456937799043062,0.2342105263157894,0.3200956937799043,2025-08-15T00:00:00+00:00,4180,2025-05-25T15:00:00+00:00,False
ENG_PL::28816,2025-09-14 13:00:00+00:00,2025,frozen_dc,2,0.1316596638532679,0.1799147109916283,0.6884256251551035,0.4456937799043062,0.2342105263157894,0.3200956937799043,2025-08-15T00:00:00+00:00,4180,2025-05-25T15:00:00+00:00,False
ENG_PL::28817,2025-09-14 15:30:00+00:00,2025,frozen_dc,0,0.5965942887480216,0.2166140926392477,0.1867916186127307,0.4456937799043062,0.2342105263157894,0.3200956937799043,2025-08-15T00:00:00+00:00,4180,2025-05-25T15:00:00+00:00,False
ENG_PL::28818,2025-09-20 11:30:00+00:00,2025,frozen_dc,0,0.640411078306818,0.2056515947342809,0.1539373269589011,0.4456937799043062,0.2342105263157894,0.3200956937799043,2025-08-15T00:00:00+00:00,4180,2025-05-25T15:00:00+00:00,False
ENG_PL::28819,2025-09-20 14:00:00+00:00,2025,frozen_dc,2,0.2974184482934417,0.2510008777153401,0.4515806739912181,0.4456937799043062,0.2342105263157894,0.3200956937799043,2025-08-15T00:00:00+00:00,4180,2025-05-25T15:00:00+00:00,False
ENG_PL::28820,2025-09-20 14:00:00+00:00,2025,frozen_dc,2,0.4087049077687492,0.2723747608067584,0.3189203314244922,0.4456937799043062,0.2342105263157894,0.3200956937799043,2025-08-15T00:00:00+00:00,4180,2025-05-25T15:00:00+00:00,False
ENG_PL::28821,2025-09-20 14:00:00+00:00,2025,frozen_dc,1,0.4744119016170859,0.2351395170168838,0.2904485813660302,0.4456937799043062,0.2342105263157894,0.3200956937799043,2025-08-15T00:00:00+00:00,4180,2025-05-25T15:00:00+00:00,False
ENG_PL::28822,2025-09-20 14:00:00+00:00,2025,frozen_dc,1,0.3090209672074536,0.2717439418171158,0.4192350909754306,0.4456937799043062,0.2342105263157894,0.3200956937799043,2025-08-15T00:00:00+00:00,4180,2025-05-25T15:00:00+00:00,False
ENG_PL::28824,2025-09-20 16:30:00+00:00,2025,frozen_dc,0,0.3157708722957736,0.2456298241622365,0.4385993035419899,0.4456937799043062,0.2342105263157894,0.3200956937799043,2025-08-15T00:00:00+00:00,4180,2025-05-25T15:00:00+00:00,False
ENG_PL::28825,2025-09-20 19:00:00+00:00,2025,frozen_dc,0,0.3933101249807098,0.2602434181909694,0.3464464568283205,0.4456937799043062,0.2342105263157894,0.3200956937799043,2025-08-15T00:00:00+00:00,4180,2025-05-25T15:00:00+00:00,False
ENG_PL::28826,2025-09-21 13:00:00+00:00,2025,frozen_dc,1,0.3493424750286915,0.2564859887696754,0.3941715362016332,0.4456937799043062,0.2342105263157894,0.3200956937799043,2025-08-15T00:00:00+00:00,4180,2025-05-25T15:00:00+00:00,False
ENG_PL::28823,2025-09-21 13:00:00+00:00,2025,frozen_dc,1,0.3748612099603383,0.2423714074086331,0.3827673826310285,0.4456937799043062,0.2342105263157894,0.3200956937799043,2025-08-15T00:00:00+00:00,4180,2025-05-25T15:00:00+00:00,False
ENG_PL::28827,2025-09-21 15:30:00+00:00,2025,frozen_dc,1,0.4462536056859806,0.2625673693149448,0.2911790249990745,0.4456937799043062,0.2342105263157894,0.3200956937799043,2025-08-15T00:00:00+00:00,4180,2025-05-25T15:00:00+00:00,False
ENG_PL::28828,2025-09-27 11:30:00+00:00,2025,frozen_dc,0,0.4604473316962056,0.240836812138706,0.2987158561650882,0.4456937799043062,0.2342105263157894,0.3200956937799043,2025-08-15T00:00:00+00:00,4180,2025-05-25T15:00:00+00:00,False
ENG_PL::28829,2025-09-27 14:00:00+00:00,2025,frozen_dc,2,0.4568005460312899,0.2467273623992437,0.2964720915694663,0.4456937799043062,0.2342105263157894,0.3200956937799043,2025-08-15T00:00:00+00:00,4180,2025-05-25T15:00:00+00:00,False
ENG_PL::28830,2025-09-27 14:00:00+00:00,2025,frozen_dc,0,0.2476950294274134,0.2240284834828129,0.5282764870897737,0.4456937799043062,0.2342105263157894,0.3200956937799043,2025-08-15T00:00:00+00:00,4180,2025-05-25T15:00:00+00:00,False
ENG_PL::28832,2025-09-27 14:00:00+00:00,2025,frozen_dc,1,0.2763802777377329,0.2452655863819098,0.4783541358803569,0.4456937799043062,0.2342105263157894,0.3200956937799043,2025-08-15T00:00:00+00:00,4180,2025-05-25T15:00:00+00:00,False
ENG_PL::28833,2025-09-27 14:00:00+00:00,2025,frozen_dc,0,0.6986092157422615,0.1826884341738304,0.1187023500839081,0.4456937799043062,0.2342105263157894,0.3200956937799043,2025-08-15T00:00:00+00:00,4180,2025-05-25T15:00:00+00:00,False
ENG_PL::28834,2025-09-27 16:30:00+00:00,2025,frozen_dc,2,0.4019611651207205,0.2691607036059016,0.3288781312733778,0.4456937799043062,0.2342105263157894,0.3200956937799043,2025-08-15T00:00:00+00:00,4180,2025-05-25T15:00:00+00:00,False
ENG_PL::28835,2025-09-27 19:00:00+00:00,2025,frozen_dc,1,0.4818010668305481,0.2457226622528035,0.2724762709166484,0.4456937799043062,0.2342105263157894,0.3200956937799043,2025-08-15T00:00:00+00:00,4180,2025-05-25T15:00:00+00:00,False
ENG_PL::28831,2025-09-28 13:00:00+00:00,2025,frozen_dc,0,0.4213950399534208,0.2656890164131714,0.3129159436334076,0.4456937799043062,0.2342105263157894,0.3200956937799043,2025-08-15T00:00:00+00:00,4180,2025-05-25T15:00:00+00:00,False
ENG_PL::28836,2025-09-28 15:30:00+00:00,2025,frozen_dc,2,0.3042581097369105,0.2540534114899904,0.441688478773099,0.4456937799043062,0.2342105263157894,0.3200956937799043,2025-08-15T00:00:00+00:00,4180,2025-05-25T15:00:00+00:00,False
ENG_PL::28837,2025-09-29 19:00:00+00:00,2025,frozen_dc,1,0.4591331313202151,0.2688327969391937,0.2720340717405911,0.4456937799043062,0.2342105263157894,0.3200956937799043,2025-08-15T00:00:00+00:00,4180,2025-05-25T15:00:00+00:00,False
ENG_PL::28838,2025-10-03 19:00:00+00:00,2025,frozen_dc,0,0.4469880510298588,0.2597705562913039,0.2932413926788373,0.4456937799043062,0.2342105263157894,0.3200956937799043,2025-08-15T00:00:00+00:00,4180,2025-05-25T15:00:00+00:00,False
ENG_PL::28844,2025-10-04 11:30:00+00:00,2025,frozen_dc,2,0.337997524952931,0.2408560247183229,0.4211464503287461,0.4456937799043062,0.2342105263157894,0.3200956937799043,2025-08-15T00:00:00+00:00,4180,2025-05-25T15:00:00+00:00,False
ENG_PL::28839,2025-10-04 14:00:00+00:00,2025,frozen_dc,0,0.6844624033901281,0.1941330045869464,0.1214045920229253,0.4456937799043062,0.2342105263157894,0.3200956937799043,2025-08-15T00:00:00+00:00,4180,2025-05-25T15:00:00+00:00,False
ENG_PL::28845,2025-10-04 14:00:00+00:00,2025,frozen_dc,0,0.4263386569907496,0.2536333133548129,0.3200280296544375,0.4456937799043062,0.2342105263157894,0.3200956937799043,2025-08-15T00:00:00+00:00,4180,2025-05-25T15:00:00+00:00,False
ENG_PL::28842,2025-10-04 16:30:00+00:00,2025,frozen_dc,0,0.2950949947171446,0.2306598830824184,0.4742451222004369,0.4456937799043062,0.2342105263157894,0.3200956937799043,2025-08-15T00:00:00+00:00,4180,2025-05-25T15:00:00+00:00,False
ENG_PL::28840,2025-10-05 13:00:00+00:00,2025,frozen_dc,0,0.5704316430479899,0.2295533597845003,0.2000149971675099,0.4456937799043062,0.2342105263157894,0.3200956937799043,2025-08-15T00:00:00+00:00,4180,2025-05-25T15:00:00+00:00,False
ENG_PL::28843,2025-10-05 13:00:00+00:00,2025,frozen_dc,0,0.3510189990791967,0.2719867351368723,0.3769942657839309,0.4456937799043062,0.2342105263157894,0.3200956937799043,2025-08-15T00:00:00+00:00,4180,2025-05-25T15:00:00+00:00,False
ENG_PL::28846,2025-10-05 13:00:00+00:00,2025,frozen_dc,0,0.5397147836223275,0.2358196477023519,0.2244655686753205,0.4456937799043062,0.2342105263157894,0.3200956937799043,2025-08-15T00:00:00+00:00,4180,2025-05-25T15:00:00+00:00,False
ENG_PL::28847,2025-10-05 13:00:00+00:00,2025,frozen_dc,1,0.2914674548417373,0.2689003585186355,0.4396321866396269,0.4456937799043062,0.2342105263157894,0.3200956937799043,2025-08-15T00:00:00+00:00,4180,2025-05-25T15:00:00+00:00,False
ENG_PL::28841,2025-10-05 15:30:00+00:00,2025,frozen_dc,2,0.282492476913144,0.2392659684619448,0.4782415546249109,0.4456937799043062,0.2342105263157894,0.3200956937799043,2025-08-15T00:00:00+00:00,4180,2025-05-25T15:00:00+00:00,False
ENG_PL::28854,2025-10-18 11:30:00+00:00,2025,frozen_dc,2,0.2984369771773928,0.2579318227314135,0.4436312000911935,0.4456937799043062,0.2342105263157894,0.3200956937799043,2025-08-15T00:00:00+00:00,4180,2025-05-25T15:00:00+00:00,False
ENG_PL::28849,2025-10-18 14:00:00+00:00,2025,frozen_dc,0,0.3653200970094635,0.2639054661314723,0.3707744368590639,0.4456937799043062,0.2342105263157894,0.3200956937799043,2025-08-15T00:00:00+00:00,4180,2025-05-25T15:00:00+00:00,False
ENG_PL::28855,2025-10-18 14:00:00+00:00,2025,frozen_dc,0,0.4440513800431682,0.2680331931583899,0.2879154267984417,0.4456937799043062,0.2342105263157894,0.3200956937799043,2025-08-15T00:00:00+00:00,4180,2025-05-25T15:00:00+00:00,False
ENG_PL::28848,2025-10-18 14:00:00+00:00,2025,frozen_dc,0,0.3601230759660776,0.2477558036483623,0.3921211203855601,0.4456937799043062,0.2342105263157894,0.3200956937799043,2025-08-15T00:00:00+00:00,4180,2025-05-25T15:00:00+00:00,False
ENG_PL::28853,2025-10-18 14:00:00+00:00,2025,frozen_dc,0,0.5770451328480832,0.2369386024543515,0.186016264697565,0.4456937799043062,0.2342105263157894,0.3200956937799043,2025-08-15T00:00:00+00:00,4180,2025-05-25T15:00:00+00:00,False
ENG_PL::28850,2025-10-18 14:00:00+00:00,2025,frozen_dc,1,0.3926008836371998,0.2496501392512957,0.3577489771115043,0.4456937799043062,0.2342105263157894,0.3200956937799043,2025-08-15T00:00:00+00:00,4180,2025-05-25T15:00:00+00:00,False
ENG_PL::28851,2025-10-18 16:30:00+00:00,2025,frozen_dc,2,0.2310973672384718,0.2637822186432541,0.5051204141182741,0.4456937799043062,0.2342105263157894,0.3200956937799043,2025-08-15T00:00:00+00:00,4180,2025-05-25T15:00:00+00:00,False
ENG_PL::28856,2025-10-19 13:00:00+00:00,2025,frozen_dc,2,0.3794494654326468,0.2395851742725529,0.3809653602948002,0.4456937799043062,0.2342105263157894,0.3200956937799043,2025-08-15T00:00:00+00:00,4180,2025-05-25T15:00:00+00:00,False
ENG_PL::28852,2025-10-19 15:30:00+00:00,2025,frozen_dc,2,0.6617819511698689,0.1861038087834022,0.1521142400467289,0.4456937799043062,0.2342105263157894,0.3200956937799043,2025-08-15T00:00:00+00:00,4180,2025-05-25T15:00:00+00:00,False
ENG_PL::28857,2025-10-20 19:00:00+00:00,2025,frozen_dc,2,0.305103120082299,0.2459382330359522,0.4489586468817486,0.4456937799043062,0.2342105263157894,0.3200956937799043,2025-08-15T00:00:00+00:00,4180,2025-05-25T15:00:00+00:00,False
ENG_PL::28864,2025-10-24 19:00:00+00:00,2025,frozen_dc,0,0.4048073115032624,0.2596345121507684,0.335558176345969,0.4456937799043062,0.2342105263157894,0.3200956937799043,2025-08-15T00:00:00+00:00,4180,2025-05-25T15:00:00+00:00,False
ENG_PL::28862,2025-10-25 14:00:00+00:00,2025,frozen_dc,2,0.5340926187314107,0.2322965799714905,0.2336108012970986,0.4456937799043062,0.2342105263157894,0.3200956937799043,2025-08-15T00:00:00+00:00,4180,2025-05-25T15:00:00+00:00,False
ENG_PL::28866,2025-10-25 14:00:00+00:00,2025,frozen_dc,0,0.4957982010915974,0.2460993499193095,0.258102448989093,0.4456937799043062,0.2342105263157894,0.3200956937799043,2025-08-15T00:00:00+00:00,4180,2025-05-25T15:00:00+00:00,False
ENG_PL::28865,2025-10-25 16:30:00+00:00,2025,frozen_dc,0,0.3535165835640218,0.256107659476079,0.3903757569598992,0.4456937799043062,0.2342105263157894,0.3200956937799043,2025-08-15T00:00:00+00:00,4180,2025-05-25T15:00:00+00:00,False
ENG_PL::28861,2025-10-25 19:00:00+00:00,2025,frozen_dc,0,0.2415490862783549,0.2166200203735241,0.5418308933481208,0.4456937799043062,0.2342105263157894,0.3200956937799043,2025-08-15T00:00:00+00:00,4180,2025-05-25T15:00:00+00:00,False
ENG_PL::28858,2025-10-26 14:00:00+00:00,2025,frozen_dc,0,0.4896944976349126,0.252220851179484,0.2580846511856035,0.4456937799043062,0.2342105263157894,0.3200956937799043,2025-08-15T00:00:00+00:00,4180,2025-05-25T15:00:00+00:00,False
ENG_PL::28859,2025-10-26 14:00:00+00:00,2025,frozen_dc,0,0.5778507808653984,0.2311566023282357,0.1909926168063658,0.4456937799043062,0.2342105263157894,0.3200956937799043,2025-08-15T00:00:00+00:00,4180,2025-05-25T15:00:00+00:00,False
ENG_PL::28860,2025-10-26 14:00:00+00:00,2025,frozen_dc,0,0.2856123217975747,0.2475117892009534,0.4668758890014717,0.4456937799043062,0.2342105263157894,0.3200956937799043,2025-08-15T00:00:00+00:00,4180,2025-05-25T15:00:00+00:00,False
ENG_PL::28867,2025-10-26 14:00:00+00:00,2025,frozen_dc,2,0.4457281098933729,0.2716746959317529,0.2825971941748741,0.4456937799043062,0.2342105263157894,0.3200956937799043,2025-08-15T00:00:00+00:00,4180,2025-05-25T15:00:00+00:00,False
ENG_PL::28863,2025-10-26 16:30:00+00:00,2025,frozen_dc,2,0.3982491891655009,0.2571587139450348,0.344592096889464,0.4456937799043062,0.2342105263157894,0.3200956937799043,2025-08-15T00:00:00+00:00,4180,2025-05-25T15:00:00+00:00,False
ENG_PL::28869,2025-11-01 15:00:00+00:00,2025,frozen_dc,2,0.1397457280298533,0.2108466941498426,0.6494075778203041,0.4456937799043062,0.2342105263157894,0.3200956937799043,2025-08-15T00:00:00+00:00,4180,2025-05-25T15:00:00+00:00,False
ENG_PL::28874,2025-11-01 15:00:00+00:00,2025,frozen_dc,1,0.3890518587113981,0.2665308448442417,0.3444172964443601,0.4456937799043062,0.2342105263157894,0.3200956937799043,2025-08-15T00:00:00+00:00,4180,2025-05-25T15:00:00+00:00,False
ENG_PL::28868,2025-11-01 15:00:00+00:00,2025,frozen_dc,0,0.5405838070582922,0.2370762357360727,0.2223399572056349,0.4456937799043062,0.2342105263157894,0.3200956937799043,2025-08-15T00:00:00+00:00,4180,2025-05-25T15:00:00+00:00,False
ENG_PL::28870,2025-11-01 15:00:00+00:00,2025,frozen_dc,0,0.4245750625004116,0.2438459503959871,0.3315789871036012,0.4456937799043062,0.2342105263157894,0.3200956937799043,2025-08-15T00:00:00+00:00,4180,2025-05-25T15:00:00+00:00,False
ENG_PL::28871,2025-11-01 15:00:00+00:00,2025,frozen_dc,0,0.4745901076071003,0.2735537081570421,0.2518561842358575,0.4456937799043062,0.2342105263157894,0.3200956937799043,2025-08-15T00:00:00+00:00,4180,2025-05-25T15:00:00+00:00,False
ENG_PL::28876,2025-11-01 17:30:00+00:00,2025,frozen_dc,2,0.3260092438236994,0.2323571525102092,0.4416336036660913,0.4456937799043062,0.2342105263157894,0.3200956937799043,2025-08-15T00:00:00+00:00,4180,2025-05-25T15:00:00+00:00,False
ENG_PL::28872,2025-11-01 20:00:00+00:00,2025,frozen_dc,0,0.6127385686857086,0.2031028511673269,0.1841585801469645,0.4456937799043062,0.2342105263157894,0.3200956937799043,2025-08-15T00:00:00+00:00,4180,2025-05-25T15:00:00+00:00,False
ENG_PL::28877,2025-11-02 14:00:00+00:00,2025,frozen_dc,0,0.2428250476794884,0.2313257810609426,0.525849171259569,0.4456937799043062,0.2342105263157894,0.3200956937799043,2025-08-15T00:00:00+00:00,4180,2025-05-25T15:00:00+00:00,False
ENG_PL::28873,2025-11-02 16:30:00+00:00,2025,frozen_dc,0,0.5264522627217086,0.2337606192748175,0.2397871180034738,0.4456937799043062,0.2342105263157894,0.3200956937799043,2025-08-15T00:00:00+00:00,4180,2025-05-25T15:00:00+00:00,False
ENG_PL::28875,2025-11-03 20:00:00+00:00,2025,frozen_dc,1,0.3873595808929364,0.2758169242959074,0.336823494811156,0.4456937799043062,0.2342105263157894,0.3200956937799043,2025-08-15T00:00:00+00:00,4180,2025-05-25T15:00:00+00:00,False
ENG_PL::28886,2025-11-08 12:30:00+00:00,2025,frozen_dc,1,0.4288845799321754,0.2370094824977311,0.3341059375700936,0.4456937799043062,0.2342105263157894,0.3200956937799043,2025-08-15T00:00:00+00:00,4180,2025-05-25T15:00:00+00:00,False
ENG_PL::28887,2025-11-08 15:00:00+00:00,2025,frozen_dc,0,0.4492957322668788,0.2587101299954059,0.2919941377377151,0.4456937799043062,0.2342105263157894,0.3200956937799043,2025-08-15T00:00:00+00:00,4180,2025-05-25T15:00:00+00:00,False
ENG_PL::28882,2025-11-08 15:00:00+00:00,2025,frozen_dc,0,0.3620179820912301,0.2887716060212075,0.3492104118875622,0.4456937799043062,0.2342105263157894,0.3200956937799043,2025-08-15T00:00:00+00:00,4180,2025-05-25T15:00:00+00:00,False
ENG_PL::28885,2025-11-08 17:30:00+00:00,2025,frozen_dc,1,0.2008284124184526,0.2397985865551105,0.559373001026437,0.4456937799043062,0.2342105263157894,0.3200956937799043,2025-08-15T00:00:00+00:00,4180,2025-05-25T15:00:00+00:00,False
ENG_PL::28880,2025-11-08 20:00:00+00:00,2025,frozen_dc,0,0.566515268927589,0.2344787908115171,0.199005940260894,0.4456937799043062,0.2342105263157894,0.3200956937799043,2025-08-15T00:00:00+00:00,4180,2025-05-25T15:00:00+00:00,False
ENG_PL::28878,2025-11-09 14:00:00+00:00,2025,frozen_dc,0,0.3896168138477307,0.251211670995864,0.3591715151564051,0.4456937799043062,0.2342105263157894,0.3200956937799043,2025-08-15T00:00:00+00:00,4180,2025-05-25T15:00:00+00:00,False
ENG_PL::28879,2025-11-09 14:00:00+00:00,2025,frozen_dc,0,0.3476299194970835,0.2373434453559111,0.4150266351470053,0.4456937799043062,0.2342105263157894,0.3200956937799043,2025-08-15T00:00:00+00:00,4180,2025-05-25T15:00:00+00:00,False
ENG_PL::28881,2025-11-09 14:00:00+00:00,2025,frozen_dc,1,0.4013579378086769,0.2549357526179787,0.3437063095733446,0.4456937799043062,0.2342105263157894,0.3200956937799043,2025-08-15T00:00:00+00:00,4180,2025-05-25T15:00:00+00:00,False
ENG_PL::28884,2025-11-09 14:00:00+00:00,2025,frozen_dc,0,0.4570399508919165,0.2633688412110478,0.2795912078970356,0.4456937799043062,0.2342105263157894,0.3200956937799043,2025-08-15T00:00:00+00:00,4180,2025-05-25T15:00:00+00:00,False
ENG_PL::28883,2025-11-09 16:30:00+00:00,2025,frozen_dc,0,0.3706745229466949,0.2419871306864165,0.3873383463668886,0.4456937799043062,0.2342105263157894,0.3200956937799043,2025-08-15T00:00:00+00:00,4180,2025-05-25T15:00:00+00:00,False
ENG_PL::28891,2025-11-22 12:30:00+00:00,2025,frozen_dc,2,0.2172425879076148,0.2310349889071866,0.5517224231851985,0.4456937799043062,0.2342105263157894,0.3200956937799043,2025-08-15T00:00:00+00:00,4180,2025-05-25T15:00:00+00:00,False
ENG_PL::28897,2025-11-22 15:00:00+00:00,2025,frozen_dc,2,0.3006383484224233,0.2654556695447491,0.4339059820328275,0.4456937799043062,0.2342105263157894,0.3200956937799043,2025-08-15T00:00:00+00:00,4180,2025-05-25T15:00:00+00:00,False
ENG_PL::28894,2025-11-22 15:00:00+00:00,2025,frozen_dc,2,0.6583062105568681,0.1954709703596697,0.1462228190834622,0.4456937799043062,0.2342105263157894,0.3200956937799043,2025-08-15T00:00:00+00:00,4180,2025-05-25T15:00:00+00:00,False
ENG_PL::28888,2025-11-22 15:00:00+00:00,2025,frozen_dc,1,0.556027393160853,0.2289022733535506,0.2150703334855962,0.4456937799043062,0.2342105263157894,0.3200956937799043,2025-08-15T00:00:00+00:00,4180,2025-05-25T15:00:00+00:00,False
ENG_PL::28890,2025-11-22 15:00:00+00:00,2025,frozen_dc,0,0.4315231296136438,0.2471995880870492,0.3212772822993068,0.4456937799043062,0.2342105263157894,0.3200956937799043,2025-08-15T00:00:00+00:00,4180,2025-05-25T15:00:00+00:00,False
ENG_PL::28892,2025-11-22 15:00:00+00:00,2025,frozen_dc,0,0.4421638234195962,0.2657111388805122,0.2921250376998917,0.4456937799043062,0.2342105263157894,0.3200956937799043,2025-08-15T00:00:00+00:00,4180,2025-05-25T15:00:00+00:00,False
ENG_PL::28896,2025-11-22 17:30:00+00:00,2025,frozen_dc,0,0.3503756062055969,0.2449926650055201,0.4046317287888828,0.4456937799043062,0.2342105263157894,0.3200956937799043,2025-08-15T00:00:00+00:00,4180,2025-05-25T15:00:00+00:00,False
ENG_PL::28893,2025-11-23 14:00:00+00:00,2025,frozen_dc,2,0.2965673618279145,0.2519779691921645,0.4514546689799211,0.4456937799043062,0.2342105263157894,0.3200956937799043,2025-08-15T00:00:00+00:00,4180,2025-05-25T15:00:00+00:00,False
ENG_PL::28889,2025-11-23 16:30:00+00:00,2025,frozen_dc,0,0.6372678761218322,0.2018726737703359,0.1608594501078318,0.4456937799043062,0.2342105263157894,0.3200956937799043,2025-08-15T00:00:00+00:00,4180,2025-05-25T15:00:00+00:00,False
ENG_PL::28895,2025-11-24 20:00:00+00:00,2025,frozen_dc,2,0.4042351171111652,0.271407968268525,0.3243569146203099,0.4456937799043062,0.2342105263157894,0.3200956937799043,2025-08-15T00:00:00+00:00,4180,2025-05-25T15:00:00+00:00,False
ENG_PL::28899,2025-11-29 15:00:00+00:00,2025,frozen_dc,0,0.5742201054128164,0.2229501314185612,0.2028297631686221,0.4456937799043062,0.2342105263157894,0.3200956937799043,2025-08-15T00:00:00+00:00,4180,2025-05-25T15:00:00+00:00,False
ENG_PL::28903,2025-11-29 15:00:00+00:00,2025,frozen_dc,0,0.6643213768175009,0.1949805750820262,0.1406980481004727,0.4456937799043062,0.2342105263157894,0.3200956937799043,2025-08-15T00:00:00+00:00,4180,2025-05-25T15:00:00+00:00,False
ENG_PL::28905,2025-11-29 15:00:00+00:00,2025,frozen_dc,0,0.3281708820580518,0.2520158222856309,0.4198132956563171,0.4456937799043062,0.2342105263157894,0.3200956937799043,2025-08-15T00:00:00+00:00,4180,2025-05-25T15:00:00+00:00,False
ENG_PL::28902,2025-11-29 17:30:00+00:00,2025,frozen_dc,2,0.2965931770969526,0.258939881466772,0.4444669414362754,0.4456937799043062,0.2342105263157894,0.3200956937799043,2025-08-15T00:00:00+00:00,4180,2025-05-25T15:00:00+00:00,False
ENG_PL::28906,2025-11-29 20:00:00+00:00,2025,frozen_dc,2,0.3921533469659702,0.2524791763928912,0.3553674766411386,0.4456937799043062,0.2342105263157894,0.3200956937799043,2025-08-15T00:00:00+00:00,4180,2025-05-25T15:00:00+00:00,False
ENG_PL::28901,2025-11-30 12:00:00+00:00,2025,frozen_dc,2,0.4630512982188435,0.2457260165862544,0.2912226851949018,0.4456937799043062,0.2342105263157894,0.3200956937799043,2025-08-15T00:00:00+00:00,4180,2025-05-25T15:00:00+00:00,False
ENG_PL::28904,2025-11-30 14:05:00+00:00,2025,frozen_dc,2,0.3336316089526803,0.269771233638285,0.3965971574090348,0.4456937799043062,0.2342105263157894,0.3200956937799043,2025-08-15T00:00:00+00:00,4180,2025-05-25T15:00:00+00:00,False
ENG_PL::28898,2025-11-30 14:05:00+00:00,2025,frozen_dc,0,0.5071568737488489,0.2540825985349309,0.2387605277162201,0.4456937799043062,0.2342105263157894,0.3200956937799043,2025-08-15T00:00:00+00:00,4180,2025-05-25T15:00:00+00:00,False
ENG_PL::28907,2025-11-30 14:05:00+00:00,2025,frozen_dc,2,0.1583152973360541,0.1933567443423043,0.6483279583216415,0.4456937799043062,0.2342105263157894,0.3200956937799043,2025-08-15T00:00:00+00:00,4180,2025-05-25T15:00:00+00:00,False
ENG_PL::28900,2025-11-30 16:30:00+00:00,2025,frozen_dc,1,0.2923342501645023,0.2570875005719513,0.4505782492635465,0.4456937799043062,0.2342105263157894,0.3200956937799043,2025-08-15T00:00:00+00:00,4180,2025-05-25T15:00:00+00:00,False
ENG_PL::28912,2025-12-02 19:30:00+00:00,2025,frozen_dc,2,0.2669038617156675,0.2586256006235821,0.4744705376607505,0.4456937799043062,0.2342105263157894,0.3200956937799043,2025-08-15T00:00:00+00:00,4180,2025-05-25T15:00:00+00:00,False
ENG_PL::28908,2025-12-02 19:30:00+00:00,2025,frozen_dc,2,0.4739188536466225,0.2602398056468818,0.2658413407064955,0.4456937799043062,0.2342105263157894,0.3200956937799043,2025-08-15T00:00:00+00:00,4180,2025-05-25T15:00:00+00:00,False
ENG_PL::28916,2025-12-02 20:15:00+00:00,2025,frozen_dc,1,0.546011900548697,0.2126033076905461,0.2413847917607569,0.4456937799043062,0.2342105263157894,0.3200956937799043,2025-08-15T00:00:00+00:00,4180,2025-05-25T15:00:00+00:00,False
ENG_PL::28909,2025-12-03 19:30:00+00:00,2025,frozen_dc,0,0.592113855804992,0.2223762980615898,0.185509846133418,0.4456937799043062,0.2342105263157894,0.3200956937799043,2025-08-15T00:00:00+00:00,4180,2025-05-25T15:00:00+00:00,False
ENG_PL::28910,2025-12-03 19:30:00+00:00,2025,frozen_dc,2,0.4214200725663435,0.2550707455814295,0.3235091818522269,0.4456937799043062,0.2342105263157894,0.3200956937799043,2025-08-15T00:00:00+00:00,4180,2025-05-25T15:00:00+00:00,False
ENG_PL::28911,2025-12-03 19:30:00+00:00,2025,frozen_dc,2,0.2585215158022843,0.2468271527625605,0.494651331435155,0.4456937799043062,0.2342105263157894,0.3200956937799043,2025-08-15T00:00:00+00:00,4180,2025-05-25T15:00:00+00:00,False
ENG_PL::28917,2025-12-03 19:30:00+00:00,2025,frozen_dc,2,0.3498489867935012,0.2854353200209332,0.3647156931855654,0.4456937799043062,0.2342105263157894,0.3200956937799043,2025-08-15T00:00:00+00:00,4180,2025-05-25T15:00:00+00:00,False
ENG_PL::28913,2025-12-03 20:15:00+00:00,2025,frozen_dc,0,0.2505911849704082,0.2375044863904076,0.5119043286391843,0.4456937799043062,0.2342105263157894,0.3200956937799043,2025-08-15T00:00:00+00:00,4180,2025-05-25T15:00:00+00:00,False
ENG_PL::28914,2025-12-03 20:15:00+00:00,2025,frozen_dc,1,0.6732117825896128,0.1837021781296902,0.1430860392806969,0.4456937799043062,0.2342105263157894,0.3200956937799043,2025-08-15T00:00:00+00:00,4180,2025-05-25T15:00:00+00:00,False
ENG_PL::28915,2025-12-04 20:00:00+00:00,2025,frozen_dc,1,0.4812402188301358,0.2472074688448342,0.2715523123250301,0.4456937799043062,0.2342105263157894,0.3200956937799043,2025-08-15T00:00:00+00:00,4180,2025-05-25T15:00:00+00:00,False
ENG_PL::28919,2025-12-06 12:30:00+00:00,2025,frozen_dc,0,0.2468192443499401,0.2527950621788027,0.5003856934712572,0.4456937799043062,0.2342105263157894,0.3200956937799043,2025-08-15T00:00:00+00:00,4180,2025-05-25T15:00:00+00:00,False
ENG_PL::28926,2025-12-06 15:00:00+00:00,2025,frozen_dc,0,0.3880611773452203,0.2326746681877487,0.379264154467031,0.4456937799043062,0.2342105263157894,0.3200956937799043,2025-08-15T00:00:00+00:00,4180,2025-05-25T15:00:00+00:00,False
ENG_PL::28924,2025-12-06 15:00:00+00:00,2025,frozen_dc,0,0.6084545362398378,0.2150367610769381,0.1765087026832239,0.4456937799043062,0.2342105263157894,0.3200956937799043,2025-08-15T00:00:00+00:00,4180,2025-05-25T15:00:00+00:00,False
ENG_PL::28925,2025-12-06 15:00:00+00:00,2025,frozen_dc,0,0.6491350029359434,0.1971844848708382,0.1536805121932185,0.4456937799043062,0.2342105263157894,0.3200956937799043,2025-08-15T00:00:00+00:00,4180,2025-05-25T15:00:00+00:00,False
ENG_PL::28918,2025-12-06 15:00:00+00:00,2025,frozen_dc,1,0.3852435069307034,0.2465824556162333,0.3681740374530633,0.4456937799043062,0.2342105263157894,0.3200956937799043,2025-08-15T00:00:00+00:00,4180,2025-05-25T15:00:00+00:00,False
ENG_PL::28921,2025-12-06 15:00:00+00:00,2025,frozen_dc,0,0.3998897853570663,0.2862518837513786,0.313858330891555,0.4456937799043062,0.2342105263157894,0.3200956937799043,2025-08-15T00:00:00+00:00,4180,2025-05-25T15:00:00+00:00,False
ENG_PL::28923,2025-12-06 17:30:00+00:00,2025,frozen_dc,1,0.1563586607683174,0.191826593416789,0.6518147458148936,0.4456937799043062,0.2342105263157894,0.3200956937799043,2025-08-15T00:00:00+00:00,4180,2025-05-25T15:00:00+00:00,False
ENG_PL::28920,2025-12-07 14:00:00+00:00,2025,frozen_dc,1,0.5371852649327976,0.2383206840577763,0.224494051009426,0.4456937799043062,0.2342105263157894,0.3200956937799043,2025-08-15T00:00:00+00:00,4180,2025-05-25T15:00:00+00:00,False
ENG_PL::28922,2025-12-07 16:30:00+00:00,2025,frozen_dc,2,0.3830875227464263,0.2665964547179222,0.3503160225356513,0.4456937799043062,0.2342105263157894,0.3200956937799043,2025-08-15T00:00:00+00:00,4180,2025-05-25T15:00:00+00:00,False
ENG_PL::28927,2025-12-08 20:00:00+00:00,2025,frozen_dc,2,0.3431699227203726,0.2699693331048663,0.3868607441747612,0.4456937799043062,0.2342105263157894,0.3200956937799043,2025-08-15T00:00:00+00:00,4180,2025-05-25T15:00:00+00:00,False
ENG_PL::28931,2025-12-13 15:00:00+00:00,2025,frozen_dc,0,0.5059712073689127,0.2521629102736443,0.241865882357443,0.4456937799043062,0.2342105263157894,0.3200956937799043,2025-08-15T00:00:00+00:00,4180,2025-05-25T15:00:00+00:00,False
ENG_PL::28933,2025-12-13 15:00:00+00:00,2025,frozen_dc,0,0.5972472544532091,0.2096419548243228,0.1931107907224682,0.4456937799043062,0.2342105263157894,0.3200956937799043,2025-08-15T00:00:00+00:00,4180,2025-05-25T15:00:00+00:00,False
ENG_PL::28930,2025-12-13 17:30:00+00:00,2025,frozen_dc,2,0.273783781154439,0.2669870099917339,0.459229208853827,0.4456937799043062,0.2342105263157894,0.3200956937799043,2025-08-15T00:00:00+00:00,4180,2025-05-25T15:00:00+00:00,False
ENG_PL::28928,2025-12-13 20:00:00+00:00,2025,frozen_dc,0,0.6587238510808121,0.212977847296531,0.1282983016226568,0.4456937799043062,0.2342105263157894,0.3200956937799043,2025-08-15T00:00:00+00:00,4180,2025-05-25T15:00:00+00:00,False
ENG_PL::28936,2025-12-14 14:00:00+00:00,2025,frozen_dc,0,0.2901675458949204,0.2408915381783127,0.4689409159267668,0.4456937799043062,0.2342105263157894,0.3200956937799043,2025-08-15T00:00:00+00:00,4180,2025-05-25T15:00:00+00:00,False
ENG_PL::28937,2025-12-14 14:00:00+00:00,2025,frozen_dc,2,0.2989562563993522,0.2528353050603732,0.4482084385402747,0.4456937799043062,0.2342105263157894,0.3200956937799043,2025-08-15T00:00:00+00:00,4180,2025-05-25T15:00:00+00:00,False
ENG_PL::28932,2025-12-14 14:00:00+00:00,2025,frozen_dc,2,0.2877647295694371,0.2462851809788058,0.465950089451757,0.4456937799043062,0.2342105263157894,0.3200956937799043,2025-08-15T00:00:00+00:00,4180,2025-05-25T15:00:00+00:00,False
ENG_PL::28935,2025-12-14 14:00:00+00:00,2025,frozen_dc,0,0.3910275876699549,0.2519346237174099,0.3570377886126352,0.4456937799043062,0.2342105263157894,0.3200956937799043,2025-08-15T00:00:00+00:00,4180,2025-05-25T15:00:00+00:00,False
ENG_PL::28929,2025-12-14 16:30:00+00:00,2025,frozen_dc,1,0.534419791104688,0.2305114796546179,0.2350687292406942,0.4456937799043062,0.2342105263157894,0.3200956937799043,2025-08-15T00:00:00+00:00,4180,2025-05-25T15:00:00+00:00,False
ENG_PL::28934,2025-12-15 20:00:00+00:00,2025,frozen_dc,1,0.3442718253418909,0.2498138139275186,0.4059143607305906,0.4456937799043062,0.2342105263157894,0.3200956937799043,2025-08-15T00:00:00+00:00,4180,2025-05-25T15:00:00+00:00,False
ENG_PL::28945,2025-12-20 12:30:00+00:00,2025,frozen_dc,1,0.4336753472151368,0.2383675169840298,0.3279571358008334,0.4456937799043062,0.2342105263157894,0.3200956937799043,2025-08-15T00:00:00+00:00,4180,2025-05-25T15:00:00+00:00,False
ENG_PL::28940,2025-12-20 15:00:00+00:00,2025,frozen_dc,1,0.4824745609058839,0.2493325178822018,0.2681929212119143,0.4456937799043062,0.2342105263157894,0.3200956937799043,2025-08-15T00:00:00+00:00,4180,2025-05-25T15:00:00+00:00,False
ENG_PL::28944,2025-12-20 15:00:00+00:00,2025,frozen_dc,0,0.6609463935659802,0.1965895925042924,0.1424640139297273,0.4456937799043062,0.2342105263157894,0.3200956937799043,2025-08-15T00:00:00+00:00,4180,2025-05-25T15:00:00+00:00,False
ENG_PL::28947,2025-12-20 15:00:00+00:00,2025,frozen_dc,2,0.3084337697450562,0.2599978508608501,0.4315683793940937,0.4456937799043062,0.2342105263157894,0.3200956937799043,2025-08-15T00:00:00+00:00,4180,2025-05-25T15:00:00+00:00,False
ENG_PL::28938,2025-12-20 15:00:00+00:00,2025,frozen_dc,1,0.5980690822802207,0.2188443027856781,0.1830866149341011,0.4456937799043062,0.2342105263157894,0.3200956937799043,2025-08-15T00:00:00+00:00,4180,2025-05-25T15:00:00+00:00,False
ENG_PL::28946,2025-12-20 17:30:00+00:00,2025,frozen_dc,2,0.211216340473853,0.1996695592897844,0.5891141002363626,0.4456937799043062,0.2342105263157894,0.3200956937799043,2025-08-15T00:00:00+00:00,4180,2025-05-25T15:00:00+00:00,False
ENG_PL::28943,2025-12-20 20:00:00+00:00,2025,frozen_dc,0,0.2950175119785657,0.2501350158172838,0.4548474722041504,0.4456937799043062,0.2342105263157894,0.3200956937799043,2025-08-15T00:00:00+00:00,4180,2025-05-25T15:00:00+00:00,False
ENG_PL::28941,2025-12-20 20:00:00+00:00,2025,frozen_dc,2,0.2087570382037318,0.2617483821926309,0.5294945796036372,0.4456937799043062,0.2342105263157894,0.3200956937799043,2025-08-15T00:00:00+00:00,4180,2025-05-25T15:00:00+00:00,False
ENG_PL::28939,2025-12-21 16:30:00+00:00,2025,frozen_dc,0,0.4596049318280706,0.2475706185376905,0.2928244496342387,0.4456937799043062,0.2342105263157894,0.3200956937799043,2025-08-15T00:00:00+00:00,4180,2025-05-25T15:00:00+00:00,False
ENG_PL::28942,2025-12-22 20:00:00+00:00,2025,frozen_dc,0,0.4329178838332317,0.2774117562165142,0.2896703599502541,0.4456937799043062,0.2342105263157894,0.3200956937799043,2025-08-15T00:00:00+00:00,4180,2025-05-25T15:00:00+00:00,False
ENG_PL::28954,2025-12-26 20:00:00+00:00,2025,frozen_dc,0,0.3052918968946104,0.2398671339736278,0.4548409691317617,0.4456937799043062,0.2342105263157894,0.3200956937799043,2025-08-15T00:00:00+00:00,4180,2025-05-25T15:00:00+00:00,False
ENG_PL::28955,2025-12-27 12:30:00+00:00,2025,frozen_dc,2,0.2337262713457892,0.2492512756397479,0.5170224530144629,0.4456937799043062,0.2342105263157894,0.3200956937799043,2025-08-15T00:00:00+00:00,4180,2025-05-25T15:00:00+00:00,False
ENG_PL::28949,2025-12-27 15:00:00+00:00,2025,frozen_dc,0,0.3886541742841076,0.2440884719157359,0.3672573538001561,0.4456937799043062,0.2342105263157894,0.3200956937799043,2025-08-15T00:00:00+00:00,4180,2025-05-25T15:00:00+00:00,False
ENG_PL::28948,2025-12-27 15:00:00+00:00,2025,frozen_dc,0,0.5633348054893448,0.2388291823109901,0.1978360121996649,0.4456937799043062,0.2342105263157894,0.3200956937799043,2025-08-15T00:00:00+00:00,4180,2025-05-25T15:00:00+00:00,False
ENG_PL::28957,2025-12-27 15:00:00+00:00,2025,frozen_dc,2,0.3120526927817614,0.2692751965382798,0.4186721106799587,0.4456937799043062,0.2342105263157894,0.3200956937799043,2025-08-15T00:00:00+00:00,4180,2025-05-25T15:00:00+00:00,False
ENG_PL::28950,2025-12-27 15:00:00+00:00,2025,frozen_dc,1,0.2983304896956877,0.2768148068682958,0.4248547034360165,0.4456937799043062,0.2342105263157894,0.3200956937799043,2025-08-15T00:00:00+00:00,4180,2025-05-25T15:00:00+00:00,False
ENG_PL::28953,2025-12-27 15:00:00+00:00,2025,frozen_dc,0,0.6989393845154916,0.1807302122475485,0.1203304032369596,0.4456937799043062,0.2342105263157894,0.3200956937799043,2025-08-15T00:00:00+00:00,4180,2025-05-25T15:00:00+00:00,False
ENG_PL::28951,2025-12-27 17:30:00+00:00,2025,frozen_dc,2,0.4711144837521064,0.2423015465288087,0.2865839697190849,0.4456937799043062,0.2342105263157894,0.3200956937799043,2025-08-15T00:00:00+00:00,4180,2025-05-25T15:00:00+00:00,False
ENG_PL::28956,2025-12-28 14:00:00+00:00,2025,frozen_dc,1,0.4656187079709515,0.2522288814229457,0.2821524106061026,0.4456937799043062,0.2342105263157894,0.3200956937799043,2025-08-15T00:00:00+00:00,4180,2025-05-25T15:00:00+00:00,False
ENG_PL::28952,2025-12-28 16:30:00+00:00,2025,frozen_dc,2,0.4675631145421346,0.2324325438932673,0.3000043415645982,0.4456937799043062,0.2342105263157894,0.3200956937799043,2025-08-15T00:00:00+00:00,4180,2025-05-25T15:00:00+00:00,False
ENG_PL::28967,2025-12-30 19:30:00+00:00,2025,frozen_dc,1,0.2881923292540225,0.2540854564982296,0.4577222142477477,0.4456937799043062,0.2342105263157894,0.3200956937799043,2025-08-15T00:00:00+00:00,4180,2025-05-25T15:00:00+00:00,False
ENG_PL::28961,2025-12-30 19:30:00+00:00,2025,frozen_dc,1,0.4486327068203408,0.2425013741809035,0.3088659189987555,0.4456937799043062,0.2342105263157894,0.3200956937799043,2025-08-15T00:00:00+00:00,4180,2025-05-25T15:00:00+00:00,False
ENG_PL::28965,2025-12-30 19:30:00+00:00,2025,frozen_dc,2,0.3809916171387236,0.2875168710548041,0.3314915118064721,0.4456937799043062,0.2342105263157894,0.3200956937799043,2025-08-15T00:00:00+00:00,4180,2025-05-25T15:00:00+00:00,False
ENG_PL::28960,2025-12-30 19:30:00+00:00,2025,frozen_dc,2,0.2076023419587436,0.222889919504572,0.5695077385366842,0.4456937799043062,0.2342105263157894,0.3200956937799043,2025-08-15T00:00:00+00:00,4180,2025-05-25T15:00:00+00:00,False
ENG_PL::28964,2025-12-30 20:15:00+00:00,2025,frozen_dc,1,0.4621590799977609,0.2621821232065745,0.2756587967956646,0.4456937799043062,0.2342105263157894,0.3200956937799043,2025-08-15T00:00:00+00:00,4180,2025-05-25T15:00:00+00:00,False
ENG_PL::28958,2025-12-30 20:15:00+00:00,2025,frozen_dc,0,0.5780778924097039,0.232221903390326,0.18970020419997,0.4456937799043062,0.2342105263157894,0.3200956937799043,2025-08-15T00:00:00+00:00,4180,2025-05-25T15:00:00+00:00,False
ENG_PL::28962,2026-01-01 17:30:00+00:00,2025,frozen_dc,1,0.4245867187069341,0.2638726174482793,0.3115406638447868,0.4456937799043062,0.2342105263157894,0.3200956937799043,2025-08-15T00:00:00+00:00,4180,2025-05-25T15:00:00+00:00,False
ENG_PL::28963,2026-01-01 17:30:00+00:00,2025,frozen_dc,1,0.7276022183708981,0.1616442410462573,0.1107535405828442,0.4456937799043062,0.2342105263157894,0.3200956937799043,2025-08-15T00:00:00+00:00,4180,2025-05-25T15:00:00+00:00,False
ENG_PL::28959,2026-01-01 20:00:00+00:00,2025,frozen_dc,1,0.4643661441040658,0.2278287616108038,0.3078050942851302,0.4456937799043062,0.2342105263157894,0.3200956937799043,2025-08-15T00:00:00+00:00,4180,2025-05-25T15:00:00+00:00,False
ENG_PL::28966,2026-01-01 20:00:00+00:00,2025,frozen_dc,1,0.233546799620649,0.2377017959214251,0.5287514044579257,0.4456937799043062,0.2342105263157894,0.3200956937799043,2025-08-15T00:00:00+00:00,4180,2025-05-25T15:00:00+00:00,False
ENG_PL::28972,2026-01-03 12:30:00+00:00,2025,frozen_dc,0,0.463256035475315,0.259704393135132,0.2770395713895528,0.4456937799043062,0.2342105263157894,0.3200956937799043,2025-08-15T00:00:00+00:00,4180,2025-05-25T15:00:00+00:00,False
ENG_PL::28970,2026-01-03 15:00:00+00:00,2025,frozen_dc,0,0.4057068215116582,0.2731085452588296,0.3211846332295122,0.4456937799043062,0.2342105263157894,0.3200956937799043,2025-08-15T00:00:00+00:00,4180,2025-05-25T15:00:00+00:00,False
ENG_PL::28973,2026-01-03 15:00:00+00:00,2025,frozen_dc,0,0.5787675650626382,0.229085312995488,0.192147121941874,0.4456937799043062,0.2342105263157894,0.3200956937799043,2025-08-15T00:00:00+00:00,4180,2025-05-25T15:00:00+00:00,False
ENG_PL::28971,2026-01-03 17:30:00+00:00,2025,frozen_dc,2,0.2661823490003002,0.2541543998919891,0.4796632511077104,0.4456937799043062,0.2342105263157894,0.3200956937799043,2025-08-15T00:00:00+00:00,4180,2025-05-25T15:00:00+00:00,False
ENG_PL::28976,2026-01-04 12:30:00+00:00,2025,frozen_dc,1,0.3392546762282897,0.2555675734405493,0.4051777503311607,0.4456937799043062,0.2342105263157894,0.3200956937799043,2025-08-15T00:00:00+00:00,4180,2025-05-25T15:00:00+00:00,False
ENG_PL::28974,2026-01-04 15:00:00+00:00,2025,frozen_dc,2,0.360342446490409,0.265880179743715,0.3737773737658758,0.4456937799043062,0.2342105263157894,0.3200956937799043,2025-08-15T00:00:00+00:00,4180,2025-05-25T15:00:00+00:00,False
ENG_PL::28968,2026-01-04 15:00:00+00:00,2025,frozen_dc,0,0.4870145066607457,0.2347197208880425,0.2782657724512117,0.4456937799043062,0.2342105263157894,0.3200956937799043,2025-08-15T00:00:00+00:00,4180,2025-05-25T15:00:00+00:00,False
ENG_PL::28969,2026-01-04 15:00:00+00:00,2025,frozen_dc,1,0.4435159035917814,0.2386437912005684,0.3178403052076499,0.4456937799043062,0.2342105263157894,0.3200956937799043,2025-08-15T00:00:00+00:00,4180,2025-05-25T15:00:00+00:00,False
ENG_PL::28975,2026-01-04 15:15:00+00:00,2025,frozen_dc,1,0.2300674916405294,0.234339711494939,0.5355927968645315,0.4456937799043062,0.2342105263157894,0.3200956937799043,2025-08-15T00:00:00+00:00,4180,2025-05-25T15:00:00+00:00,False
ENG_PL::28977,2026-01-04 17:30:00+00:00,2025,frozen_dc,1,0.4960427720588174,0.2384473468688385,0.2655098810723438,0.4456937799043062,0.2342105263157894,0.3200956937799043,2025-08-15T00:00:00+00:00,4180,2025-05-25T15:00:00+00:00,False
ENG_PL::28987,2026-01-06 20:00:00+00:00,2025,frozen_dc,2,0.3497276361619366,0.2711442441802201,0.3791281196578431,0.4456937799043062,0.2342105263157894,0.3200956937799043,2025-08-15T00:00:00+00:00,4180,2025-05-25T15:00:00+00:00,False
ENG_PL::28984,2026-01-07 19:30:00+00:00,2025,frozen_dc,0,0.3360431048244947,0.2623796244827782,0.401577270692727,0.4456937799043062,0.2342105263157894,0.3200956937799043,2025-08-15T00:00:00+00:00,4180,2025-05-25T15:00:00+00:00,False
ENG_PL::28985,2026-01-07 19:30:00+00:00,2025,frozen_dc,1,0.5329492338656915,0.2369200011750412,0.2301307649592672,0.4456937799043062,0.2342105263157894,0.3200956937799043,2025-08-15T00:00:00+00:00,4180,2025-05-25T15:00:00+00:00,False
ENG_PL::28983,2026-01-07 19:30:00+00:00,2025,frozen_dc,1,0.4147251252724395,0.2515105311549846,0.3337643435725758,0.4456937799043062,0.2342105263157894,0.3200956937799043,2025-08-15T00:00:00+00:00,4180,2025-05-25T15:00:00+00:00,False
ENG_PL::28979,2026-01-07 19:30:00+00:00,2025,frozen_dc,0,0.4924494036308575,0.2275638966232732,0.2799866997458691,0.4456937799043062,0.2342105263157894,0.3200956937799043,2025-08-15T00:00:00+00:00,4180,2025-05-25T15:00:00+00:00,False
ENG_PL::28981,2026-01-07 19:30:00+00:00,2025,frozen_dc,0,0.4743873471845343,0.2417348686404609,0.2838777841750046,0.4456937799043062,0.2342105263157894,0.3200956937799043,2025-08-15T00:00:00+00:00,4180,2025-05-25T15:00:00+00:00,False
ENG_PL::28978,2026-01-07 19:30:00+00:00,2025,frozen_dc,1,0.4404649522390436,0.2847076489645717,0.2748273987963847,0.4456937799043062,0.2342105263157894,0.3200956937799043,2025-08-15T00:00:00+00:00,4180,2025-05-25T15:00:00+00:00,False
ENG_PL::28986,2026-01-07 20:15:00+00:00,2025,frozen_dc,0,0.6112984192147306,0.2079044876774844,0.1807970931077848,0.4456937799043062,0.2342105263157894,0.3200956937799043,2025-08-15T00:00:00+00:00,4180,2025-05-25T15:00:00+00:00,False
ENG_PL::28982,2026-01-07 20:15:00+00:00,2025,frozen_dc,1,0.2998852268074219,0.2554284764474701,0.444686296745108,0.4456937799043062,0.2342105263157894,0.3200956937799043,2025-08-15T00:00:00+00:00,4180,2025-05-25T15:00:00+00:00,False
ENG_PL::28980,2026-01-08 20:00:00+00:00,2025,frozen_dc,1,0.4090380996149846,0.2534111170137007,0.3375507833713145,0.4456937799043062,0.2342105263157894,0.3200956937799043,2025-08-15T00:00:00+00:00,4180,2025-05-25T15:00:00+00:00,False
ENG_PL::28993,2026-01-17 12:30:00+00:00,2025,frozen_dc,0,0.2462527752935545,0.2379484649519039,0.5157987597545416,0.4456937799043062,0.2342105263157894,0.3200956937799043,2025-08-15T00:00:00+00:00,4180,2025-05-25T15:00:00+00:00,False
ENG_PL::28990,2026-01-17 15:00:00+00:00,2025,frozen_dc,0,0.4825327338447205,0.2341882616924083,0.2832790044628712,0.4456937799043062,0.2342105263157894,0.3200956937799043,2025-08-15T00:00:00+00:00,4180,2025-05-25T15:00:00+00:00,False
ENG_PL::28996,2026-01-17 15:00:00+00:00,2025,frozen_dc,2,0.5013990428513025,0.2313030334564574,0.2672979236922399,0.4456937799043062,0.2342105263157894,0.3200956937799043,2025-08-15T00:00:00+00:00,4180,2025-05-25T15:00:00+00:00,False
ENG_PL::28995,2026-01-17 15:00:00+00:00,2025,frozen_dc,0,0.3479533138179605,0.2548646054109592,0.3971820807710805,0.4456937799043062,0.2342105263157894,0.3200956937799043,2025-08-15T00:00:00+00:00,4180,2025-05-25T15:00:00+00:00,False
ENG_PL::28992,2026-01-17 15:00:00+00:00,2025,frozen_dc,1,0.759897850556761,0.1484173711340585,0.0916847783091803,0.4456937799043062,0.2342105263157894,0.3200956937799043,2025-08-15T00:00:00+00:00,4180,2025-05-25T15:00:00+00:00,False
ENG_PL::28991,2026-01-17 15:00:00+00:00,2025,frozen_dc,0,0.3097755172531,0.268492279812078,0.4217322029348219,0.4456937799043062,0.2342105263157894,0.3200956937799043,2025-08-15T00:00:00+00:00,4180,2025-05-25T15:00:00+00:00,False
ENG_PL::28994,2026-01-17 17:30:00+00:00,2025,frozen_dc,1,0.2016489337496076,0.2521827180715472,0.5461683481788451,0.4456937799043062,0.2342105263157894,0.3200956937799043,2025-08-15T00:00:00+00:00,4180,2025-05-25T15:00:00+00:00,False
ENG_PL::28997,2026-01-18 14:00:00+00:00,2025,frozen_dc,1,0.2484110106043145,0.2465034372941596,0.5050855521015261,0.4456937799043062,0.2342105263157894,0.3200956937799043,2025-08-15T00:00:00+00:00,4180,2025-05-25T15:00:00+00:00,False
ENG_PL::28988,2026-01-18 16:30:00+00:00,2025,frozen_dc,2,0.4480905367107176,0.2673538378578448,0.2845556254314375,0.4456937799043062,0.2342105263157894,0.3200956937799043,2025-08-15T00:00:00+00:00,4180,2025-05-25T15:00:00+00:00,False
ENG_PL::28989,2026-01-19 20:00:00+00:00,2025,frozen_dc,1,0.3996480505687667,0.253513888873615,0.3468380605576182,0.4456937799043062,0.2342105263157894,0.3200956937799043,2025-08-15T00:00:00+00:00,4180,2025-05-25T15:00:00+00:00,False
ENG_PL::29007,2026-01-24 12:30:00+00:00,2025,frozen_dc,0,0.355172431803929,0.2601215512836772,0.3847060169123936,0.4456937799043062,0.2342105263157894,0.3200956937799043,2025-08-15T00:00:00+00:00,4180,2025-05-25T15:00:00+00:00,False
ENG_PL::29005,2026-01-24 15:00:00+00:00,2025,frozen_dc,0,0.6359000446656285,0.2143523254335141,0.1497476299008573,0.4456937799043062,0.2342105263157894,0.3200956937799043,2025-08-15T00:00:00+00:00,4180,2025-05-25T15:00:00+00:00,False
ENG_PL::29001,2026-01-24 15:00:00+00:00,2025,frozen_dc,1,0.2970687815519474,0.2399070193194448,0.4630241991286077,0.4456937799043062,0.2342105263157894,0.3200956937799043,2025-08-15T00:00:00+00:00,4180,2025-05-25T15:00:00+00:00,False
ENG_PL::29004,2026-01-24 15:00:00+00:00,2025,frozen_dc,0,0.3717820804665344,0.2712876092599334,0.3569303102735323,0.4456937799043062,0.2342105263157894,0.3200956937799043,2025-08-15T00:00:00+00:00,4180,2025-05-25T15:00:00+00:00,False
ENG_PL::28998,2026-01-24 17:30:00+00:00,2025,frozen_dc,0,0.266683050511812,0.2270978365692523,0.5062191129189353,0.4456937799043062,0.2342105263157894,0.3200956937799043,2025-08-15T00:00:00+00:00,4180,2025-05-25T15:00:00+00:00,False
ENG_PL::29006,2026-01-25 14:00:00+00:00,2025,frozen_dc,2,0.4879662298519576,0.2358507746809114,0.276182995467131,0.4456937799043062,0.2342105263157894,0.3200956937799043,2025-08-15T00:00:00+00:00,4180,2025-05-25T15:00:00+00:00,False
ENG_PL::29002,2026-01-25 14:00:00+00:00,2025,frozen_dc,2,0.3628898156163208,0.2479976069566344,0.3891125774270447,0.4456937799043062,0.2342105263157894,0.3200956937799043,2025-08-15T00:00:00+00:00,4180,2025-05-25T15:00:00+00:00,False
ENG_PL::29000,2026-01-25 14:00:00+00:00,2025,frozen_dc,2,0.4648224411554715,0.2526229367112846,0.2825546221332438,0.4456937799043062,0.2342105263157894,0.3200956937799043,2025-08-15T00:00:00+00:00,4180,2025-05-25T15:00:00+00:00,False
ENG_PL::28999,2026-01-25 16:30:00+00:00,2025,frozen_dc,2,0.624493920140844,0.2158577949736041,0.1596482848855517,0.4456937799043062,0.2342105263157894,0.3200956937799043,2025-08-15T00:00:00+00:00,4180,2025-05-25T15:00:00+00:00,False
ENG_PL::29003,2026-01-26 20:00:00+00:00,2025,frozen_dc,1,0.4622791743422149,0.2678391955282744,0.2698816301295107,0.4456937799043062,0.2342105263157894,0.3200956937799043,2025-08-15T00:00:00+00:00,4180,2025-05-25T15:00:00+00:00,False
ENG_PL::29010,2026-01-31 15:00:00+00:00,2025,frozen_dc,1,0.4568719704211496,0.2686295069785853,0.2744985226002652,0.4456937799043062,0.2342105263157894,0.3200956937799043,2025-08-15T00:00:00+00:00,4180,2025-05-25T15:00:00+00:00,False
ENG_PL::29015,2026-01-31 15:00:00+00:00,2025,frozen_dc,2,0.1634119469338207,0.2218780016311343,0.6147100514350452,0.4456937799043062,0.2342105263157894,0.3200956937799043,2025-08-15T00:00:00+00:00,4180,2025-05-25T15:00:00+00:00,False
ENG_PL::29017,2026-01-31 15:00:00+00:00,2025,frozen_dc,2,0.2827553990486764,0.2609617790221292,0.4562828219291943,0.4456937799043062,0.2342105263157894,0.3200956937799043,2025-08-15T00:00:00+00:00,4180,2025-05-25T15:00:00+00:00,False
ENG_PL::29009,2026-01-31 17:30:00+00:00,2025,frozen_dc,0,0.5896785514647772,0.2180056611977536,0.1923157873374691,0.4456937799043062,0.2342105263157894,0.3200956937799043,2025-08-15T00:00:00+00:00,4180,2025-05-25T15:00:00+00:00,False
ENG_PL::29014,2026-01-31 20:00:00+00:00,2025,frozen_dc,0,0.5511292723496249,0.2131595068044453,0.2357112208459296,0.4456937799043062,0.2342105263157894,0.3200956937799043,2025-08-15T00:00:00+00:00,4180,2025-05-25T15:00:00+00:00,False
ENG_PL::29012,2026-02-01 14:00:00+00:00,2025,frozen_dc,0,0.3774642232837284,0.2674991673756334,0.3550366093406379,0.4456937799043062,0.2342105263157894,0.3200956937799043,2025-08-15T00:00:00+00:00,4180,2025-05-25T15:00:00+00:00,False
ENG_PL::29008,2026-02-01 14:00:00+00:00,2025,frozen_dc,2,0.4213630102464299,0.2454933089435514,0.3331436808100187,0.4456937799043062,0.2342105263157894,0.3200956937799043,2025-08-15T00:00:00+00:00,4180,2025-05-25T15:00:00+00:00,False
ENG_PL::29013,2026-02-01 14:00:00+00:00,2025,frozen_dc,1,0.3439902569094746,0.2657289147137584,0.3902808283767671,0.4456937799043062,0.2342105263157894,0.3200956937799043,2025-08-15T00:00:00+00:00,4180,2025-05-25T15:00:00+00:00,False
ENG_PL::29016,2026-02-01 16:30:00+00:00,2025,frozen_dc,1,0.2522497982551943,0.2247407194525759,0.5230094822922297,0.4456937799043062,0.2342105263157894,0.3200956937799043,2025-08-15T00:00:00+00:00,4180,2025-05-25T15:00:00+00:00,False
ENG_PL::29011,2026-02-02 20:00:00+00:00,2025,frozen_dc,0,0.5047875804580627,0.2482089387297269,0.2470034808122102,0.4456937799043062,0.2342105263157894,0.3200956937799043,2025-08-15T00:00:00+00:00,4180,2025-05-25T15:00:00+00:00,False
ENG_PL::29023,2026-02-06 20:00:00+00:00,2025,frozen_dc,0,0.3473978749543948,0.2705545929356567,0.3820475321099488,0.4456937799043062,0.2342105263157894,0.3200956937799043,2025-08-15T00:00:00+00:00,4180,2025-05-25T15:00:00+00:00,False
ENG_PL::29025,2026-02-07 12:30:00+00:00,2025,frozen_dc,0,0.4146613358430678,0.2379203842390248,0.3474182799179074,0.4456937799043062,0.2342105263157894,0.3200956937799043,2025-08-15T00:00:00+00:00,4180,2025-05-25T15:00:00+00:00,False
ENG_PL::29018,2026-02-07 15:00:00+00:00,2025,frozen_dc,1,0.437841542339664,0.2480908821588691,0.3140675755014666,0.4456937799043062,0.2342105263157894,0.3200956937799043,2025-08-15T00:00:00+00:00,4180,2025-05-25T15:00:00+00:00,False
ENG_PL::29019,2026-02-07 15:00:00+00:00,2025,frozen_dc,0,0.6351365148689563,0.2139863681990175,0.1508771169320261,0.4456937799043062,0.2342105263157894,0.3200956937799043,2025-08-15T00:00:00+00:00,4180,2025-05-25T15:00:00+00:00,False
ENG_PL::29021,2026-02-07 15:00:00+00:00,2025,frozen_dc,2,0.3624258574597978,0.2643833358472587,0.3731908066929434,0.4456937799043062,0.2342105263157894,0.3200956937799043,2025-08-15T00:00:00+00:00,4180,2025-05-25T15:00:00+00:00,False
ENG_PL::29022,2026-02-07 15:00:00+00:00,2025,frozen_dc,2,0.4185930039639543,0.2849876510092993,0.2964193450267464,0.4456937799043062,0.2342105263157894,0.3200956937799043,2025-08-15T00:00:00+00:00,4180,2025-05-25T15:00:00+00:00,False
ENG_PL::29027,2026-02-07 15:00:00+00:00,2025,frozen_dc,2,0.2579053832858006,0.2537687998253363,0.488325816888863,0.4456937799043062,0.2342105263157894,0.3200956937799043,2025-08-15T00:00:00+00:00,4180,2025-05-25T15:00:00+00:00,False
ENG_PL::29026,2026-02-07 17:30:00+00:00,2025,frozen_dc,2,0.4997760476667133,0.2277139494901022,0.2725100028431844,0.4456937799043062,0.2342105263157894,0.3200956937799043,2025-08-15T00:00:00+00:00,4180,2025-05-25T15:00:00+00:00,False
ENG_PL::29020,2026-02-08 14:00:00+00:00,2025,frozen_dc,2,0.4203210417270935,0.2537026839539302,0.325976274318976,0.4456937799043062,0.2342105263157894,0.3200956937799043,2025-08-15T00:00:00+00:00,4180,2025-05-25T15:00:00+00:00,False
ENG_PL::29024,2026-02-08 16:30:00+00:00,2025,frozen_dc,2,0.470007614686131,0.2356368689244217,0.2943555163894473,0.4456937799043062,0.2342105263157894,0.3200956937799043,2025-08-15T00:00:00+00:00,4180,2025-05-25T15:00:00+00:00,False
ENG_PL::29030,2026-02-10 19:30:00+00:00,2025,frozen_dc,1,0.5931566365996345,0.2166087765803991,0.1902345868199664,0.4456937799043062,0.2342105263157894,0.3200956937799043,2025-08-15T00:00:00+00:00,4180,2025-05-25T15:00:00+00:00,False
ENG_PL::29032,2026-02-10 19:30:00+00:00,2025,frozen_dc,2,0.3323276707846991,0.2694798457706664,0.3981924834446344,0.4456937799043062,0.2342105263157894,0.3200956937799043,2025-08-15T00:00:00+00:00,4180,2025-05-25T15:00:00+00:00,False
ENG_PL::29036,2026-02-10 19:30:00+00:00,2025,frozen_dc,2,0.3147446001357867,0.2269201191507543,0.458335280713459,0.4456937799043062,0.2342105263157894,0.3200956937799043,2025-08-15T00:00:00+00:00,4180,2025-05-25T15:00:00+00:00,False
ENG_PL::29037,2026-02-10 20:15:00+00:00,2025,frozen_dc,1,0.3417197700739098,0.2562058450629974,0.4020743848630928,0.4456937799043062,0.2342105263157894,0.3200956937799043,2025-08-15T00:00:00+00:00,4180,2025-05-25T15:00:00+00:00,False
ENG_PL::29034,2026-02-11 19:30:00+00:00,2025,frozen_dc,1,0.4356440078645959,0.2797256172059451,0.284630374929459,0.4456937799043062,0.2342105263157894,0.3200956937799043,2025-08-15T00:00:00+00:00,4180,2025-05-25T15:00:00+00:00,False
ENG_PL::29033,2026-02-11 19:30:00+00:00,2025,frozen_dc,0,0.5520683333886942,0.2406242088709466,0.2073074577403592,0.4456937799043062,0.2342105263157894,0.3200956937799043,2025-08-15T00:00:00+00:00,4180,2025-05-25T15:00:00+00:00,False
ENG_PL::29028,2026-02-11 19:30:00+00:00,2025,frozen_dc,0,0.3983180708143142,0.256574893150074,0.3451070360356119,0.4456937799043062,0.2342105263157894,0.3200956937799043,2025-08-15T00:00:00+00:00,4180,2025-05-25T15:00:00+00:00,False
ENG_PL::29031,2026-02-11 19:30:00+00:00,2025,frozen_dc,2,0.574399433698783,0.227248965402456,0.1983516008987609,0.4456937799043062,0.2342105263157894,0.3200956937799043,2025-08-15T00:00:00+00:00,4180,2025-05-25T15:00:00+00:00,False
ENG_PL::29035,2026-02-11 20:15:00+00:00,2025,frozen_dc,2,0.1963062972801649,0.2107141916413021,0.592979511078533,0.4456937799043062,0.2342105263157894,0.3200956937799043,2025-08-15T00:00:00+00:00,4180,2025-05-25T15:00:00+00:00,False
ENG_PL::29029,2026-02-12 20:00:00+00:00,2025,frozen_dc,1,0.2434712616886304,0.2437399226464638,0.5127888156649055,0.4456937799043062,0.2342105263157894,0.3200956937799043,2025-08-15T00:00:00+00:00,4180,2025-05-25T15:00:00+00:00,False
ENG_PL::29087,2026-02-18 20:00:00+00:00,2025,frozen_dc,1,0.1715368086071354,0.241410544521107,0.5870526468717575,0.4456937799043062,0.2342105263157894,0.3200956937799043,2025-08-15T00:00:00+00:00,4180,2025-05-25T15:00:00+00:00,False
ENG_PL::29038,2026-02-21 15:00:00+00:00,2025,frozen_dc,1,0.5316740089464728,0.2370837584169469,0.2312422326365802,0.4456937799043062,0.2342105263157894,0.3200956937799043,2025-08-15T00:00:00+00:00,4180,2025-05-25T15:00:00+00:00,False
ENG_PL::29039,2026-02-21 15:00:00+00:00,2025,frozen_dc,2,0.3978220427090904,0.2493786119898036,0.3527993453011058,0.4456937799043062,0.2342105263157894,0.3200956937799043,2025-08-15T00:00:00+00:00,4180,2025-05-25T15:00:00+00:00,False
ENG_PL::29040,2026-02-21 15:00:00+00:00,2025,frozen_dc,1,0.6310149620612943,0.2064957041918267,0.162489333746879,0.4456937799043062,0.2342105263157894,0.3200956937799043,2025-08-15T00:00:00+00:00,4180,2025-05-25T15:00:00+00:00,False
ENG_PL::29047,2026-02-21 17:30:00+00:00,2025,frozen_dc,1,0.2787539745594854,0.2462289603966625,0.4750170650438519,0.4456937799043062,0.2342105263157894,0.3200956937799043,2025-08-15T00:00:00+00:00,4180,2025-05-25T15:00:00+00:00,False
ENG_PL::29043,2026-02-21 20:00:00+00:00,2025,frozen_dc,0,0.4869444847977831,0.2362713968561182,0.2767841183460987,0.4456937799043062,0.2342105263157894,0.3200956937799043,2025-08-15T00:00:00+00:00,4180,2025-05-25T15:00:00+00:00,False
ENG_PL::29041,2026-02-22 14:00:00+00:00,2025,frozen_dc,0,0.510852595187911,0.2519141247466873,0.2372332800654017,0.4456937799043062,0.2342105263157894,0.3200956937799043,2025-08-15T00:00:00+00:00,4180,2025-05-25T15:00:00+00:00,False
ENG_PL::29044,2026-02-22 14:00:00+00:00,2025,frozen_dc,2,0.1981001356555027,0.2220481621744209,0.5798517021700764,0.4456937799043062,0.2342105263157894,0.3200956937799043,2025-08-15T00:00:00+00:00,4180,2025-05-25T15:00:00+00:00,False
ENG_PL::29045,2026-02-22 14:00:00+00:00,2025,frozen_dc,2,0.3610597730117933,0.2710418278443488,0.3678983991438578,0.4456937799043062,0.2342105263157894,0.3200956937799043,2025-08-15T00:00:00+00:00,4180,2025-05-25T15:00:00+00:00,False
ENG_PL::29046,2026-02-22 16:30:00+00:00,2025,frozen_dc,2,0.2160501157706517,0.226675721788584,0.5572741624407642,0.4456937799043062,0.2342105263157894,0.3200956937799043,2025-08-15T00:00:00+00:00,4180,2025-05-25T15:00:00+00:00,False
ENG_PL::29042,2026-02-23 20:00:00+00:00,2025,frozen_dc,2,0.3954963800585663,0.271985128918229,0.3325184910232047,0.4456937799043062,0.2342105263157894,0.3200956937799043,2025-08-15T00:00:00+00:00,4180,2025-05-25T15:00:00+00:00,False
ENG_PL::29057,2026-02-27 20:00:00+00:00,2025,frozen_dc,0,0.3020155694996039,0.267330643282632,0.430653787217764,0.4456937799043062,0.2342105263157894,0.3200956937799043,2025-08-15T00:00:00+00:00,4180,2025-05-25T15:00:00+00:00,False
ENG_PL::29048,2026-02-28 12:30:00+00:00,2025,frozen_dc,1,0.5003416391862616,0.240999349620561,0.2586590111931773,0.4456937799043062,0.2342105263157894,0.3200956937799043,2025-08-15T00:00:00+00:00,4180,2025-05-25T15:00:00+00:00,False
ENG_PL::29056,2026-02-28 15:00:00+00:00,2025,frozen_dc,2,0.5229490752683845,0.2444845293576327,0.2325663953739826,0.4456937799043062,0.2342105263157894,0.3200956937799043,2025-08-15T00:00:00+00:00,4180,2025-05-25T15:00:00+00:00,False
ENG_PL::29054,2026-02-28 15:00:00+00:00,2025,frozen_dc,0,0.7243178808961986,0.1633028308446311,0.1123792882591703,0.4456937799043062,0.2342105263157894,0.3200956937799043,2025-08-15T00:00:00+00:00,4180,2025-05-25T15:00:00+00:00,False
ENG_PL::29051,2026-02-28 15:00:00+00:00,2025,frozen_dc,2,0.2649678438286079,0.2420593009618651,0.4929728552095269,0.4456937799043062,0.2342105263157894,0.3200956937799043,2025-08-15T00:00:00+00:00,4180,2025-05-25T15:00:00+00:00,False
ENG_PL::29053,2026-02-28 17:30:00+00:00,2025,frozen_dc,2,0.1908650931318445,0.2221819215760825,0.586952985292073,0.4456937799043062,0.2342105263157894,0.3200956937799043,2025-08-15T00:00:00+00:00,4180,2025-05-25T15:00:00+00:00,False
ENG_PL::29050,2026-03-01 14:00:00+00:00,2025,frozen_dc,0,0.4722166925133401,0.2607219310437164,0.2670613764429432,0.4456937799043062,0.2342105263157894,0.3200956937799043,2025-08-15T00:00:00+00:00,4180,2025-05-25T15:00:00+00:00,False
ENG_PL::29052,2026-03-01 14:00:00+00:00,2025,frozen_dc,0,0.4334563467501371,0.2498022197345192,0.3167414335153437,0.4456937799043062,0.2342105263157894,0.3200956937799043,2025-08-15T00:00:00+00:00,4180,2025-05-25T15:00:00+00:00,False
ENG_PL::29055,2026-03-01 14:00:00+00:00,2025,frozen_dc,0,0.3645636646738165,0.2520808318083432,0.3833555035178401,0.4456937799043062,0.2342105263157894,0.3200956937799043,2025-08-15T00:00:00+00:00,4180,2025-05-25T15:00:00+00:00,False
ENG_PL::29049,2026-03-01 16:30:00+00:00,2025,frozen_dc,0,0.529422857230456,0.2420012117477671,0.2285759310217769,0.4456937799043062,0.2342105263157894,0.3200956937799043,2025-08-15T00:00:00+00:00,4180,2025-05-25T15:00:00+00:00,False
ENG_PL::29058,2026-03-03 19:30:00+00:00,2025,frozen_dc,1,0.4483554519292376,0.2402525683152529,0.3113919797555094,0.4456937799043062,0.2342105263157894,0.3200956937799043,2025-08-15T00:00:00+00:00,4180,2025-05-25T15:00:00+00:00,False
ENG_PL::29061,2026-03-03 19:30:00+00:00,2025,frozen_dc,0,0.4990979155292329,0.263727444978232,0.2371746394925353,0.4456937799043062,0.2342105263157894,0.3200956937799043,2025-08-15T00:00:00+00:00,4180,2025-05-25T15:00:00+00:00,False
ENG_PL::29063,2026-03-03 19:30:00+00:00,2025,frozen_dc,2,0.3527274128820803,0.2595525387413666,0.3877200483765531,0.4456937799043062,0.2342105263157894,0.3200956937799043,2025-08-15T00:00:00+00:00,4180,2025-05-25T15:00:00+00:00,False
ENG_PL::29067,2026-03-03 20:15:00+00:00,2025,frozen_dc,0,0.1660324625831766,0.210126802540314,0.6238407348765096,0.4456937799043062,0.2342105263157894,0.3200956937799043,2025-08-15T00:00:00+00:00,4180,2025-05-25T15:00:00+00:00,False
ENG_PL::29064,2026-03-04 19:30:00+00:00,2025,frozen_dc,1,0.5944302413692965,0.2271003531410056,0.178469405489698,0.4456937799043062,0.2342105263157894,0.3200956937799043,2025-08-15T00:00:00+00:00,4180,2025-05-25T15:00:00+00:00,False
ENG_PL::29062,2026-03-04 19:30:00+00:00,2025,frozen_dc,2,0.4947138906930297,0.2574188701225688,0.2478672391844014,0.4456937799043062,0.2342105263157894,0.3200956937799043,2025-08-15T00:00:00+00:00,4180,2025-05-25T15:00:00+00:00,False
ENG_PL::29060,2026-03-04 19:30:00+00:00,2025,frozen_dc,2,0.2556477097547399,0.2581469171791923,0.4862053730660676,0.4456937799043062,0.2342105263157894,0.3200956937799043,2025-08-15T00:00:00+00:00,4180,2025-05-25T15:00:00+00:00,False
ENG_PL::29059,2026-03-04 19:30:00+00:00,2025,frozen_dc,2,0.3601237122340337,0.2494376042147124,0.3904386835512539,0.4456937799043062,0.2342105263157894,0.3200956937799043,2025-08-15T00:00:00+00:00,4180,2025-05-25T15:00:00+00:00,False
ENG_PL::29065,2026-03-04 20:15:00+00:00,2025,frozen_dc,0,0.538491107088807,0.2252561856931285,0.2362527072180644,0.4456937799043062,0.2342105263157894,0.3200956937799043,2025-08-15T00:00:00+00:00,4180,2025-05-25T15:00:00+00:00,False
ENG_PL::29066,2026-03-05 20:00:00+00:00,2025,frozen_dc,2,0.3779480397881624,0.2381463019410984,0.3839056582707391,0.4456937799043062,0.2342105263157894,0.3200956937799043,2025-08-15T00:00:00+00:00,4180,2025-05-25T15:00:00+00:00,False
ENG_PL::29076,2026-03-14 15:00:00+00:00,2025,frozen_dc,2,0.3373647436785748,0.2587065610504451,0.4039286952709801,0.4456937799043062,0.2342105263157894,0.3200956937799043,2025-08-15T00:00:00+00:00,4180,2025-05-25T15:00:00+00:00,False
ENG_PL::29070,2026-03-14 15:00:00+00:00,2025,frozen_dc,1,0.2411220383661815,0.2405987528038954,0.5182792088299231,0.4456937799043062,0.2342105263157894,0.3200956937799043,2025-08-15T00:00:00+00:00,4180,2025-05-25T15:00:00+00:00,False
ENG_PL::29068,2026-03-14 17:30:00+00:00,2025,frozen_dc,0,0.6024884044843367,0.2374943170704345,0.1600172784452284,0.4456937799043062,0.2342105263157894,0.3200956937799043,2025-08-15T00:00:00+00:00,4180,2025-05-25T15:00:00+00:00,False
ENG_PL::29071,2026-03-14 17:30:00+00:00,2025,frozen_dc,2,0.4075316107161997,0.2400442582312,0.3524241310526002,0.4456937799043062,0.2342105263157894,0.3200956937799043,2025-08-15T00:00:00+00:00,4180,2025-05-25T15:00:00+00:00,False
ENG_PL::29077,2026-03-14 20:00:00+00:00,2025,frozen_dc,1,0.1929081750767433,0.223580387563008,0.5835114373602486,0.4456937799043062,0.2342105263157894,0.3200956937799043,2025-08-15T00:00:00+00:00,4180,2025-05-25T15:00:00+00:00,False
ENG_PL::29072,2026-03-15 14:00:00+00:00,2025,frozen_dc,1,0.5354932985631871,0.2349417986843539,0.229564902752459,0.4456937799043062,0.2342105263157894,0.3200956937799043,2025-08-15T00:00:00+00:00,4180,2025-05-25T15:00:00+00:00,False
ENG_PL::29074,2026-03-15 14:00:00+00:00,2025,frozen_dc,0,0.3659329081241522,0.2536257238536578,0.3804413680221897,0.4456937799043062,0.2342105263157894,0.3200956937799043,2025-08-15T00:00:00+00:00,4180,2025-05-25T15:00:00+00:00,False
ENG_PL::29075,2026-03-15 14:00:00+00:00,2025,frozen_dc,1,0.355941259533091,0.2825247457079535,0.3615339947589556,0.4456937799043062,0.2342105263157894,0.3200956937799043,2025-08-15T00:00:00+00:00,4180,2025-05-25T15:00:00+00:00,False
ENG_PL::29073,2026-03-15 16:30:00+00:00,2025,frozen_dc,1,0.6739727488798974,0.1736305638852518,0.1523966872348507,0.4456937799043062,0.2342105263157894,0.3200956937799043,2025-08-15T00:00:00+00:00,4180,2025-05-25T15:00:00+00:00,False
ENG_PL::29069,2026-03-16 20:00:00+00:00,2025,frozen_dc,1,0.5099382761075549,0.2470648008575747,0.2429969230348704,0.4456937799043062,0.2342105263157894,0.3200956937799043,2025-08-15T00:00:00+00:00,4180,2025-05-25T15:00:00+00:00,False
ENG_PL::29078,2026-03-20 20:00:00+00:00,2025,frozen_dc,1,0.4868900808908637,0.2406723557965561,0.27243756331258,0.4456937799043062,0.2342105263157894,0.3200956937799043,2025-08-15T00:00:00+00:00,4180,2025-05-25T15:00:00+00:00,False
ENG_PL::29080,2026-03-21 12:30:00+00:00,2025,frozen_dc,0,0.2557525033507411,0.2303294707557816,0.5139180258934773,0.4456937799043062,0.2342105263157894,0.3200956937799043,2025-08-15T00:00:00+00:00,4180,2025-05-25T15:00:00+00:00,False
ENG_PL::29082,2026-03-21 15:00:00+00:00,2025,frozen_dc,0,0.5352595768025075,0.2502701475410687,0.2144702756564239,0.4456937799043062,0.2342105263157894,0.3200956937799043,2025-08-15T00:00:00+00:00,4180,2025-05-25T15:00:00+00:00,False
ENG_PL::29081,2026-03-21 17:30:00+00:00,2025,frozen_dc,0,0.3060562060792455,0.265056839844329,0.4288869540764256,0.4456937799043062,0.2342105263157894,0.3200956937799043,2025-08-15T00:00:00+00:00,4180,2025-05-25T15:00:00+00:00,False
ENG_PL::29083,2026-03-21 20:00:00+00:00,2025,frozen_dc,1,0.3026271982337143,0.2451100845989309,0.4522627171673548,0.4456937799043062,0.2342105263157894,0.3200956937799043,2025-08-15T00:00:00+00:00,4180,2025-05-25T15:00:00+00:00,False
ENG_PL::29085,2026-03-22 12:00:00+00:00,2025,frozen_dc,2,0.5517947472248652,0.2245729060443013,0.2236323467308333,0.4456937799043062,0.2342105263157894,0.3200956937799043,2025-08-15T00:00:00+00:00,4180,2025-05-25T15:00:00+00:00,False
ENG_PL::29086,2026-03-22 14:15:00+00:00,2025,frozen_dc,2,0.4353796954345599,0.2490619381561321,0.3155583664093079,0.4456937799043062,0.2342105263157894,0.3200956937799043,2025-08-15T00:00:00+00:00,4180,2025-05-25T15:00:00+00:00,False
ENG_PL::29079,2026-03-22 14:15:00+00:00,2025,frozen_dc,0,0.5282659734519481,0.2382817348494078,0.2334522916986441,0.4456937799043062,0.2342105263157894,0.3200956937799043,2025-08-15T00:00:00+00:00,4180,2025-05-25T15:00:00+00:00,False
ENG_PL::29091,2026-04-10 19:00:00+00:00,2025,frozen_dc,0,0.3916687928007379,0.274037218350619,0.3342939888486428,0.4456937799043062,0.2342105263157894,0.3200956937799043,2025-08-15T00:00:00+00:00,4180,2025-05-25T15:00:00+00:00,False
ENG_PL::29092,2026-04-11 11:30:00+00:00,2025,frozen_dc,2,0.5582169780437495,0.2358250462884185,0.2059579756678319,0.4456937799043062,0.2342105263157894,0.3200956937799043,2025-08-15T00:00:00+00:00,4180,2025-05-25T15:00:00+00:00,False
ENG_PL::29093,2026-04-11 14:00:00+00:00,2025,frozen_dc,1,0.4495457953959981,0.260047879936532,0.2904063246674696,0.4456937799043062,0.2342105263157894,0.3200956937799043,2025-08-15T00:00:00+00:00,4180,2025-05-25T15:00:00+00:00,False
ENG_PL::29094,2026-04-11 14:00:00+00:00,2025,frozen_dc,2,0.2504557669556713,0.2494234037001979,0.5001208293441306,0.4456937799043062,0.2342105263157894,0.3200956937799043,2025-08-15T00:00:00+00:00,4180,2025-05-25T15:00:00+00:00,False
ENG_PL::29097,2026-04-11 16:30:00+00:00,2025,frozen_dc,0,0.6156389120652099,0.2111845659616817,0.1731765219731082,0.4456937799043062,0.2342105263157894,0.3200956937799043,2025-08-15T00:00:00+00:00,4180,2025-05-25T15:00:00+00:00,False
ENG_PL::29089,2026-04-12 13:00:00+00:00,2025,frozen_dc,1,0.3452632538971823,0.267409433856383,0.3873273122464343,0.4456937799043062,0.2342105263157894,0.3200956937799043,2025-08-15T00:00:00+00:00,4180,2025-05-25T15:00:00+00:00,False
ENG_PL::29090,2026-04-12 13:00:00+00:00,2025,frozen_dc,0,0.3962677850659949,0.2416752511824905,0.3620569637515145,0.4456937799043062,0.2342105263157894,0.3200956937799043,2025-08-15T00:00:00+00:00,4180,2025-05-25T15:00:00+00:00,False
ENG_PL::29096,2026-04-12 13:00:00+00:00,2025,frozen_dc,0,0.3524793197929156,0.2432997590830633,0.4042209211240208,0.4456937799043062,0.2342105263157894,0.3200956937799043,2025-08-15T00:00:00+00:00,4180,2025-05-25T15:00:00+00:00,False
ENG_PL::29095,2026-04-12 15:30:00+00:00,2025,frozen_dc,2,0.3367665126624701,0.2486244762870677,0.4146090110504623,0.4456937799043062,0.2342105263157894,0.3200956937799043,2025-08-15T00:00:00+00:00,4180,2025-05-25T15:00:00+00:00,False
ENG_PL::29088,2026-04-13 19:00:00+00:00,2025,frozen_dc,2,0.4845741729015096,0.2462069563115027,0.2692188707869875,0.4456937799043062,0.2342105263157894,0.3200956937799043,2025-08-15T00:00:00+00:00,4180,2025-05-25T15:00:00+00:00,False
ENG_PL::29099,2026-04-18 11:30:00+00:00,2025,frozen_dc,1,0.4219581635590371,0.2583725047025949,0.3196693317383681,0.4456937799043062,0.2342105263157894,0.3200956937799043,2025-08-15T00:00:00+00:00,4180,2025-05-25T15:00:00+00:00,False
ENG_PL::29105,2026-04-18 14:00:00+00:00,2025,frozen_dc,2,0.4651389755799552,0.2365933899808917,0.2982676344391531,0.4456937799043062,0.2342105263157894,0.3200956937799043,2025-08-15T00:00:00+00:00,4180,2025-05-25T15:00:00+00:00,False
ENG_PL::29103,2026-04-18 14:00:00+00:00,2025,frozen_dc,0,0.3893494056352788,0.2736545063090012,0.33699608805572,0.4456937799043062,0.2342105263157894,0.3200956937799043,2025-08-15T00:00:00+00:00,4180,2025-05-25T15:00:00+00:00,False
ENG_PL::29107,2026-04-18 16:30:00+00:00,2025,frozen_dc,1,0.3663544935631946,0.2420421947089111,0.3916033117278944,0.4456937799043062,0.2342105263157894,0.3200956937799043,2025-08-15T00:00:00+00:00,4180,2025-05-25T15:00:00+00:00,False
ENG_PL::29100,2026-04-18 19:00:00+00:00,2025,frozen_dc,2,0.5208640181144468,0.2326477347795528,0.2464882471060005,0.4456937799043062,0.2342105263157894,0.3200956937799043,2025-08-15T00:00:00+00:00,4180,2025-05-25T15:00:00+00:00,False
ENG_PL::29098,2026-04-19 13:00:00+00:00,2025,frozen_dc,0,0.4730673749763672,0.2484904801770681,0.2784421448465646,0.4456937799043062,0.2342105263157894,0.3200956937799043,2025-08-15T00:00:00+00:00,4180,2025-05-25T15:00:00+00:00,False
ENG_PL::29102,2026-04-19 13:00:00+00:00,2025,frozen_dc,2,0.2062926445168327,0.2312209311881282,0.562486424295039,0.4456937799043062,0.2342105263157894,0.3200956937799043,2025-08-15T00:00:00+00:00,4180,2025-05-25T15:00:00+00:00,False
ENG_PL::29106,2026-04-19 13:00:00+00:00,2025,frozen_dc,0,0.4946796174630625,0.2596709896276036,0.2456493929093339,0.4456937799043062,0.2342105263157894,0.3200956937799043,2025-08-15T00:00:00+00:00,4180,2025-05-25T15:00:00+00:00,False
ENG_PL::29104,2026-04-19 15:30:00+00:00,2025,frozen_dc,0,0.3606663469081951,0.2681763846470361,0.3711572684447689,0.4456937799043062,0.2342105263157894,0.3200956937799043,2025-08-15T00:00:00+00:00,4180,2025-05-25T15:00:00+00:00,False
ENG_PL::29101,2026-04-20 19:00:00+00:00,2025,frozen_dc,1,0.5320696375253531,0.236147899549213,0.2317824629254338,0.4456937799043062,0.2342105263157894,0.3200956937799043,2025-08-15T00:00:00+00:00,4180,2025-05-25T15:00:00+00:00,False
ENG_PL::29110,2026-04-21 19:00:00+00:00,2025,frozen_dc,0,0.3702590688219085,0.2523182875654861,0.3774226436126052,0.4456937799043062,0.2342105263157894,0.3200956937799043,2025-08-15T00:00:00+00:00,4180,2025-05-25T15:00:00+00:00,False
ENG_PL::29108,2026-04-22 19:00:00+00:00,2025,frozen_dc,1,0.55948365070196,0.2276130152549709,0.212903334043069,0.4456937799043062,0.2342105263157894,0.3200956937799043,2025-08-15T00:00:00+00:00,4180,2025-05-25T15:00:00+00:00,False
ENG_PL::29111,2026-04-22 19:00:00+00:00,2025,frozen_dc,2,0.1634643157854793,0.2122499895218299,0.6242856946926908,0.4456937799043062,0.2342105263157894,0.3200956937799043,2025-08-15T00:00:00+00:00,4180,2025-05-25T15:00:00+00:00,False
ENG_PL::29115,2026-04-24 19:00:00+00:00,2025,frozen_dc,2,0.4009107379281142,0.2692299278158514,0.3298593342560342,0.4456937799043062,0.2342105263157894,0.3200956937799043,2025-08-15T00:00:00+00:00,4180,2025-05-25T15:00:00+00:00,False
ENG_PL::29112,2026-04-25 11:30:00+00:00,2025,frozen_dc,0,0.3842030543483203,0.2681340414226817,0.3476629042289978,0.4456937799043062,0.2342105263157894,0.3200956937799043,2025-08-15T00:00:00+00:00,4180,2025-05-25T15:00:00+00:00,False
ENG_PL::29116,2026-04-25 14:00:00+00:00,2025,frozen_dc,0,0.3376970382227627,0.2768272066796326,0.3854757550976047,0.4456937799043062,0.2342105263157894,0.3200956937799043,2025-08-15T00:00:00+00:00,4180,2025-05-25T15:00:00+00:00,False
ENG_PL::29117,2026-04-25 14:00:00+00:00,2025,frozen_dc,2,0.3431261056888299,0.2546547751541592,0.4022191191570109,0.4456937799043062,0.2342105263157894,0.3200956937799043,2025-08-15T00:00:00+00:00,4180,2025-05-25T15:00:00+00:00,False
ENG_PL::29113,2026-04-25 14:00:00+00:00,2025,frozen_dc,0,0.6123567749413658,0.2022218536738671,0.1854213713847672,0.4456937799043062,0.2342105263157894,0.3200956937799043,2025-08-15T00:00:00+00:00,4180,2025-05-25T15:00:00+00:00,False
ENG_PL::29109,2026-04-25 16:30:00+00:00,2025,frozen_dc,0,0.5215342856252217,0.2402195177044042,0.238246196670374,0.4456937799043062,0.2342105263157894,0.3200956937799043,2025-08-15T00:00:00+00:00,4180,2025-05-25T15:00:00+00:00,False
ENG_PL::29114,2026-04-27 19:00:00+00:00,2025,frozen_dc,0,0.3742643042804537,0.2463748289366839,0.3793608667828623,0.4456937799043062,0.2342105263157894,0.3200956937799043,2025-08-15T00:00:00+00:00,4180,2025-05-25T15:00:00+00:00,False
ENG_PL::29124,2026-05-01 19:00:00+00:00,2025,frozen_dc,0,0.4468805045385832,0.2585790412733128,0.2945404541881042,0.4456937799043062,0.2342105263157894,0.3200956937799043,2025-08-15T00:00:00+00:00,4180,2025-05-25T15:00:00+00:00,False
ENG_PL::29121,2026-05-02 14:00:00+00:00,2025,frozen_dc,0,0.5309534360503242,0.2316878113059155,0.2373587526437604,0.4456937799043062,0.2342105263157894,0.3200956937799043,2025-08-15T00:00:00+00:00,4180,2025-05-25T15:00:00+00:00,False
ENG_PL::29126,2026-05-02 14:00:00+00:00,2025,frozen_dc,0,0.4733188495689977,0.2404906904965805,0.2861904599344217,0.4456937799043062,0.2342105263157894,0.3200956937799043,2025-08-15T00:00:00+00:00,4180,2025-05-25T15:00:00+00:00,False
ENG_PL::29127,2026-05-02 14:00:00+00:00,2025,frozen_dc,1,0.3558442803608536,0.2738419924374241,0.3703137272017226,0.4456937799043062,0.2342105263157894,0.3200956937799043,2025-08-15T00:00:00+00:00,4180,2025-05-25T15:00:00+00:00,False
ENG_PL::29119,2026-05-02 16:30:00+00:00,2025,frozen_dc,0,0.5795815824651065,0.2420007009441522,0.1784177165907411,0.4456937799043062,0.2342105263157894,0.3200956937799043,2025-08-15T00:00:00+00:00,4180,2025-05-25T15:00:00+00:00,False
ENG_PL::29118,2026-05-03 13:00:00+00:00,2025,frozen_dc,0,0.4367395532335265,0.2467971253639621,0.3164633214025115,0.4456937799043062,0.2342105263157894,0.3200956937799043,2025-08-15T00:00:00+00:00,4180,2025-05-25T15:00:00+00:00,False
ENG_PL::29125,2026-05-03 14:30:00+00:00,2025,frozen_dc,0,0.2078750194507558,0.2120963605893376,0.5800286199599065,0.4456937799043062,0.2342105263157894,0.3200956937799043,2025-08-15T00:00:00+00:00,4180,2025-05-25T15:00:00+00:00,False
ENG_PL::29120,2026-05-03 18:00:00+00:00,2025,frozen_dc,2,0.464067129584523,0.2341806493829309,0.301752221032546,0.4456937799043062,0.2342105263157894,0.3200956937799043,2025-08-15T00:00:00+00:00,4180,2025-05-25T15:00:00+00:00,False
ENG_PL::29122,2026-05-04 14:00:00+00:00,2025,frozen_dc,2,0.5223964606227787,0.2436370453322093,0.233966494045012,0.4456937799043062,0.2342105263157894,0.3200956937799043,2025-08-15T00:00:00+00:00,4180,2025-05-25T15:00:00+00:00,False
ENG_PL::29123,2026-05-04 19:00:00+00:00,2025,frozen_dc,1,0.2413905038992842,0.2578651742522502,0.5007443218484656,0.4456937799043062,0.2342105263157894,0.3200956937799043,2025-08-15T00:00:00+00:00,4180,2025-05-25T15:00:00+00:00,False
ENG_PL::29132,2026-05-09 11:30:00+00:00,2025,frozen_dc,1,0.5600678936422674,0.2143058479204756,0.2256262584372569,0.4456937799043062,0.2342105263157894,0.3200956937799043,2025-08-15T00:00:00+00:00,4180,2025-05-25T15:00:00+00:00,False
ENG_PL::29128,2026-05-09 14:00:00+00:00,2025,frozen_dc,0,0.5156475719697113,0.2544460488222881,0.2299063792080005,0.4456937799043062,0.2342105263157894,0.3200956937799043,2025-08-15T00:00:00+00:00,4180,2025-05-25T15:00:00+00:00,False
ENG_PL::29131,2026-05-09 14:00:00+00:00,2025,frozen_dc,2,0.3635953738949696,0.2652222802315736,0.3711823458734567,0.4456937799043062,0.2342105263157894,0.3200956937799043,2025-08-15T00:00:00+00:00,4180,2025-05-25T15:00:00+00:00,False
ENG_PL::29135,2026-05-09 14:00:00+00:00,2025,frozen_dc,1,0.3948394167753343,0.2556817712147711,0.3494788120098945,0.4456937799043062,0.2342105263157894,0.3200956937799043,2025-08-15T00:00:00+00:00,4180,2025-05-25T15:00:00+00:00,False
ENG_PL::29133,2026-05-09 16:30:00+00:00,2025,frozen_dc,0,0.5611639805248296,0.2219731320061498,0.2168628874690206,0.4456937799043062,0.2342105263157894,0.3200956937799043,2025-08-15T00:00:00+00:00,4180,2025-05-25T15:00:00+00:00,False
ENG_PL::29129,2026-05-10 13:00:00+00:00,2025,frozen_dc,1,0.260115944266893,0.2488502663036362,0.4910337894294707,0.4456937799043062,0.2342105263157894,0.3200956937799043,2025-08-15T00:00:00+00:00,4180,2025-05-25T15:00:00+00:00,False
ENG_PL::29134,2026-05-10 13:00:00+00:00,2025,frozen_dc,1,0.2886840918234953,0.2516712630689203,0.4596446451075842,0.4456937799043062,0.2342105263157894,0.3200956937799043,2025-08-15T00:00:00+00:00,4180,2025-05-25T15:00:00+00:00,False
ENG_PL::29130,2026-05-10 13:00:00+00:00,2025,frozen_dc,1,0.4514536583522124,0.2653904574577246,0.2831558841900629,0.4456937799043062,0.2342105263157894,0.3200956937799043,2025-08-15T00:00:00+00:00,4180,2025-05-25T15:00:00+00:00,False
ENG_PL::29137,2026-05-10 15:30:00+00:00,2025,frozen_dc,2,0.1652237034388405,0.2234163504511211,0.6113599461100385,0.4456937799043062,0.2342105263157894,0.3200956937799043,2025-08-15T00:00:00+00:00,4180,2025-05-25T15:00:00+00:00,False
ENG_PL::29136,2026-05-11 19:00:00+00:00,2025,frozen_dc,1,0.5048843255606967,0.2302794992482207,0.2648361751910826,0.4456937799043062,0.2342105263157894,0.3200956937799043,2025-08-15T00:00:00+00:00,4180,2025-05-25T15:00:00+00:00,False
ENG_PL::29084,2026-05-13 19:00:00+00:00,2025,frozen_dc,0,0.5473289401203132,0.2300050800456021,0.2226659798340847,0.4456937799043062,0.2342105263157894,0.3200956937799043,2025-08-15T00:00:00+00:00,4180,2025-05-25T15:00:00+00:00,False
ENG_PL::29140,2026-05-15 19:00:00+00:00,2025,frozen_dc,0,0.2458734478608068,0.2250499064557472,0.5290766456834458,0.4456937799043062,0.2342105263157894,0.3200956937799043,2025-08-15T00:00:00+00:00,4180,2025-05-25T15:00:00+00:00,False
ENG_PL::29145,2026-05-17 11:30:00+00:00,2025,frozen_dc,0,0.4182886835248575,0.2646107943161146,0.3171005221590277,0.4456937799043062,0.2342105263157894,0.3200956937799043,2025-08-15T00:00:00+00:00,4180,2025-05-25T15:00:00+00:00,False
ENG_PL::29147,2026-05-17 14:00:00+00:00,2025,frozen_dc,1,0.3136582726353462,0.2841717243836857,0.4021700029809681,0.4456937799043062,0.2342105263157894,0.3200956937799043,2025-08-15T00:00:00+00:00,4180,2025-05-25T15:00:00+00:00,False
ENG_PL::29144,2026-05-17 14:00:00+00:00,2025,frozen_dc,0,0.2858529472671021,0.253172827884356,0.4609742248485418,0.4456937799043062,0.2342105263157894,0.3200956937799043,2025-08-15T00:00:00+00:00,4180,2025-05-25T15:00:00+00:00,False
ENG_PL::29143,2026-05-17 14:00:00+00:00,2025,frozen_dc,2,0.4080498832014908,0.2744463711779466,0.3175037456205625,0.4456937799043062,0.2342105263157894,0.3200956937799043,2025-08-15T00:00:00+00:00,4180,2025-05-25T15:00:00+00:00,False
ENG_PL::29141,2026-05-17 14:00:00+00:00,2025,frozen_dc,1,0.4100193725972779,0.244783970783449,0.3451966566192732,0.4456937799043062,0.2342105263157894,0.3200956937799043,2025-08-15T00:00:00+00:00,4180,2025-05-25T15:00:00+00:00,False
ENG_PL::29146,2026-05-17 16:30:00+00:00,2025,frozen_dc,0,0.6077944969419361,0.2093396401655906,0.1828658628924732,0.4456937799043062,0.2342105263157894,0.3200956937799043,2025-08-15T00:00:00+00:00,4180,2025-05-25T15:00:00+00:00,False
ENG_PL::29139,2026-05-18 19:00:00+00:00,2025,frozen_dc,0,0.719312944850826,0.1796316996824211,0.1010553554667528,0.4456937799043062,0.2342105263157894,0.3200956937799043,2025-08-15T00:00:00+00:00,4180,2025-05-25T15:00:00+00:00,False
ENG_PL::29138,2026-05-19 18:30:00+00:00,2025,frozen_dc,1,0.3075314468214647,0.2476120049641167,0.4448565482144188,0.4456937799043062,0.2342105263157894,0.3200956937799043,2025-08-15T00:00:00+00:00,4180,2025-05-25T15:00:00+00:00,False
ENG_PL::29142,2026-05-19 19:15:00+00:00,2025,frozen_dc,0,0.5279079707307598,0.2197292289727107,0.2523628002965294,0.4456937799043062,0.2342105263157894,0.3200956937799043,2025-08-15T00:00:00+00:00,4180,2025-05-25T15:00:00+00:00,False
ENG_PL::29154,2026-05-24 15:00:00+00:00,2025,frozen_dc,1,0.3250253114740355,0.2628729749325109,0.4121017135934532,0.4456937799043062,0.2342105263157894,0.3200956937799043,2025-08-15T00:00:00+00:00,4180,2025-05-25T15:00:00+00:00,False
ENG_PL::29153,2026-05-24 15:00:00+00:00,2025,frozen_dc,2,0.5478650398511006,0.2310527412601977,0.2210822188887016,0.4456937799043062,0.2342105263157894,0.3200956937799043,2025-08-15T00:00:00+00:00,4180,2025-05-25T15:00:00+00:00,False
ENG_PL::29155,2026-05-24 15:00:00+00:00,2025,frozen_dc,0,0.3004683005190455,0.2470323222767875,0.4524993772041671,0.4456937799043062,0.2342105263157894,0.3200956937799043,2025-08-15T00:00:00+00:00,4180,2025-05-25T15:00:00+00:00,False
ENG_PL::29152,2026-05-24 15:00:00+00:00,2025,frozen_dc,1,0.627008114964006,0.1938919097997743,0.1790999752362198,0.4456937799043062,0.2342105263157894,0.3200956937799043,2025-08-15T00:00:00+00:00,4180,2025-05-25T15:00:00+00:00,False
ENG_PL::29156,2026-05-24 15:00:00+00:00,2025,frozen_dc,0,0.4207211681617127,0.2556947817045187,0.3235840501337688,0.4456937799043062,0.2342105263157894,0.3200956937799043,2025-08-15T00:00:00+00:00,4180,2025-05-25T15:00:00+00:00,False
ENG_PL::29150,2026-05-24 15:00:00+00:00,2025,frozen_dc,2,0.2486248206925028,0.2515898629039926,0.4997853164035044,0.4456937799043062,0.2342105263157894,0.3200956937799043,2025-08-15T00:00:00+00:00,4180,2025-05-25T15:00:00+00:00,False
ENG_PL::29149,2026-05-24 15:00:00+00:00,2025,frozen_dc,1,0.3491161761980059,0.2780565051784789,0.372827318623515,0.4456937799043062,0.2342105263157894,0.3200956937799043,2025-08-15T00:00:00+00:00,4180,2025-05-25T15:00:00+00:00,False
ENG_PL::29148,2026-05-24 15:00:00+00:00,2025,frozen_dc,2,0.4692555573323334,0.2486246833771663,0.2821197592905004,0.4456937799043062,0.2342105263157894,0.3200956937799043,2025-08-15T00:00:00+00:00,4180,2025-05-25T15:00:00+00:00,False
ENG_PL::29151,2026-05-24 15:00:00+00:00,2025,frozen_dc,0,0.3263699737376753,0.2569939315535345,0.4166360947087902,0.4456937799043062,0.2342105263157894,0.3200956937799043,2025-08-15T00:00:00+00:00,4180,2025-05-25T15:00:00+00:00,False
ENG_PL::29157,2026-05-24 15:00:00+00:00,2025,frozen_dc,0,0.4103601738568969,0.2592717396926918,0.3303680864504112,0.4456937799043062,0.2342105263157894,0.3200956937799043,2025-08-15T00:00:00+00:00,4180,2025-05-25T15:00:00+00:00,False
ENG_PL::28778,2025-08-15 19:00:00+00:00,2025,walk_forward_dc,0,0.59122297344611,0.207412798509651,0.201364228044239,0.4456937799043062,0.2342105263157894,0.3200956937799043,2025-08-15T00:00:00+00:00,4180,2025-05-25T15:00:00+00:00,False
ENG_PL::28779,2025-08-16 11:30:00+00:00,2025,walk_forward_dc,1,0.3505112812120332,0.2444537124652518,0.4050350063227149,0.4458263573307821,0.2341545084907916,0.3200191341784262,2025-08-16T00:00:00+00:00,4181,2025-08-15T19:00:00+00:00,False
ENG_PL::28782,2025-08-16 14:00:00+00:00,2025,walk_forward_dc,0,0.5473110209801335,0.223907005043636,0.2287819739762304,0.4458263573307821,0.2341545084907916,0.3200191341784262,2025-08-16T00:00:00+00:00,4181,2025-08-15T19:00:00+00:00,False
ENG_PL::28781,2025-08-16 14:00:00+00:00,2025,walk_forward_dc,0,0.4632442258000558,0.2527364416322079,0.2840193325677362,0.4458263573307821,0.2341545084907916,0.3200191341784262,2025-08-16T00:00:00+00:00,4181,2025-08-15T19:00:00+00:00,False
ENG_PL::28780,2025-08-16 14:00:00+00:00,2025,walk_forward_dc,1,0.4313183724010881,0.267086803215896,0.3015948243830155,0.4458263573307821,0.2341545084907916,0.3200191341784262,2025-08-16T00:00:00+00:00,4181,2025-08-15T19:00:00+00:00,False
ENG_PL::28783,2025-08-16 16:30:00+00:00,2025,walk_forward_dc,2,0.1997362020370598,0.2401907728474574,0.5600730251154827,0.4458263573307821,0.2341545084907916,0.3200191341784262,2025-08-16T00:00:00+00:00,4181,2025-08-15T19:00:00+00:00,False
ENG_PL::28784,2025-08-17 13:00:00+00:00,2025,walk_forward_dc,1,0.4730142303203313,0.2398015302435471,0.2871842394361213,0.4457716196846631,0.2343526039178213,0.3198757763975155,2025-08-17T00:00:00+00:00,4186,2025-08-16T16:30:00+00:00,False
ENG_PL::28785,2025-08-17 13:00:00+00:00,2025,walk_forward_dc,0,0.3553806411204438,0.2588891240424571,0.385730234837099,0.4457716196846631,0.2343526039178213,0.3198757763975155,2025-08-17T00:00:00+00:00,4186,2025-08-16T16:30:00+00:00,False
ENG_PL::28786,2025-08-17 15:30:00+00:00,2025,walk_forward_dc,2,0.2130940418319512,0.2399757489191251,0.5469302092489238,0.4457716196846631,0.2343526039178213,0.3198757763975155,2025-08-17T00:00:00+00:00,4186,2025-08-16T16:30:00+00:00,False
ENG_PL::28787,2025-08-18 19:00:00+00:00,2025,walk_forward_dc,0,0.3376730322219655,0.2759546564258474,0.386372311352187,0.4456910957269038,0.2344234900931009,0.3198854141799952,2025-08-18T00:00:00+00:00,4189,2025-08-17T15:30:00+00:00,False
ENG_PL::28788,2025-08-22 19:00:00+00:00,2025,walk_forward_dc,2,0.2560750241154859,0.2414277663114538,0.5024972095730603,0.4458233890214797,0.2343675417661097,0.3198090692124105,2025-08-22T00:00:00+00:00,4190,2025-08-18T19:00:00+00:00,False
ENG_PL::28789,2025-08-23 11:30:00+00:00,2025,walk_forward_dc,2,0.6123031811541862,0.2021712796696497,0.185525539176164,0.4457170126461465,0.2343116201383918,0.3199713672154617,2025-08-23T00:00:00+00:00,4191,2025-08-22T19:00:00+00:00,False
ENG_PL::28791,2025-08-23 14:00:00+00:00,2025,walk_forward_dc,0,0.3089543273249835,0.3065679331272941,0.3844777395477222,0.4457170126461465,0.2343116201383918,0.3199713672154617,2025-08-23T00:00:00+00:00,4191,2025-08-22T19:00:00+00:00,False
ENG_PL::28792,2025-08-23 14:00:00+00:00,2025,walk_forward_dc,0,0.5445759193496131,0.2412688448314398,0.2141552358189469,0.4457170126461465,0.2343116201383918,0.3199713672154617,2025-08-23T00:00:00+00:00,4191,2025-08-22T19:00:00+00:00,False
ENG_PL::28790,2025-08-23 14:00:00+00:00,2025,walk_forward_dc,0,0.4094639532515492,0.2483880082664759,0.3421480384819749,0.4457170126461465,0.2343116201383918,0.3199713672154617,2025-08-23T00:00:00+00:00,4191,2025-08-22T19:00:00+00:00,False
ENG_PL::28793,2025-08-23 16:30:00+00:00,2025,walk_forward_dc,0,0.6474615029248646,0.2102291112170987,0.1423093858580366,0.4457170126461465,0.2343116201383918,0.3199713672154617,2025-08-23T00:00:00+00:00,4191,2025-08-22T19:00:00+00:00,False
ENG_PL::28794,2025-08-24 13:00:00+00:00,2025,walk_forward_dc,1,0.4630150205899861,0.259241118959927,0.2777438604500869,0.446139180171592,0.2340324118207817,0.3198284080076263,2025-08-24T00:00:00+00:00,4196,2025-08-23T16:30:00+00:00,False
ENG_PL::28795,2025-08-24 13:00:00+00:00,2025,walk_forward_dc,0,0.3404002460515639,0.2773726121066365,0.3822271418417994,0.446139180171592,0.2340324118207817,0.3198284080076263,2025-08-24T00:00:00+00:00,4196,2025-08-23T16:30:00+00:00,False
ENG_PL::28796,2025-08-24 15:30:00+00:00,2025,walk_forward_dc,1,0.4316351153748099,0.2648187346357526,0.3035461499894374,0.446139180171592,0.2340324118207817,0.3198284080076263,2025-08-24T00:00:00+00:00,4196,2025-08-23T16:30:00+00:00,False
ENG_PL::28797,2025-08-25 19:00:00+00:00,2025,walk_forward_dc,2,0.3219382832470608,0.2306655818604383,0.4473961348925008,0.4460585853774708,0.2343415098833055,0.3195999047392236,2025-08-25T00:00:00+00:00,4199,2025-08-24T15:30:00+00:00,False
ENG_PL::28798,2025-08-30 11:30:00+00:00,2025,walk_forward_dc,0,0.4886923008818351,0.2512511117080743,0.2600565874100905,0.4459523809523809,0.2342857142857143,0.3197619047619047,2025-08-30T00:00:00+00:00,4200,2025-08-25T19:00:00+00:00,False
ENG_PL::28802,2025-08-30 14:00:00+00:00,2025,walk_forward_dc,0,0.5380614824017597,0.2398569128006736,0.2220816047975667,0.4459523809523809,0.2342857142857143,0.3197619047619047,2025-08-30T00:00:00+00:00,4200,2025-08-25T19:00:00+00:00,False
ENG_PL::28801,2025-08-30 14:00:00+00:00,2025,walk_forward_dc,0,0.3288394480651199,0.2897128301826445,0.3814477217522354,0.4459523809523809,0.2342857142857143,0.3197619047619047,2025-08-30T00:00:00+00:00,4200,2025-08-25T19:00:00+00:00,False
ENG_PL::28800,2025-08-30 14:00:00+00:00,2025,walk_forward_dc,2,0.3341114176491911,0.2908846263883216,0.3750039559624872,0.4459523809523809,0.2342857142857143,0.3197619047619047,2025-08-30T00:00:00+00:00,4200,2025-08-25T19:00:00+00:00,False
ENG_PL::28799,2025-08-30 14:00:00+00:00,2025,walk_forward_dc,2,0.3637968647971122,0.2376129007850231,0.3985902344178645,0.4459523809523809,0.2342857142857143,0.3197619047619047,2025-08-30T00:00:00+00:00,4200,2025-08-25T19:00:00+00:00,False
ENG_PL::28803,2025-08-30 16:30:00+00:00,2025,walk_forward_dc,1,0.2423942810282767,0.2426508653149089,0.5149548536568145,0.4459523809523809,0.2342857142857143,0.3197619047619047,2025-08-30T00:00:00+00:00,4200,2025-08-25T19:00:00+00:00,False
ENG_PL::28804,2025-08-31 13:00:00+00:00,2025,walk_forward_dc,2,0.486194266229999,0.2573928163146348,0.2564129174553659,0.4460294816928198,0.234189253447456,0.3197812648597242,2025-08-31T00:00:00+00:00,4206,2025-08-30T16:30:00+00:00,False
ENG_PL::28805,2025-08-31 13:00:00+00:00,2025,walk_forward_dc,0,0.2943955207532105,0.2523194916506532,0.4532849875961363,0.4460294816928198,0.234189253447456,0.3197812648597242,2025-08-31T00:00:00+00:00,4206,2025-08-30T16:30:00+00:00,False
ENG_PL::28806,2025-08-31 15:30:00+00:00,2025,walk_forward_dc,0,0.4085198244149779,0.2526633359331025,0.3388168396519196,0.4460294816928198,0.234189253447456,0.3197812648597242,2025-08-31T00:00:00+00:00,4206,2025-08-30T16:30:00+00:00,False
ENG_PL::28807,2025-08-31 18:00:00+00:00,2025,walk_forward_dc,2,0.4110669887930587,0.2551476381005688,0.3337853731063724,0.4460294816928198,0.234189253447456,0.3197812648597242,2025-08-31T00:00:00+00:00,4206,2025-08-30T16:30:00+00:00,False
ENG_PL::28808,2025-09-13 11:30:00+00:00,2025,walk_forward_dc,0,0.6177943461086076,0.2310756302939238,0.1511300235974685,0.4460807600950118,0.2339667458432304,0.3199524940617577,2025-09-13T00:00:00+00:00,4210,2025-08-31T18:00:00+00:00,False
ENG_PL::28809,2025-09-13 14:00:00+00:00,2025,walk_forward_dc,0,0.6116789550555705,0.220192895913162,0.1681281490312673,0.4460807600950118,0.2339667458432304,0.3199524940617577,2025-09-13T00:00:00+00:00,4210,2025-08-31T18:00:00+00:00,False
ENG_PL::28810,2025-09-13 14:00:00+00:00,2025,walk_forward_dc,0,0.4534177120348925,0.2489098875739046,0.2976724003912028,0.4460807600950118,0.2339667458432304,0.3199524940617577,2025-09-13T00:00:00+00:00,4210,2025-08-31T18:00:00+00:00,False
ENG_PL::28811,2025-09-13 14:00:00+00:00,2025,walk_forward_dc,1,0.4426834250184525,0.3017810005349423,0.2555355744466052,0.4460807600950118,0.2339667458432304,0.3199524940617577,2025-09-13T00:00:00+00:00,4210,2025-08-31T18:00:00+00:00,False
ENG_PL::28812,2025-09-13 14:00:00+00:00,2025,walk_forward_dc,1,0.3688119133930514,0.2730767456376868,0.3581113409692618,0.4460807600950118,0.2339667458432304,0.3199524940617577,2025-09-13T00:00:00+00:00,4210,2025-08-31T18:00:00+00:00,False
ENG_PL::28813,2025-09-13 14:00:00+00:00,2025,walk_forward_dc,0,0.445755449296772,0.2883094818237388,0.2659350688794893,0.4460807600950118,0.2339667458432304,0.3199524940617577,2025-09-13T00:00:00+00:00,4210,2025-08-31T18:00:00+00:00,False
ENG_PL::28814,2025-09-13 16:30:00+00:00,2025,walk_forward_dc,2,0.3401942196720108,0.2426605374306694,0.4171452428973196,0.4460807600950118,0.2339667458432304,0.3199524940617577,2025-09-13T00:00:00+00:00,4210,2025-08-31T18:00:00+00:00,False
ENG_PL::28815,2025-09-13 19:00:00+00:00,2025,walk_forward_dc,1,0.3371835811727045,0.2418055958794581,0.4210108229478372,0.4460807600950118,0.2339667458432304,0.3199524940617577,2025-09-13T00:00:00+00:00,4210,2025-08-31T18:00:00+00:00,False
ENG_PL::28816,2025-09-14 13:00:00+00:00,2025,walk_forward_dc,2,0.121287553326993,0.1696833585512806,0.7090290881217263,0.4461830251303935,0.2342342342342342,0.3195827406353722,2025-09-14T00:00:00+00:00,4218,2025-09-13T19:00:00+00:00,False
ENG_PL::28817,2025-09-14 15:30:00+00:00,2025,walk_forward_dc,0,0.5967901454440778,0.2138516616031541,0.1893581929527681,0.4461830251303935,0.2342342342342342,0.3195827406353722,2025-09-14T00:00:00+00:00,4218,2025-09-13T19:00:00+00:00,False
ENG_PL::28818,2025-09-20 11:30:00+00:00,2025,walk_forward_dc,0,0.6261486682825135,0.2112499720750604,0.162601359642426,0.4462085308056872,0.2341232227488151,0.3196682464454976,2025-09-20T00:00:00+00:00,4220,2025-09-14T15:30:00+00:00,False
ENG_PL::28819,2025-09-20 14:00:00+00:00,2025,walk_forward_dc,2,0.2858208087016324,0.2494873871431872,0.4646918041551804,0.4462085308056872,0.2341232227488151,0.3196682464454976,2025-09-20T00:00:00+00:00,4220,2025-09-14T15:30:00+00:00,False
ENG_PL::28820,2025-09-20 14:00:00+00:00,2025,walk_forward_dc,2,0.3443934483512853,0.302078911973796,0.3535276396749188,0.4462085308056872,0.2341232227488151,0.3196682464454976,2025-09-20T00:00:00+00:00,4220,2025-09-14T15:30:00+00:00,False
ENG_PL::28821,2025-09-20 14:00:00+00:00,2025,walk_forward_dc,1,0.4690081344020568,0.2401130639815337,0.2908788016164093,0.4462085308056872,0.2341232227488151,0.3196682464454976,2025-09-20T00:00:00+00:00,4220,2025-09-14T15:30:00+00:00,False
ENG_PL::28822,2025-09-20 14:00:00+00:00,2025,walk_forward_dc,1,0.2849301390150046,0.2702409170318288,0.4448289439531664,0.4462085308056872,0.2341232227488151,0.3196682464454976,2025-09-20T00:00:00+00:00,4220,2025-09-14T15:30:00+00:00,False
ENG_PL::28824,2025-09-20 16:30:00+00:00,2025,walk_forward_dc,0,0.3202469901346547,0.2427411669971927,0.4370118428681528,0.4462085308056872,0.2341232227488151,0.3196682464454976,2025-09-20T00:00:00+00:00,4220,2025-09-14T15:30:00+00:00,False
ENG_PL::28825,2025-09-20 19:00:00+00:00,2025,walk_forward_dc,0,0.4044758804068418,0.2663600221513149,0.3291640974418434,0.4462085308056872,0.2341232227488151,0.3196682464454976,2025-09-20T00:00:00+00:00,4220,2025-09-14T15:30:00+00:00,False
ENG_PL::28826,2025-09-21 13:00:00+00:00,2025,walk_forward_dc,1,0.2926631623936992,0.3102768658504405,0.3970599717558603,0.4461793233972084,0.2342086586231369,0.3196120179796546,2025-09-21T00:00:00+00:00,4227,2025-09-20T19:00:00+00:00,False
ENG_PL::28823,2025-09-21 13:00:00+00:00,2025,walk_forward_dc,1,0.3795678140199708,0.2508121626166262,0.3696200233634029,0.4461793233972084,0.2342086586231369,0.3196120179796546,2025-09-21T00:00:00+00:00,4227,2025-09-20T19:00:00+00:00,False
ENG_PL::28827,2025-09-21 15:30:00+00:00,2025,walk_forward_dc,1,0.4693215509767538,0.2587625371090513,0.2719159119141948,0.4461793233972084,0.2342086586231369,0.3196120179796546,2025-09-21T00:00:00+00:00,4227,2025-09-20T19:00:00+00:00,False
ENG_PL::28828,2025-09-27 11:30:00+00:00,2025,walk_forward_dc,0,0.4355981492038797,0.2443506953858378,0.3200511554102825,0.4458628841607565,0.2347517730496454,0.3193853427895981,2025-09-27T00:00:00+00:00,4230,2025-09-21T15:30:00+00:00,False
ENG_PL::28829,2025-09-27 14:00:00+00:00,2025,walk_forward_dc,2,0.4759242149549763,0.2454219066617257,0.2786538783832978,0.4458628841607565,0.2347517730496454,0.3193853427895981,2025-09-27T00:00:00+00:00,4230,2025-09-21T15:30:00+00:00,False
ENG_PL::28830,2025-09-27 14:00:00+00:00,2025,walk_forward_dc,0,0.2712873418384874,0.2328844741417853,0.4958281840197271,0.4458628841607565,0.2347517730496454,0.3193853427895981,2025-09-27T00:00:00+00:00,4230,2025-09-21T15:30:00+00:00,False
ENG_PL::28832,2025-09-27 14:00:00+00:00,2025,walk_forward_dc,1,0.2675254691178759,0.2769290543338404,0.4555454765482836,0.4458628841607565,0.2347517730496454,0.3193853427895981,2025-09-27T00:00:00+00:00,4230,2025-09-21T15:30:00+00:00,False
ENG_PL::28833,2025-09-27 14:00:00+00:00,2025,walk_forward_dc,0,0.7320404006439856,0.1678953077497368,0.1000642916062778,0.4458628841607565,0.2347517730496454,0.3193853427895981,2025-09-27T00:00:00+00:00,4230,2025-09-21T15:30:00+00:00,False
ENG_PL::28834,2025-09-27 16:30:00+00:00,2025,walk_forward_dc,2,0.4067402618664712,0.3247693080449353,0.2684904300885933,0.4458628841607565,0.2347517730496454,0.3193853427895981,2025-09-27T00:00:00+00:00,4230,2025-09-21T15:30:00+00:00,False
ENG_PL::28835,2025-09-27 19:00:00+00:00,2025,walk_forward_dc,1,0.4952319944500046,0.2466235889717869,0.2581444165782083,0.4458628841607565,0.2347517730496454,0.3193853427895981,2025-09-27T00:00:00+00:00,4230,2025-09-21T15:30:00+00:00,False
ENG_PL::28831,2025-09-28 13:00:00+00:00,2025,walk_forward_dc,0,0.3971282089855483,0.2735929977071554,0.3292787933072962,0.4458343167335379,0.2348359688458815,0.3193297144205806,2025-09-28T00:00:00+00:00,4237,2025-09-27T19:00:00+00:00,False
ENG_PL::28836,2025-09-28 15:30:00+00:00,2025,walk_forward_dc,2,0.3071308490456093,0.2697777306524722,0.4230914203019185,0.4458343167335379,0.2348359688458815,0.3193297144205806,2025-09-28T00:00:00+00:00,4237,2025-09-27T19:00:00+00:00,False
ENG_PL::28837,2025-09-29 19:00:00+00:00,2025,walk_forward_dc,1,0.5063345269799487,0.2586146254700731,0.2350508475499783,0.445859872611465,0.2347251710309035,0.3194149563576315,2025-09-29T00:00:00+00:00,4239,2025-09-28T15:30:00+00:00,False
ENG_PL::28838,2025-10-03 19:00:00+00:00,2025,walk_forward_dc,0,0.4509651479761412,0.2676598024254389,0.28137504959842,0.445754716981132,0.2349056603773585,0.3193396226415094,2025-10-03T00:00:00+00:00,4240,2025-09-29T19:00:00+00:00,False
ENG_PL::28844,2025-10-04 11:30:00+00:00,2025,walk_forward_dc,2,0.3856462607923032,0.2649961055848199,0.349357633622877,0.4458854043857581,0.2348502711624616,0.3192643244517802,2025-10-04T00:00:00+00:00,4241,2025-10-03T19:00:00+00:00,False
ENG_PL::28839,2025-10-04 14:00:00+00:00,2025,walk_forward_dc,0,0.7161264075287054,0.1821728503497923,0.1017007421215024,0.4458854043857581,0.2348502711624616,0.3192643244517802,2025-10-04T00:00:00+00:00,4241,2025-10-03T19:00:00+00:00,False
ENG_PL::28845,2025-10-04 14:00:00+00:00,2025,walk_forward_dc,0,0.4392157284097028,0.2845398008867034,0.2762444707035937,0.4458854043857581,0.2348502711624616,0.3192643244517802,2025-10-04T00:00:00+00:00,4241,2025-10-03T19:00:00+00:00,False
ENG_PL::28842,2025-10-04 16:30:00+00:00,2025,walk_forward_dc,0,0.3209325867199792,0.2314830431451606,0.4475843701348602,0.4458854043857581,0.2348502711624616,0.3192643244517802,2025-10-04T00:00:00+00:00,4241,2025-10-03T19:00:00+00:00,False
ENG_PL::28840,2025-10-05 13:00:00+00:00,2025,walk_forward_dc,0,0.600142118827713,0.2241833514149692,0.1756745297573178,0.4461719670200235,0.2346289752650176,0.3191990577149587,2025-10-05T00:00:00+00:00,4245,2025-10-04T16:30:00+00:00,False
ENG_PL::28843,2025-10-05 13:00:00+00:00,2025,walk_forward_dc,0,0.3594156235401744,0.268010318483995,0.3725740579758305,0.4461719670200235,0.2346289752650176,0.3191990577149587,2025-10-05T00:00:00+00:00,4245,2025-10-04T16:30:00+00:00,False
ENG_PL::28846,2025-10-05 13:00:00+00:00,2025,walk_forward_dc,0,0.5620813756343546,0.2361608151990548,0.2017578091665907,0.4461719670200235,0.2346289752650176,0.3191990577149587,2025-10-05T00:00:00+00:00,4245,2025-10-04T16:30:00+00:00,False
ENG_PL::28847,2025-10-05 13:00:00+00:00,2025,walk_forward_dc,1,0.2976945552514071,0.2709754543815174,0.4313299903670755,0.4461719670200235,0.2346289752650176,0.3191990577149587,2025-10-05T00:00:00+00:00,4245,2025-10-04T16:30:00+00:00,False
ENG_PL::28841,2025-10-05 15:30:00+00:00,2025,walk_forward_dc,2,0.2783976819798692,0.2402727349752164,0.4813295830449144,0.4461719670200235,0.2346289752650176,0.3191990577149587,2025-10-05T00:00:00+00:00,4245,2025-10-04T16:30:00+00:00,False
ENG_PL::28854,2025-10-18 11:30:00+00:00,2025,walk_forward_dc,2,0.2859050546732338,0.2531324498236017,0.4609624955031645,0.4463529411764705,0.2345882352941176,0.3190588235294118,2025-10-18T00:00:00+00:00,4250,2025-10-05T15:30:00+00:00,False
ENG_PL::28849,2025-10-18 14:00:00+00:00,2025,walk_forward_dc,0,0.2654052936170052,0.2835764231011533,0.4510182832818414,0.4463529411764705,0.2345882352941176,0.3190588235294118,2025-10-18T00:00:00+00:00,4250,2025-10-05T15:30:00+00:00,False
ENG_PL::28855,2025-10-18 14:00:00+00:00,2025,walk_forward_dc,0,0.3881424958927158,0.315208684799318,0.296648819307966,0.4463529411764705,0.2345882352941176,0.3190588235294118,2025-10-18T00:00:00+00:00,4250,2025-10-05T15:30:00+00:00,False
ENG_PL::28848,2025-10-18 14:00:00+00:00,2025,walk_forward_dc,0,0.3516484702397331,0.2565970729953292,0.3917544567649377,0.4463529411764705,0.2345882352941176,0.3190588235294118,2025-10-18T00:00:00+00:00,4250,2025-10-05T15:30:00+00:00,False
ENG_PL::28853,2025-10-18 14:00:00+00:00,2025,walk_forward_dc,0,0.5854069989946157,0.2342635717890482,0.180329429216336,0.4463529411764705,0.2345882352941176,0.3190588235294118,2025-10-18T00:00:00+00:00,4250,2025-10-05T15:30:00+00:00,False
ENG_PL::28850,2025-10-18 14:00:00+00:00,2025,walk_forward_dc,1,0.413302415398767,0.2494611064274726,0.3372364781737604,0.4463529411764705,0.2345882352941176,0.3190588235294118,2025-10-18T00:00:00+00:00,4250,2025-10-05T15:30:00+00:00,False
ENG_PL::28851,2025-10-18 16:30:00+00:00,2025,walk_forward_dc,2,0.2297503202116433,0.272212091497688,0.4980375882906686,0.4463529411764705,0.2345882352941176,0.3190588235294118,2025-10-18T00:00:00+00:00,4250,2025-10-05T15:30:00+00:00,False
ENG_PL::28856,2025-10-19 13:00:00+00:00,2025,walk_forward_dc,2,0.3959820036556941,0.2500858505479553,0.3539321457963508,0.446558609349307,0.2344373972280949,0.319003993422598,2025-10-19T00:00:00+00:00,4257,2025-10-18T16:30:00+00:00,False
ENG_PL::28852,2025-10-19 15:30:00+00:00,2025,walk_forward_dc,2,0.6476160092841737,0.1888221068565254,0.1635618838593007,0.446558609349307,0.2344373972280949,0.319003993422598,2025-10-19T00:00:00+00:00,4257,2025-10-18T16:30:00+00:00,False
ENG_PL::28857,2025-10-20 19:00:00+00:00,2025,walk_forward_dc,2,0.2998027313448024,0.2528987830777626,0.4472984855774348,0.4463489081944118,0.2343273068795492,0.3193237849260389,2025-10-20T00:00:00+00:00,4259,2025-10-19T15:30:00+00:00,False
ENG_PL::28864,2025-10-24 19:00:00+00:00,2025,walk_forward_dc,0,0.5222423051463825,0.2596619871617175,0.2180957076918999,0.446244131455399,0.2342723004694835,0.3194835680751173,2025-10-24T00:00:00+00:00,4260,2025-10-20T19:00:00+00:00,False
ENG_PL::28862,2025-10-25 14:00:00+00:00,2025,walk_forward_dc,2,0.5430774896639362,0.25849806258947,0.1984244477465938,0.4463740905890636,0.2342173198779629,0.3194085895329734,2025-10-25T00:00:00+00:00,4261,2025-10-24T19:00:00+00:00,False
ENG_PL::28866,2025-10-25 14:00:00+00:00,2025,walk_forward_dc,0,0.5100713755313366,0.2565525549105547,0.2333760695581088,0.4463740905890636,0.2342173198779629,0.3194085895329734,2025-10-25T00:00:00+00:00,4261,2025-10-24T19:00:00+00:00,False
ENG_PL::28865,2025-10-25 16:30:00+00:00,2025,walk_forward_dc,0,0.387271933304013,0.2525888190099428,0.3601392476860441,0.4463740905890636,0.2342173198779629,0.3194085895329734,2025-10-25T00:00:00+00:00,4261,2025-10-24T19:00:00+00:00,False
ENG_PL::28861,2025-10-25 19:00:00+00:00,2025,walk_forward_dc,0,0.2844382793517679,0.2282670470655849,0.4872946735826471,0.4463740905890636,0.2342173198779629,0.3194085895329734,2025-10-25T00:00:00+00:00,4261,2025-10-24T19:00:00+00:00,False
ENG_PL::28858,2025-10-26 14:00:00+00:00,2025,walk_forward_dc,0,0.5308973533882434,0.2422902041003062,0.2268124425114503,0.4466588511137163,0.2339976553341149,0.3193434935521688,2025-10-26T00:00:00+00:00,4265,2025-10-25T19:00:00+00:00,False
ENG_PL::28859,2025-10-26 14:00:00+00:00,2025,walk_forward_dc,0,0.5868634701515802,0.2259179260060058,0.1872186038424138,0.4466588511137163,0.2339976553341149,0.3193434935521688,2025-10-26T00:00:00+00:00,4265,2025-10-25T19:00:00+00:00,False
ENG_PL::28860,2025-10-26 14:00:00+00:00,2025,walk_forward_dc,0,0.2612989608609433,0.2514344256025483,0.4872666135365085,0.4466588511137163,0.2339976553341149,0.3193434935521688,2025-10-26T00:00:00+00:00,4265,2025-10-25T19:00:00+00:00,False
ENG_PL::28867,2025-10-26 14:00:00+00:00,2025,walk_forward_dc,2,0.5019876066644893,0.2705517218680644,0.2274606714674465,0.4466588511137163,0.2339976553341149,0.3193434935521688,2025-10-26T00:00:00+00:00,4265,2025-10-25T19:00:00+00:00,False
ENG_PL::28863,2025-10-26 16:30:00+00:00,2025,walk_forward_dc,2,0.4132641197445831,0.263658148495747,0.32307773175967,0.4466588511137163,0.2339976553341149,0.3193434935521688,2025-10-26T00:00:00+00:00,4265,2025-10-25T19:00:00+00:00,False
ENG_PL::28869,2025-11-01 15:00:00+00:00,2025,walk_forward_dc,2,0.1046348873620734,0.191909766275757,0.7034553463621698,0.4468384074941452,0.2337236533957845,0.3194379391100702,2025-11-01T00:00:00+00:00,4270,2025-10-26T16:30:00+00:00,False
ENG_PL::28874,2025-11-01 15:00:00+00:00,2025,walk_forward_dc,1,0.3492873372072256,0.25974083303446,0.3909718297583143,0.4468384074941452,0.2337236533957845,0.3194379391100702,2025-11-01T00:00:00+00:00,4270,2025-10-26T16:30:00+00:00,False
ENG_PL::28868,2025-11-01 15:00:00+00:00,2025,walk_forward_dc,0,0.4101616750294171,0.2796948450578684,0.3101434799127143,0.4468384074941452,0.2337236533957845,0.3194379391100702,2025-11-01T00:00:00+00:00,4270,2025-10-26T16:30:00+00:00,False
ENG_PL::28870,2025-11-01 15:00:00+00:00,2025,walk_forward_dc,0,0.4527160176154155,0.2378321050195718,0.3094518773650125,0.4468384074941452,0.2337236533957845,0.3194379391100702,2025-11-01T00:00:00+00:00,4270,2025-10-26T16:30:00+00:00,False
ENG_PL::28871,2025-11-01 15:00:00+00:00,2025,walk_forward_dc,0,0.4841177057277387,0.2761493911119682,0.2397329031602931,0.4468384074941452,0.2337236533957845,0.3194379391100702,2025-11-01T00:00:00+00:00,4270,2025-10-26T16:30:00+00:00,False
ENG_PL::28876,2025-11-01 17:30:00+00:00,2025,walk_forward_dc,2,0.3463289051284594,0.2377081830332966,0.415962911838244,0.4468384074941452,0.2337236533957845,0.3194379391100702,2025-11-01T00:00:00+00:00,4270,2025-10-26T16:30:00+00:00,False
ENG_PL::28872,2025-11-01 20:00:00+00:00,2025,walk_forward_dc,0,0.6092433814413375,0.2062586135128088,0.1844980050458537,0.4468384074941452,0.2337236533957845,0.3194379391100702,2025-11-01T00:00:00+00:00,4270,2025-10-26T16:30:00+00:00,False
ENG_PL::28877,2025-11-02 14:00:00+00:00,2025,walk_forward_dc,0,0.2043046730583509,0.2284205705227394,0.5672747564189098,0.4470423193827449,0.2335749357025952,0.3193827449146598,2025-11-02T00:00:00+00:00,4277,2025-11-01T20:00:00+00:00,False
ENG_PL::28873,2025-11-02 16:30:00+00:00,2025,walk_forward_dc,0,0.5491223319223837,0.2338303417413074,0.2170473263363087,0.4470423193827449,0.2335749357025952,0.3193827449146598,2025-11-02T00:00:00+00:00,4277,2025-11-01T20:00:00+00:00,False
ENG_PL::28875,2025-11-03 20:00:00+00:00,2025,walk_forward_dc,1,0.3732128469746388,0.3119718864904759,0.314815266534885,0.4473007712082262,0.233465763028745,0.3192334657630287,2025-11-03T00:00:00+00:00,4279,2025-11-02T16:30:00+00:00,False
ENG_PL::28886,2025-11-08 12:30:00+00:00,2025,walk_forward_dc,1,0.402149505345252,0.2395238295826408,0.3583266650721069,0.4471962616822429,0.2336448598130841,0.3191588785046729,2025-11-08T00:00:00+00:00,4280,2025-11-03T20:00:00+00:00,False
ENG_PL::28887,2025-11-08 15:00:00+00:00,2025,walk_forward_dc,0,0.4975038440732636,0.253141887134295,0.2493542687924415,0.4471962616822429,0.2336448598130841,0.3191588785046729,2025-11-08T00:00:00+00:00,4280,2025-11-03T20:00:00+00:00,False
ENG_PL::28882,2025-11-08 15:00:00+00:00,2025,walk_forward_dc,0,0.3749408241790603,0.2871158068953541,0.3379433689255856,0.4471962616822429,0.2336448598130841,0.3191588785046729,2025-11-08T00:00:00+00:00,4280,2025-11-03T20:00:00+00:00,False
ENG_PL::28885,2025-11-08 17:30:00+00:00,2025,walk_forward_dc,1,0.1914133729234615,0.2843941449821025,0.524192482094436,0.4471962616822429,0.2336448598130841,0.3191588785046729,2025-11-08T00:00:00+00:00,4280,2025-11-03T20:00:00+00:00,False
ENG_PL::28880,2025-11-08 20:00:00+00:00,2025,walk_forward_dc,0,0.6105581237417239,0.2207812405164387,0.1686606357418373,0.4471962616822429,0.2336448598130841,0.3191588785046729,2025-11-08T00:00:00+00:00,4280,2025-11-03T20:00:00+00:00,False
ENG_PL::28878,2025-11-09 14:00:00+00:00,2025,walk_forward_dc,0,0.3836131137582327,0.2654583800259196,0.3509285062158475,0.4473745624270712,0.2338389731621937,0.3187864644107351,2025-11-09T00:00:00+00:00,4285,2025-11-08T20:00:00+00:00,False
ENG_PL::28879,2025-11-09 14:00:00+00:00,2025,walk_forward_dc,0,0.3721527481231879,0.2519338880867712,0.3759133637900408,0.4473745624270712,0.2338389731621937,0.3187864644107351,2025-11-09T00:00:00+00:00,4285,2025-11-08T20:00:00+00:00,False
ENG_PL::28881,2025-11-09 14:00:00+00:00,2025,walk_forward_dc,1,0.4509354534294453,0.2482179011451872,0.3008466454253675,0.4473745624270712,0.2338389731621937,0.3187864644107351,2025-11-09T00:00:00+00:00,4285,2025-11-08T20:00:00+00:00,False
ENG_PL::28884,2025-11-09 14:00:00+00:00,2025,walk_forward_dc,0,0.3749226675221438,0.2886356121232954,0.3364417203545609,0.4473745624270712,0.2338389731621937,0.3187864644107351,2025-11-09T00:00:00+00:00,4285,2025-11-08T20:00:00+00:00,False
ENG_PL::28883,2025-11-09 16:30:00+00:00,2025,walk_forward_dc,0,0.4428454926354551,0.2377746323364626,0.319379875028082,0.4473745624270712,0.2338389731621937,0.3187864644107351,2025-11-09T00:00:00+00:00,4285,2025-11-08T20:00:00+00:00,False
ENG_PL::28891,2025-11-22 12:30:00+00:00,2025,walk_forward_dc,2,0.1696519783176332,0.2004131291481128,0.629934892534254,0.4477855477855478,0.2337995337995338,0.3184149184149184,2025-11-22T00:00:00+00:00,4290,2025-11-09T16:30:00+00:00,False
ENG_PL::28897,2025-11-22 15:00:00+00:00,2025,walk_forward_dc,2,0.2621865534158809,0.2592300959899717,0.4785833505941474,0.4477855477855478,0.2337995337995338,0.3184149184149184,2025-11-22T00:00:00+00:00,4290,2025-11-09T16:30:00+00:00,False
ENG_PL::28894,2025-11-22 15:00:00+00:00,2025,walk_forward_dc,2,0.6742012739057252,0.1882721737758449,0.1375265523184298,0.4477855477855478,0.2337995337995338,0.3184149184149184,2025-11-22T00:00:00+00:00,4290,2025-11-09T16:30:00+00:00,False
ENG_PL::28888,2025-11-22 15:00:00+00:00,2025,walk_forward_dc,1,0.5969354282625523,0.2183458140019016,0.1847187577355462,0.4477855477855478,0.2337995337995338,0.3184149184149184,2025-11-22T00:00:00+00:00,4290,2025-11-09T16:30:00+00:00,False
ENG_PL::28890,2025-11-22 15:00:00+00:00,2025,walk_forward_dc,0,0.4244938477479243,0.2556526399298061,0.3198535123222697,0.4477855477855478,0.2337995337995338,0.3184149184149184,2025-11-22T00:00:00+00:00,4290,2025-11-09T16:30:00+00:00,False
ENG_PL::28892,2025-11-22 15:00:00+00:00,2025,walk_forward_dc,0,0.445926158493714,0.2920273243093622,0.2620465171969235,0.4477855477855478,0.2337995337995338,0.3184149184149184,2025-11-22T00:00:00+00:00,4290,2025-11-09T16:30:00+00:00,False
ENG_PL::28896,2025-11-22 17:30:00+00:00,2025,walk_forward_dc,0,0.3550635342234543,0.2580710276466548,0.3868654381298908,0.4477855477855478,0.2337995337995338,0.3184149184149184,2025-11-22T00:00:00+00:00,4290,2025-11-09T16:30:00+00:00,False
ENG_PL::28893,2025-11-23 14:00:00+00:00,2025,walk_forward_dc,2,0.3690554434313619,0.2858016297487805,0.3451429268198575,0.4477542471491738,0.2336513846869909,0.3185943681638352,2025-11-23T00:00:00+00:00,4297,2025-11-22T17:30:00+00:00,False
ENG_PL::28889,2025-11-23 16:30:00+00:00,2025,walk_forward_dc,0,0.6775094982997141,0.1938372163369173,0.1286532853633685,0.4477542471491738,0.2336513846869909,0.3185943681638352,2025-11-23T00:00:00+00:00,4297,2025-11-22T17:30:00+00:00,False
ENG_PL::28895,2025-11-24 20:00:00+00:00,2025,walk_forward_dc,2,0.4442029717544481,0.2599496754625116,0.2958473527830401,0.4477785531518958,0.2335426843451965,0.3186787625029076,2025-11-24T00:00:00+00:00,4299,2025-11-23T16:30:00+00:00,False
ENG_PL::28899,2025-11-29 15:00:00+00:00,2025,walk_forward_dc,0,0.6901975447606435,0.1848355399248512,0.1249669153145051,0.4476744186046512,0.2334883720930232,0.3188372093023255,2025-11-29T00:00:00+00:00,4300,2025-11-24T20:00:00+00:00,False
ENG_PL::28903,2025-11-29 15:00:00+00:00,2025,walk_forward_dc,0,0.6238117366083747,0.219622468415472,0.1565657949761531,0.4476744186046512,0.2334883720930232,0.3188372093023255,2025-11-29T00:00:00+00:00,4300,2025-11-24T20:00:00+00:00,False
ENG_PL::28905,2025-11-29 15:00:00+00:00,2025,walk_forward_dc,0,0.285904232555747,0.2754028555024229,0.4386929119418299,0.4476744186046512,0.2334883720930232,0.3188372093023255,2025-11-29T00:00:00+00:00,4300,2025-11-24T20:00:00+00:00,False
ENG_PL::28902,2025-11-29 17:30:00+00:00,2025,walk_forward_dc,2,0.3117065365942832,0.2653594421601147,0.422934021245602,0.4476744186046512,0.2334883720930232,0.3188372093023255,2025-11-29T00:00:00+00:00,4300,2025-11-24T20:00:00+00:00,False
ENG_PL::28906,2025-11-29 20:00:00+00:00,2025,walk_forward_dc,2,0.385074523409281,0.2614488287876588,0.3534766478030601,0.4476744186046512,0.2334883720930232,0.3188372093023255,2025-11-29T00:00:00+00:00,4300,2025-11-24T20:00:00+00:00,False
ENG_PL::28901,2025-11-30 12:00:00+00:00,2025,walk_forward_dc,2,0.4843978966461565,0.2359489064806992,0.2796531968731444,0.4478513356562137,0.2332171893147503,0.318931475029036,2025-11-30T00:00:00+00:00,4305,2025-11-29T20:00:00+00:00,False
ENG_PL::28904,2025-11-30 14:05:00+00:00,2025,walk_forward_dc,2,0.3351537744959524,0.2744156174741805,0.3904306080298668,0.4478513356562137,0.2332171893147503,0.318931475029036,2025-11-30T00:00:00+00:00,4305,2025-11-29T20:00:00+00:00,False
ENG_PL::28898,2025-11-30 14:05:00+00:00,2025,walk_forward_dc,0,0.5284435513399945,0.2562222804139832,0.2153341682460221,0.4478513356562137,0.2332171893147503,0.318931475029036,2025-11-30T00:00:00+00:00,4305,2025-11-29T20:00:00+00:00,False
ENG_PL::28907,2025-11-30 14:05:00+00:00,2025,walk_forward_dc,2,0.1660881897414471,0.1947313064884128,0.6391805037701399,0.4478513356562137,0.2332171893147503,0.318931475029036,2025-11-30T00:00:00+00:00,4305,2025-11-29T20:00:00+00:00,False
ENG_PL::28900,2025-11-30 16:30:00+00:00,2025,walk_forward_dc,1,0.3012437310926807,0.2599697898087636,0.4387864790985558,0.4478513356562137,0.2332171893147503,0.318931475029036,2025-11-30T00:00:00+00:00,4305,2025-11-29T20:00:00+00:00,False
ENG_PL::28912,2025-12-02 19:30:00+00:00,2025,walk_forward_dc,2,0.2679145191053957,0.2583137827644494,0.4737716981301548,0.4475638051044083,0.2331786542923433,0.3192575406032482,2025-12-02T00:00:00+00:00,4310,2025-11-30T16:30:00+00:00,False
ENG_PL::28908,2025-12-02 19:30:00+00:00,2025,walk_forward_dc,2,0.5077702975185439,0.2521156359053195,0.2401140665761367,0.4475638051044083,0.2331786542923433,0.3192575406032482,2025-12-02T00:00:00+00:00,4310,2025-11-30T16:30:00+00:00,False
ENG_PL::28916,2025-12-02 20:15:00+00:00,2025,walk_forward_dc,1,0.5766017734869394,0.2163796783273698,0.2070185481856908,0.4475638051044083,0.2331786542923433,0.3192575406032482,2025-12-02T00:00:00+00:00,4310,2025-11-30T16:30:00+00:00,False
ENG_PL::28909,2025-12-03 19:30:00+00:00,2025,walk_forward_dc,0,0.5865852889207103,0.2331835099670104,0.1802312011122793,0.4472524924646417,0.2332483190354741,0.319499188499884,2025-12-03T00:00:00+00:00,4313,2025-12-02T20:15:00+00:00,False
ENG_PL::28910,2025-12-03 19:30:00+00:00,2025,walk_forward_dc,2,0.4671313477792623,0.2595999218160419,0.2732687304046958,0.4472524924646417,0.2332483190354741,0.319499188499884,2025-12-03T00:00:00+00:00,4313,2025-12-02T20:15:00+00:00,False
ENG_PL::28911,2025-12-03 19:30:00+00:00,2025,walk_forward_dc,2,0.1836863222818281,0.2149977766563529,0.6013159010618191,0.4472524924646417,0.2332483190354741,0.319499188499884,2025-12-03T00:00:00+00:00,4313,2025-12-02T20:15:00+00:00,False
ENG_PL::28917,2025-12-03 19:30:00+00:00,2025,walk_forward_dc,2,0.3474319302642464,0.2853331666548478,0.367234903080906,0.4472524924646417,0.2332483190354741,0.319499188499884,2025-12-03T00:00:00+00:00,4313,2025-12-02T20:15:00+00:00,False
ENG_PL::28913,2025-12-03 20:15:00+00:00,2025,walk_forward_dc,0,0.2816372466023227,0.2508085053084308,0.4675542480892461,0.4472524924646417,0.2332483190354741,0.319499188499884,2025-12-03T00:00:00+00:00,4313,2025-12-02T20:15:00+00:00,False
ENG_PL::28914,2025-12-03 20:15:00+00:00,2025,walk_forward_dc,1,0.7137406331522304,0.1787879561817379,0.1074714106660317,0.4472524924646417,0.2332483190354741,0.319499188499884,2025-12-03T00:00:00+00:00,4313,2025-12-02T20:15:00+00:00,False
ENG_PL::28915,2025-12-04 20:00:00+00:00,2025,walk_forward_dc,1,0.5788037298776214,0.2210872489548584,0.2001090211675201,0.4470942347765687,0.2331558231072007,0.3197499421162306,2025-12-04T00:00:00+00:00,4319,2025-12-03T20:15:00+00:00,False
ENG_PL::28919,2025-12-06 12:30:00+00:00,2025,walk_forward_dc,0,0.2158595405223189,0.2545237724995793,0.5296166869781017,0.4469907407407407,0.2333333333333333,0.3196759259259259,2025-12-06T00:00:00+00:00,4320,2025-12-04T20:00:00+00:00,False
ENG_PL::28926,2025-12-06 15:00:00+00:00,2025,walk_forward_dc,0,0.350439976633048,0.2486118073083497,0.4009482160586023,0.4469907407407407,0.2333333333333333,0.3196759259259259,2025-12-06T00:00:00+00:00,4320,2025-12-04T20:00:00+00:00,False
ENG_PL::28924,2025-12-06 15:00:00+00:00,2025,walk_forward_dc,0,0.6790387788160367,0.20317450019531,0.1177867209886531,0.4469907407407407,0.2333333333333333,0.3196759259259259,2025-12-06T00:00:00+00:00,4320,2025-12-04T20:00:00+00:00,False
ENG_PL::28925,2025-12-06 15:00:00+00:00,2025,walk_forward_dc,0,0.7320090033201107,0.1659945985848709,0.1019963980950183,0.4469907407407407,0.2333333333333333,0.3196759259259259,2025-12-06T00:00:00+00:00,4320,2025-12-04T20:00:00+00:00,False
ENG_PL::28918,2025-12-06 15:00:00+00:00,2025,walk_forward_dc,1,0.3861858688635052,0.2463365705632602,0.3674775605732345,0.4469907407407407,0.2333333333333333,0.3196759259259259,2025-12-06T00:00:00+00:00,4320,2025-12-04T20:00:00+00:00,False
ENG_PL::28921,2025-12-06 15:00:00+00:00,2025,walk_forward_dc,0,0.4298998547584099,0.2779278211613742,0.2921723240802158,0.4469907407407407,0.2333333333333333,0.3196759259259259,2025-12-06T00:00:00+00:00,4320,2025-12-04T20:00:00+00:00,False
ENG_PL::28923,2025-12-06 17:30:00+00:00,2025,walk_forward_dc,1,0.2420322305341188,0.2370683599024746,0.5208994095634065,0.4469907407407407,0.2333333333333333,0.3196759259259259,2025-12-06T00:00:00+00:00,4320,2025-12-04T20:00:00+00:00,False
ENG_PL::28920,2025-12-07 14:00:00+00:00,2025,walk_forward_dc,1,0.5982676943279303,0.220022056930307,0.1817102487417628,0.4474231569216547,0.2334180725675988,0.3191587705107465,2025-12-07T00:00:00+00:00,4327,2025-12-06T17:30:00+00:00,False
ENG_PL::28922,2025-12-07 16:30:00+00:00,2025,walk_forward_dc,2,0.3855759542082946,0.2645637330025011,0.3498603127892043,0.4474231569216547,0.2334180725675988,0.3191587705107465,2025-12-07T00:00:00+00:00,4327,2025-12-06T17:30:00+00:00,False
ENG_PL::28927,2025-12-08 20:00:00+00:00,2025,walk_forward_dc,2,0.2983438588840297,0.2632448759344681,0.4384112651815022,0.4472164472164472,0.2335412335412335,0.3192423192423192,2025-12-08T00:00:00+00:00,4329,2025-12-07T16:30:00+00:00,False
ENG_PL::28931,2025-12-13 15:00:00+00:00,2025,walk_forward_dc,0,0.5370642086152213,0.2402774884698963,0.2226583029148823,0.4471131639722864,0.233487297921478,0.3193995381062355,2025-12-13T00:00:00+00:00,4330,2025-12-08T20:00:00+00:00,False
ENG_PL::28933,2025-12-13 15:00:00+00:00,2025,walk_forward_dc,0,0.5887643537761894,0.2118979814522309,0.1993376647715797,0.4471131639722864,0.233487297921478,0.3193995381062355,2025-12-13T00:00:00+00:00,4330,2025-12-08T20:00:00+00:00,False
ENG_PL::28930,2025-12-13 17:30:00+00:00,2025,walk_forward_dc,2,0.2415471904713089,0.2634606365614338,0.4949921729672571,0.4471131639722864,0.233487297921478,0.3193995381062355,2025-12-13T00:00:00+00:00,4330,2025-12-08T20:00:00+00:00,False
ENG_PL::28928,2025-12-13 20:00:00+00:00,2025,walk_forward_dc,0,0.7341100554256071,0.1786146806255376,0.0872752639488552,0.4471131639722864,0.233487297921478,0.3193995381062355,2025-12-13T00:00:00+00:00,4330,2025-12-08T20:00:00+00:00,False
ENG_PL::28936,2025-12-14 14:00:00+00:00,2025,walk_forward_dc,0,0.2359058076019136,0.2674415442959443,0.4966526481021421,0.4473927088140286,0.2332718043377941,0.3193354868481772,2025-12-14T00:00:00+00:00,4334,2025-12-13T20:00:00+00:00,False
ENG_PL::28937,2025-12-14 14:00:00+00:00,2025,walk_forward_dc,2,0.2923260968823898,0.2516207205073789,0.4560531826102311,0.4473927088140286,0.2332718043377941,0.3193354868481772,2025-12-14T00:00:00+00:00,4334,2025-12-13T20:00:00+00:00,False
ENG_PL::28932,2025-12-14 14:00:00+00:00,2025,walk_forward_dc,2,0.3035141541640065,0.2454436394554439,0.4510422063805496,0.4473927088140286,0.2332718043377941,0.3193354868481772,2025-12-14T00:00:00+00:00,4334,2025-12-13T20:00:00+00:00,False
ENG_PL::28935,2025-12-14 14:00:00+00:00,2025,walk_forward_dc,0,0.3816398267391496,0.2648019139623712,0.3535582592984791,0.4473927088140286,0.2332718043377941,0.3193354868481772,2025-12-14T00:00:00+00:00,4334,2025-12-13T20:00:00+00:00,False
ENG_PL::28929,2025-12-14 16:30:00+00:00,2025,walk_forward_dc,1,0.493020093147021,0.2521743078755079,0.2548055989774709,0.4473927088140286,0.2332718043377941,0.3193354868481772,2025-12-14T00:00:00+00:00,4334,2025-12-13T20:00:00+00:00,False
ENG_PL::28934,2025-12-15 20:00:00+00:00,2025,walk_forward_dc,1,0.4114521459180699,0.2485557276909641,0.339992126390966,0.4473380963355612,0.2332334639317815,0.3194284397326573,2025-12-15T00:00:00+00:00,4339,2025-12-14T16:30:00+00:00,False
ENG_PL::28945,2025-12-20 12:30:00+00:00,2025,walk_forward_dc,1,0.4280868470211863,0.2438856456843078,0.3280275072945057,0.4472350230414746,0.2334101382488479,0.3193548387096774,2025-12-20T00:00:00+00:00,4340,2025-12-15T20:00:00+00:00,False
ENG_PL::28940,2025-12-20 15:00:00+00:00,2025,walk_forward_dc,1,0.5345610051340406,0.2631496257675913,0.2022893690983682,0.4472350230414746,0.2334101382488479,0.3193548387096774,2025-12-20T00:00:00+00:00,4340,2025-12-15T20:00:00+00:00,False
ENG_PL::28944,2025-12-20 15:00:00+00:00,2025,walk_forward_dc,0,0.724499059835524,0.1685191002255515,0.1069818399389244,0.4472350230414746,0.2334101382488479,0.3193548387096774,2025-12-20T00:00:00+00:00,4340,2025-12-15T20:00:00+00:00,False
ENG_PL::28947,2025-12-20 15:00:00+00:00,2025,walk_forward_dc,2,0.2698958164220223,0.2630368249676006,0.467067358610377,0.4472350230414746,0.2334101382488479,0.3193548387096774,2025-12-20T00:00:00+00:00,4340,2025-12-15T20:00:00+00:00,False
ENG_PL::28938,2025-12-20 15:00:00+00:00,2025,walk_forward_dc,1,0.664021692993499,0.1950928946712853,0.1408854123352158,0.4472350230414746,0.2334101382488479,0.3193548387096774,2025-12-20T00:00:00+00:00,4340,2025-12-15T20:00:00+00:00,False
ENG_PL::28946,2025-12-20 17:30:00+00:00,2025,walk_forward_dc,2,0.2433957035574619,0.2203254566161028,0.5362788398264351,0.4472350230414746,0.2334101382488479,0.3193548387096774,2025-12-20T00:00:00+00:00,4340,2025-12-15T20:00:00+00:00,False
ENG_PL::28943,2025-12-20 20:00:00+00:00,2025,walk_forward_dc,0,0.357621564973035,0.2654055122025189,0.3769729228244461,0.4472350230414746,0.2334101382488479,0.3193548387096774,2025-12-20T00:00:00+00:00,4340,2025-12-15T20:00:00+00:00,False
ENG_PL::28941,2025-12-20 20:00:00+00:00,2025,walk_forward_dc,2,0.2043912496824282,0.2574409567107362,0.5381677936068356,0.4472350230414746,0.2334101382488479,0.3193548387096774,2025-12-20T00:00:00+00:00,4340,2025-12-15T20:00:00+00:00,False
ENG_PL::28939,2025-12-21 16:30:00+00:00,2025,walk_forward_dc,0,0.4151137300432276,0.2454607329922505,0.3394255369645219,0.4468721251149954,0.233670653173873,0.3194572217111315,2025-12-21T00:00:00+00:00,4348,2025-12-20T20:00:00+00:00,False
ENG_PL::28942,2025-12-22 20:00:00+00:00,2025,walk_forward_dc,0,0.4459754202089018,0.2743123130751626,0.2797122667159356,0.4469993101862497,0.2336169234306737,0.3193837663830766,2025-12-22T00:00:00+00:00,4349,2025-12-21T16:30:00+00:00,False
ENG_PL::28954,2025-12-26 20:00:00+00:00,2025,walk_forward_dc,0,0.3734098967925033,0.2441665635457201,0.3824235396617764,0.4471264367816092,0.2335632183908046,0.3193103448275862,2025-12-26T00:00:00+00:00,4350,2025-12-22T20:00:00+00:00,False
ENG_PL::28955,2025-12-27 12:30:00+00:00,2025,walk_forward_dc,2,0.2239973686281306,0.2450342478350952,0.5309683835367742,0.4472535049413927,0.2335095380372328,0.3192369570213744,2025-12-27T00:00:00+00:00,4351,2025-12-26T20:00:00+00:00,False
ENG_PL::28949,2025-12-27 15:00:00+00:00,2025,walk_forward_dc,0,0.4219430586098412,0.252065035841846,0.3259919055483127,0.4472535049413927,0.2335095380372328,0.3192369570213744,2025-12-27T00:00:00+00:00,4351,2025-12-26T20:00:00+00:00,False
ENG_PL::28948,2025-12-27 15:00:00+00:00,2025,walk_forward_dc,0,0.6136786551865181,0.2236048730963944,0.1627164717170874,0.4472535049413927,0.2335095380372328,0.3192369570213744,2025-12-27T00:00:00+00:00,4351,2025-12-26T20:00:00+00:00,False
ENG_PL::28957,2025-12-27 15:00:00+00:00,2025,walk_forward_dc,2,0.3156313721320847,0.2674848128073808,0.4168838150605344,0.4472535049413927,0.2335095380372328,0.3192369570213744,2025-12-27T00:00:00+00:00,4351,2025-12-26T20:00:00+00:00,False
ENG_PL::28950,2025-12-27 15:00:00+00:00,2025,walk_forward_dc,1,0.2750017880612099,0.271265540826747,0.4537326711120429,0.4472535049413927,0.2335095380372328,0.3192369570213744,2025-12-27T00:00:00+00:00,4351,2025-12-26T20:00:00+00:00,False
ENG_PL::28953,2025-12-27 15:00:00+00:00,2025,walk_forward_dc,0,0.7294760593016301,0.1689534254455547,0.1015705152528153,0.4472535049413927,0.2335095380372328,0.3192369570213744,2025-12-27T00:00:00+00:00,4351,2025-12-26T20:00:00+00:00,False
ENG_PL::28951,2025-12-27 17:30:00+00:00,2025,walk_forward_dc,2,0.5099084439248865,0.2327033214674843,0.257388234607629,0.4472535049413927,0.2335095380372328,0.3192369570213744,2025-12-27T00:00:00+00:00,4351,2025-12-26T20:00:00+00:00,False
ENG_PL::28956,2025-12-28 14:00:00+00:00,2025,walk_forward_dc,1,0.3113407817506232,0.302445920288543,0.3862132979608337,0.4472234970169803,0.2333639284075264,0.3194125745754933,2025-12-28T00:00:00+00:00,4358,2025-12-27T17:30:00+00:00,False
ENG_PL::28952,2025-12-28 16:30:00+00:00,2025,walk_forward_dc,2,0.5042340155545137,0.2369114521317448,0.2588545323137413,0.4472234970169803,0.2333639284075264,0.3194125745754933,2025-12-28T00:00:00+00:00,4358,2025-12-27T17:30:00+00:00,False
ENG_PL::28967,2025-12-30 19:30:00+00:00,2025,walk_forward_dc,1,0.2906328185958194,0.2505583724029175,0.4588088090012628,0.4470183486238532,0.2334862385321101,0.3194954128440367,2025-12-30T00:00:00+00:00,4360,2025-12-28T16:30:00+00:00,False
ENG_PL::28961,2025-12-30 19:30:00+00:00,2025,walk_forward_dc,1,0.4764468229016078,0.2333520377653144,0.2902011393330779,0.4470183486238532,0.2334862385321101,0.3194954128440367,2025-12-30T00:00:00+00:00,4360,2025-12-28T16:30:00+00:00,False
ENG_PL::28965,2025-12-30 19:30:00+00:00,2025,walk_forward_dc,2,0.3918963728281135,0.2885435278414039,0.3195600993304825,0.4470183486238532,0.2334862385321101,0.3194954128440367,2025-12-30T00:00:00+00:00,4360,2025-12-28T16:30:00+00:00,False
ENG_PL::28960,2025-12-30 19:30:00+00:00,2025,walk_forward_dc,2,0.1856669317611617,0.2268202575814225,0.5875128106574157,0.4470183486238532,0.2334862385321101,0.3194954128440367,2025-12-30T00:00:00+00:00,4360,2025-12-28T16:30:00+00:00,False
ENG_PL::28964,2025-12-30 20:15:00+00:00,2025,walk_forward_dc,1,0.5826844849311835,0.2306164802573766,0.1866990348114399,0.4470183486238532,0.2334862385321101,0.3194954128440367,2025-12-30T00:00:00+00:00,4360,2025-12-28T16:30:00+00:00,False
ENG_PL::28958,2025-12-30 20:15:00+00:00,2025,walk_forward_dc,0,0.6245404629745137,0.2204784785794882,0.154981058445998,0.4470183486238532,0.2334862385321101,0.3194954128440367,2025-12-30T00:00:00+00:00,4360,2025-12-28T16:30:00+00:00,False
ENG_PL::28962,2026-01-01 17:30:00+00:00,2025,walk_forward_dc,1,0.4674997125134467,0.2620753113760596,0.2704249761104935,0.4466330737517178,0.2338524965643609,0.3195144296839212,2026-01-01T00:00:00+00:00,4366,2025-12-30T20:15:00+00:00,False
ENG_PL::28963,2026-01-01 17:30:00+00:00,2025,walk_forward_dc,1,0.5678078825686398,0.2235035773167626,0.2086885401145976,0.4466330737517178,0.2338524965643609,0.3195144296839212,2026-01-01T00:00:00+00:00,4366,2025-12-30T20:15:00+00:00,False
ENG_PL::28959,2026-01-01 20:00:00+00:00,2025,walk_forward_dc,1,0.4883382489711085,0.2422763645656584,0.2693853864632329,0.4466330737517178,0.2338524965643609,0.3195144296839212,2026-01-01T00:00:00+00:00,4366,2025-12-30T20:15:00+00:00,False
ENG_PL::28966,2026-01-01 20:00:00+00:00,2025,walk_forward_dc,1,0.1769233054993795,0.2483335997028392,0.5747430947977812,0.4466330737517178,0.2338524965643609,0.3195144296839212,2026-01-01T00:00:00+00:00,4366,2025-12-30T20:15:00+00:00,False
ENG_PL::28972,2026-01-03 12:30:00+00:00,2025,walk_forward_dc,0,0.4836973193017144,0.2558129761714516,0.260489704526834,0.4462242562929062,0.2345537757437071,0.3192219679633867,2026-01-03T00:00:00+00:00,4370,2026-01-01T20:00:00+00:00,False
ENG_PL::28970,2026-01-03 15:00:00+00:00,2025,walk_forward_dc,0,0.402668432264036,0.2803064203142154,0.3170251474217486,0.4462242562929062,0.2345537757437071,0.3192219679633867,2026-01-03T00:00:00+00:00,4370,2026-01-01T20:00:00+00:00,False
ENG_PL::28973,2026-01-03 15:00:00+00:00,2025,walk_forward_dc,0,0.6310262145439998,0.2108660697549693,0.1581077157010308,0.4462242562929062,0.2345537757437071,0.3192219679633867,2026-01-03T00:00:00+00:00,4370,2026-01-01T20:00:00+00:00,False
ENG_PL::28971,2026-01-03 17:30:00+00:00,2025,walk_forward_dc,2,0.2693358011433247,0.2526462569175516,0.4780179419391235,0.4462242562929062,0.2345537757437071,0.3192219679633867,2026-01-03T00:00:00+00:00,4370,2026-01-01T20:00:00+00:00,False
ENG_PL::28976,2026-01-04 12:30:00+00:00,2025,walk_forward_dc,1,0.4348204188844268,0.2548102858289106,0.3103692952866627,0.4465020576131687,0.2343392775491541,0.3191586648376772,2026-01-04T00:00:00+00:00,4374,2026-01-03T17:30:00+00:00,False
ENG_PL::28974,2026-01-04 15:00:00+00:00,2025,walk_forward_dc,2,0.3595178463257985,0.2710978332297017,0.3693843204445002,0.4465020576131687,0.2343392775491541,0.3191586648376772,2026-01-04T00:00:00+00:00,4374,2026-01-03T17:30:00+00:00,False
ENG_PL::28968,2026-01-04 15:00:00+00:00,2025,walk_forward_dc,0,0.4871968855610103,0.2437825599346764,0.2690205545043131,0.4465020576131687,0.2343392775491541,0.3191586648376772,2026-01-04T00:00:00+00:00,4374,2026-01-03T17:30:00+00:00,False
ENG_PL::28969,2026-01-04 15:00:00+00:00,2025,walk_forward_dc,1,0.5030833698300425,0.2697741724667909,0.2271424577031666,0.4465020576131687,0.2343392775491541,0.3191586648376772,2026-01-04T00:00:00+00:00,4374,2026-01-03T17:30:00+00:00,False
ENG_PL::28975,2026-01-04 15:15:00+00:00,2025,walk_forward_dc,1,0.2589264968917018,0.2475532999579744,0.4935202031503237,0.4465020576131687,0.2343392775491541,0.3191586648376772,2026-01-04T00:00:00+00:00,4374,2026-01-03T17:30:00+00:00,False
ENG_PL::28977,2026-01-04 17:30:00+00:00,2025,walk_forward_dc,1,0.5729487831816881,0.2138712458993474,0.2131799709189644,0.4465020576131687,0.2343392775491541,0.3191586648376772,2026-01-04T00:00:00+00:00,4374,2026-01-03T17:30:00+00:00,False
ENG_PL::28987,2026-01-06 20:00:00+00:00,2025,walk_forward_dc,2,0.3451647227294288,0.2747154929351285,0.3801197843354426,0.4461187214611872,0.234931506849315,0.3189497716894977,2026-01-06T00:00:00+00:00,4380,2026-01-04T17:30:00+00:00,False
ENG_PL::28984,2026-01-07 19:30:00+00:00,2025,walk_forward_dc,0,0.3417190781810535,0.256008660294324,0.4022722615246223,0.4460168911207487,0.2348778817621547,0.3191052271170965,2026-01-07T00:00:00+00:00,4381,2026-01-06T20:00:00+00:00,False
ENG_PL::28985,2026-01-07 19:30:00+00:00,2025,walk_forward_dc,1,0.5856494012370288,0.2213967780149265,0.1929538207480448,0.4460168911207487,0.2348778817621547,0.3191052271170965,2026-01-07T00:00:00+00:00,4381,2026-01-06T20:00:00+00:00,False
ENG_PL::28983,2026-01-07 19:30:00+00:00,2025,walk_forward_dc,1,0.4558175252616779,0.2429536858965411,0.3012287888417809,0.4460168911207487,0.2348778817621547,0.3191052271170965,2026-01-07T00:00:00+00:00,4381,2026-01-06T20:00:00+00:00,False
ENG_PL::28979,2026-01-07 19:30:00+00:00,2025,walk_forward_dc,0,0.5052310607720572,0.2406584671037958,0.2541104721241468,0.4460168911207487,0.2348778817621547,0.3191052271170965,2026-01-07T00:00:00+00:00,4381,2026-01-06T20:00:00+00:00,False
ENG_PL::28981,2026-01-07 19:30:00+00:00,2025,walk_forward_dc,0,0.5704022201211524,0.2476997606296851,0.1818980192491624,0.4460168911207487,0.2348778817621547,0.3191052271170965,2026-01-07T00:00:00+00:00,4381,2026-01-06T20:00:00+00:00,False
ENG_PL::28978,2026-01-07 19:30:00+00:00,2025,walk_forward_dc,1,0.4738046960233967,0.2813928713327983,0.2448024326438048,0.4460168911207487,0.2348778817621547,0.3191052271170965,2026-01-07T00:00:00+00:00,4381,2026-01-06T20:00:00+00:00,False
ENG_PL::28986,2026-01-07 20:15:00+00:00,2025,walk_forward_dc,0,0.5068265135703148,0.2498728606977485,0.2433006257319366,0.4460168911207487,0.2348778817621547,0.3191052271170965,2026-01-07T00:00:00+00:00,4381,2026-01-06T20:00:00+00:00,False
ENG_PL::28982,2026-01-07 20:15:00+00:00,2025,walk_forward_dc,1,0.2281178059951932,0.2355986231776047,0.536283570827202,0.4460168911207487,0.2348778817621547,0.3191052271170965,2026-01-07T00:00:00+00:00,4381,2026-01-06T20:00:00+00:00,False
ENG_PL::28980,2026-01-08 20:00:00+00:00,2025,walk_forward_dc,1,0.4782671451449055,0.2500960059067398,0.2716368489483545,0.4461152882205513,0.2353611300979722,0.3185235816814764,2026-01-08T00:00:00+00:00,4389,2026-01-07T20:15:00+00:00,False
ENG_PL::28993,2026-01-17 12:30:00+00:00,2025,walk_forward_dc,0,0.3036355538033537,0.2416105225928477,0.4547539236037987,0.4460136674259681,0.2355353075170843,0.3184510250569476,2026-01-17T00:00:00+00:00,4390,2026-01-08T20:00:00+00:00,False
ENG_PL::28990,2026-01-17 15:00:00+00:00,2025,walk_forward_dc,0,0.4707320454702472,0.231879569287783,0.2973883852419698,0.4460136674259681,0.2355353075170843,0.3184510250569476,2026-01-17T00:00:00+00:00,4390,2026-01-08T20:00:00+00:00,False
ENG_PL::28996,2026-01-17 15:00:00+00:00,2025,walk_forward_dc,2,0.5377932245811601,0.2399532298193359,0.222253545599504,0.4460136674259681,0.2355353075170843,0.3184510250569476,2026-01-17T00:00:00+00:00,4390,2026-01-08T20:00:00+00:00,False
ENG_PL::28995,2026-01-17 15:00:00+00:00,2025,walk_forward_dc,0,0.2569874811509092,0.2673668804213392,0.4756456384277514,0.4460136674259681,0.2355353075170843,0.3184510250569476,2026-01-17T00:00:00+00:00,4390,2026-01-08T20:00:00+00:00,False
ENG_PL::28992,2026-01-17 15:00:00+00:00,2025,walk_forward_dc,1,0.7929327902825765,0.1365858134446765,0.0704813962727469,0.4460136674259681,0.2355353075170843,0.3184510250569476,2026-01-17T00:00:00+00:00,4390,2026-01-08T20:00:00+00:00,False
ENG_PL::28991,2026-01-17 15:00:00+00:00,2025,walk_forward_dc,0,0.453978372999912,0.271725701047607,0.2742959259524808,0.4460136674259681,0.2355353075170843,0.3184510250569476,2026-01-17T00:00:00+00:00,4390,2026-01-08T20:00:00+00:00,False
ENG_PL::28994,2026-01-17 17:30:00+00:00,2025,walk_forward_dc,1,0.1848745181225612,0.2513744319841837,0.563751049893255,0.4460136674259681,0.2355353075170843,0.3184510250569476,2026-01-17T00:00:00+00:00,4390,2026-01-08T20:00:00+00:00,False
ENG_PL::28997,2026-01-18 14:00:00+00:00,2025,walk_forward_dc,1,0.2304840743897696,0.2620449342805538,0.5074709913296764,0.4462133272685922,0.2356151921764839,0.3181714805549238,2026-01-18T00:00:00+00:00,4397,2026-01-17T17:30:00+00:00,False
ENG_PL::28988,2026-01-18 16:30:00+00:00,2025,walk_forward_dc,2,0.4874785758218488,0.2549041847683607,0.2576172394097904,0.4462133272685922,0.2356151921764839,0.3181714805549238,2026-01-18T00:00:00+00:00,4397,2026-01-17T17:30:00+00:00,False
ENG_PL::28989,2026-01-19 20:00:00+00:00,2025,walk_forward_dc,1,0.4034597937111755,0.2540915223196282,0.3424486839691962,0.4460104569220277,0.2357353944078199,0.3182541486701523,2026-01-19T00:00:00+00:00,4399,2026-01-18T16:30:00+00:00,False
ENG_PL::29007,2026-01-24 12:30:00+00:00,2025,walk_forward_dc,0,0.439525821938196,0.277338765005257,0.283135413056547,0.4459090909090909,0.2359090909090909,0.3181818181818182,2026-01-24T00:00:00+00:00,4400,2026-01-19T20:00:00+00:00,False
ENG_PL::29005,2026-01-24 15:00:00+00:00,2025,walk_forward_dc,0,0.680436345476554,0.2003955537132941,0.1191681008101518,0.4459090909090909,0.2359090909090909,0.3181818181818182,2026-01-24T00:00:00+00:00,4400,2026-01-19T20:00:00+00:00,False
ENG_PL::29001,2026-01-24 15:00:00+00:00,2025,walk_forward_dc,1,0.2555434863102528,0.2574679817160077,0.4869885319737395,0.4459090909090909,0.2359090909090909,0.3181818181818182,2026-01-24T00:00:00+00:00,4400,2026-01-19T20:00:00+00:00,False
ENG_PL::29004,2026-01-24 15:00:00+00:00,2025,walk_forward_dc,0,0.3689455290728787,0.2747180492187726,0.3563364217083487,0.4459090909090909,0.2359090909090909,0.3181818181818182,2026-01-24T00:00:00+00:00,4400,2026-01-19T20:00:00+00:00,False
ENG_PL::28998,2026-01-24 17:30:00+00:00,2025,walk_forward_dc,0,0.3119741186309908,0.2457460149919871,0.4422798663770221,0.4459090909090909,0.2359090909090909,0.3181818181818182,2026-01-24T00:00:00+00:00,4400,2026-01-19T20:00:00+00:00,False
ENG_PL::29006,2026-01-25 14:00:00+00:00,2025,walk_forward_dc,2,0.5144494836419142,0.2396010395285485,0.2459494768295373,0.446311010215664,0.2358683314415437,0.3178206583427923,2026-01-25T00:00:00+00:00,4405,2026-01-24T17:30:00+00:00,False
ENG_PL::29002,2026-01-25 14:00:00+00:00,2025,walk_forward_dc,2,0.3925366288740089,0.2397779857535837,0.3676853853724073,0.446311010215664,0.2358683314415437,0.3178206583427923,2026-01-25T00:00:00+00:00,4405,2026-01-24T17:30:00+00:00,False
ENG_PL::29000,2026-01-25 14:00:00+00:00,2025,walk_forward_dc,2,0.5532481205241974,0.2407812795305711,0.2059705999452315,0.446311010215664,0.2358683314415437,0.3178206583427923,2026-01-25T00:00:00+00:00,4405,2026-01-24T17:30:00+00:00,False
ENG_PL::28999,2026-01-25 16:30:00+00:00,2025,walk_forward_dc,2,0.614559919962875,0.2172118350939104,0.1682282449432144,0.446311010215664,0.2358683314415437,0.3178206583427923,2026-01-25T00:00:00+00:00,4405,2026-01-24T17:30:00+00:00,False
ENG_PL::29003,2026-01-26 20:00:00+00:00,2025,walk_forward_dc,1,0.3450707786183411,0.2829491733289066,0.3719800480527522,0.4459061011567248,0.2356543433885234,0.3184395554547516,2026-01-26T00:00:00+00:00,4409,2026-01-25T16:30:00+00:00,False
ENG_PL::29010,2026-01-31 15:00:00+00:00,2025,walk_forward_dc,1,0.4842881437639998,0.2624980989487829,0.2532137572872172,0.4458049886621315,0.2358276643990929,0.3183673469387755,2026-01-31T00:00:00+00:00,4410,2026-01-26T20:00:00+00:00,False
ENG_PL::29015,2026-01-31 15:00:00+00:00,2025,walk_forward_dc,2,0.2462835220665593,0.2690915137377273,0.4846249641957134,0.4458049886621315,0.2358276643990929,0.3183673469387755,2026-01-31T00:00:00+00:00,4410,2026-01-26T20:00:00+00:00,False
ENG_PL::29017,2026-01-31 15:00:00+00:00,2025,walk_forward_dc,2,0.2517681486543664,0.2686827851842344,0.4795490661613991,0.4458049886621315,0.2358276643990929,0.3183673469387755,2026-01-31T00:00:00+00:00,4410,2026-01-26T20:00:00+00:00,False
ENG_PL::29009,2026-01-31 17:30:00+00:00,2025,walk_forward_dc,0,0.6304601619918485,0.1990540951204899,0.1704857428876616,0.4458049886621315,0.2358276643990929,0.3183673469387755,2026-01-31T00:00:00+00:00,4410,2026-01-26T20:00:00+00:00,False
ENG_PL::29014,2026-01-31 20:00:00+00:00,2025,walk_forward_dc,0,0.505559719086172,0.2371648445066213,0.2572754364072067,0.4458049886621315,0.2358276643990929,0.3183673469387755,2026-01-31T00:00:00+00:00,4410,2026-01-26T20:00:00+00:00,False
ENG_PL::29012,2026-02-01 14:00:00+00:00,2025,walk_forward_dc,0,0.514500507666772,0.2470534932894452,0.2384459990437828,0.445753114382786,0.2357870894677236,0.3184597961494904,2026-02-01T00:00:00+00:00,4415,2026-01-31T20:00:00+00:00,False
ENG_PL::29008,2026-02-01 14:00:00+00:00,2025,walk_forward_dc,2,0.3907747586542143,0.2504758587568588,0.3587493825889269,0.445753114382786,0.2357870894677236,0.3184597961494904,2026-02-01T00:00:00+00:00,4415,2026-01-31T20:00:00+00:00,False
ENG_PL::29013,2026-02-01 14:00:00+00:00,2025,walk_forward_dc,1,0.3376378453528926,0.2645797606051063,0.397782394042001,0.445753114382786,0.2357870894677236,0.3184597961494904,2026-02-01T00:00:00+00:00,4415,2026-01-31T20:00:00+00:00,False
ENG_PL::29016,2026-02-01 16:30:00+00:00,2025,walk_forward_dc,1,0.2699550777588584,0.2449638214338323,0.485081100807309,0.445753114382786,0.2357870894677236,0.3184597961494904,2026-02-01T00:00:00+00:00,4415,2026-01-31T20:00:00+00:00,False
ENG_PL::29011,2026-02-02 20:00:00+00:00,2025,walk_forward_dc,0,0.4609807367575947,0.2825767309151628,0.2564425323272425,0.4455759221543335,0.2360262502828694,0.318397827562797,2026-02-02T00:00:00+00:00,4419,2026-02-01T16:30:00+00:00,False
ENG_PL::29023,2026-02-06 20:00:00+00:00,2025,walk_forward_dc,0,0.4866027113366664,0.2660721147458823,0.2473251739174512,0.4457013574660634,0.235972850678733,0.3183257918552036,2026-02-06T00:00:00+00:00,4420,2026-02-02T20:00:00+00:00,False
ENG_PL::29025,2026-02-07 12:30:00+00:00,2025,walk_forward_dc,0,0.5100102538850791,0.236034411431191,0.2539553346837296,0.4458267360325718,0.235919475231848,0.3182537887355802,2026-02-07T00:00:00+00:00,4421,2026-02-06T20:00:00+00:00,False
ENG_PL::29018,2026-02-07 15:00:00+00:00,2025,walk_forward_dc,1,0.4684352739250838,0.243117386594518,0.2884473394803979,0.4458267360325718,0.235919475231848,0.3182537887355802,2026-02-07T00:00:00+00:00,4421,2026-02-06T20:00:00+00:00,False
ENG_PL::29019,2026-02-07 15:00:00+00:00,2025,walk_forward_dc,0,0.731349991871839,0.1850700279947051,0.0835799801334559,0.4458267360325718,0.235919475231848,0.3182537887355802,2026-02-07T00:00:00+00:00,4421,2026-02-06T20:00:00+00:00,False
ENG_PL::29021,2026-02-07 15:00:00+00:00,2025,walk_forward_dc,2,0.3130259783040174,0.2648488740425345,0.422125147653448,0.4458267360325718,0.235919475231848,0.3182537887355802,2026-02-07T00:00:00+00:00,4421,2026-02-06T20:00:00+00:00,False
ENG_PL::29022,2026-02-07 15:00:00+00:00,2025,walk_forward_dc,2,0.410507708756856,0.2854117076545139,0.30408058358863,0.4458267360325718,0.235919475231848,0.3182537887355802,2026-02-07T00:00:00+00:00,4421,2026-02-06T20:00:00+00:00,False
ENG_PL::29027,2026-02-07 15:00:00+00:00,2025,walk_forward_dc,2,0.255984281116879,0.2541313997106972,0.4898843191724237,0.4458267360325718,0.235919475231848,0.3182537887355802,2026-02-07T00:00:00+00:00,4421,2026-02-06T20:00:00+00:00,False
ENG_PL::29026,2026-02-07 17:30:00+00:00,2025,walk_forward_dc,2,0.4646212011205485,0.2474870931452124,0.2878917057342388,0.4458267360325718,0.235919475231848,0.3182537887355802,2026-02-07T00:00:00+00:00,4421,2026-02-06T20:00:00+00:00,False
ENG_PL::29020,2026-02-08 14:00:00+00:00,2025,walk_forward_dc,2,0.4316921210568778,0.2513892705782275,0.3169186083648946,0.4455736224028907,0.2357723577235772,0.3186540198735321,2026-02-08T00:00:00+00:00,4428,2026-02-07T17:30:00+00:00,False
ENG_PL::29024,2026-02-08 16:30:00+00:00,2025,walk_forward_dc,2,0.4582946265012027,0.2422709842543856,0.2994343892444116,0.4455736224028907,0.2357723577235772,0.3186540198735321,2026-02-08T00:00:00+00:00,4428,2026-02-07T17:30:00+00:00,False
ENG_PL::29030,2026-02-10 19:30:00+00:00,2025,walk_forward_dc,1,0.4899433738624425,0.2328838440571989,0.2771727820803585,0.445372460496614,0.2356659142212189,0.318961625282167,2026-02-10T00:00:00+00:00,4430,2026-02-08T16:30:00+00:00,False
ENG_PL::29032,2026-02-10 19:30:00+00:00,2025,walk_forward_dc,2,0.3194891577131187,0.263769714191923,0.4167411280949584,0.445372460496614,0.2356659142212189,0.318961625282167,2026-02-10T00:00:00+00:00,4430,2026-02-08T16:30:00+00:00,False
ENG_PL::29036,2026-02-10 19:30:00+00:00,2025,walk_forward_dc,2,0.3191774189622465,0.2542410195844827,0.4265815614532709,0.445372460496614,0.2356659142212189,0.318961625282167,2026-02-10T00:00:00+00:00,4430,2026-02-08T16:30:00+00:00,False
ENG_PL::29037,2026-02-10 20:15:00+00:00,2025,walk_forward_dc,1,0.2675152383174859,0.2403519777630369,0.4921327839194771,0.445372460496614,0.2356659142212189,0.318961625282167,2026-02-10T00:00:00+00:00,4430,2026-02-08T16:30:00+00:00,False
ENG_PL::29034,2026-02-11 19:30:00+00:00,2025,walk_forward_dc,1,0.4388324137006678,0.289481577404984,0.2716860088943481,0.4449706811005863,0.2359043752819125,0.3191249436175011,2026-02-11T00:00:00+00:00,4434,2026-02-10T20:15:00+00:00,False
ENG_PL::29033,2026-02-11 19:30:00+00:00,2025,walk_forward_dc,0,0.6118108683213088,0.2199107757098793,0.1682783559688117,0.4449706811005863,0.2359043752819125,0.3191249436175011,2026-02-11T00:00:00+00:00,4434,2026-02-10T20:15:00+00:00,False
ENG_PL::29028,2026-02-11 19:30:00+00:00,2025,walk_forward_dc,0,0.4257119691140146,0.257545054972664,0.3167429759133215,0.4449706811005863,0.2359043752819125,0.3191249436175011,2026-02-11T00:00:00+00:00,4434,2026-02-10T20:15:00+00:00,False
ENG_PL::29031,2026-02-11 19:30:00+00:00,2025,walk_forward_dc,2,0.6574015953618488,0.200403936721589,0.1421944679165622,0.4449706811005863,0.2359043752819125,0.3191249436175011,2026-02-11T00:00:00+00:00,4434,2026-02-10T20:15:00+00:00,False
ENG_PL::29035,2026-02-11 20:15:00+00:00,2025,walk_forward_dc,2,0.1774595800653821,0.2385371871549425,0.5840032327796751,0.4449706811005863,0.2359043752819125,0.3191249436175011,2026-02-11T00:00:00+00:00,4434,2026-02-10T20:15:00+00:00,False
ENG_PL::29029,2026-02-12 20:00:00+00:00,2025,walk_forward_dc,1,0.2369727140069978,0.253209247067782,0.5098180389252204,0.4449200270331155,0.2358639333183149,0.3192160396485695,2026-02-12T00:00:00+00:00,4439,2026-02-11T20:15:00+00:00,False
ENG_PL::29087,2026-02-18 20:00:00+00:00,2025,walk_forward_dc,1,0.1350639361446918,0.2320734376047468,0.6328626262505612,0.4448198198198198,0.236036036036036,0.3191441441441441,2026-02-18T00:00:00+00:00,4440,2026-02-12T20:00:00+00:00,False
ENG_PL::29038,2026-02-21 15:00:00+00:00,2025,walk_forward_dc,1,0.4356057614744013,0.2567880609291437,0.3076061775964551,0.4447196577347444,0.2362080612474668,0.3190722810177888,2026-02-21T00:00:00+00:00,4441,2026-02-18T20:00:00+00:00,False
ENG_PL::29039,2026-02-21 15:00:00+00:00,2025,walk_forward_dc,2,0.4532161015810242,0.2547134035758341,0.2920704948431415,0.4447196577347444,0.2362080612474668,0.3190722810177888,2026-02-21T00:00:00+00:00,4441,2026-02-18T20:00:00+00:00,False
ENG_PL::29040,2026-02-21 15:00:00+00:00,2025,walk_forward_dc,1,0.7276696868245306,0.1650148838356066,0.1073154293398628,0.4447196577347444,0.2362080612474668,0.3190722810177888,2026-02-21T00:00:00+00:00,4441,2026-02-18T20:00:00+00:00,False
ENG_PL::29047,2026-02-21 17:30:00+00:00,2025,walk_forward_dc,1,0.2700617590673627,0.2434651805408306,0.4864730603918064,0.4447196577347444,0.2362080612474668,0.3190722810177888,2026-02-21T00:00:00+00:00,4441,2026-02-18T20:00:00+00:00,False
ENG_PL::29043,2026-02-21 20:00:00+00:00,2025,walk_forward_dc,0,0.4929735803018602,0.242452391551852,0.2645740281462878,0.4447196577347444,0.2362080612474668,0.3190722810177888,2026-02-21T00:00:00+00:00,4441,2026-02-18T20:00:00+00:00,False
ENG_PL::29041,2026-02-22 14:00:00+00:00,2025,walk_forward_dc,0,0.5654380104443073,0.2440628072114689,0.1904991823442237,0.4444444444444444,0.236617183985605,0.3189383715699505,2026-02-22T00:00:00+00:00,4446,2026-02-21T20:00:00+00:00,False
ENG_PL::29044,2026-02-22 14:00:00+00:00,2025,walk_forward_dc,2,0.2182438216367217,0.2354285643388439,0.5463276140244343,0.4444444444444444,0.236617183985605,0.3189383715699505,2026-02-22T00:00:00+00:00,4446,2026-02-21T20:00:00+00:00,False
ENG_PL::29045,2026-02-22 14:00:00+00:00,2025,walk_forward_dc,2,0.3133944511382332,0.2975207857390075,0.3890847631227593,0.4444444444444444,0.236617183985605,0.3189383715699505,2026-02-22T00:00:00+00:00,4446,2026-02-21T20:00:00+00:00,False
ENG_PL::29046,2026-02-22 16:30:00+00:00,2025,walk_forward_dc,2,0.1911841024684838,0.2389593789877818,0.5698565185437343,0.4444444444444444,0.236617183985605,0.3189383715699505,2026-02-22T00:00:00+00:00,4446,2026-02-21T20:00:00+00:00,False
ENG_PL::29042,2026-02-23 20:00:00+00:00,2025,walk_forward_dc,2,0.3257346375836782,0.2653584901757513,0.4089068722405705,0.4442696629213483,0.2364044943820224,0.3193258426966292,2026-02-23T00:00:00+00:00,4450,2026-02-22T16:30:00+00:00,False
ENG_PL::29057,2026-02-27 20:00:00+00:00,2025,walk_forward_dc,0,0.2671748082855334,0.2752739080353934,0.4575512836790731,0.4441698494720287,0.2363513817119748,0.3194787688159964,2026-02-27T00:00:00+00:00,4451,2026-02-23T20:00:00+00:00,False
ENG_PL::29048,2026-02-28 12:30:00+00:00,2025,walk_forward_dc,1,0.5853074983758699,0.2389896417216199,0.1757028599025102,0.4442946990116801,0.2362982929020665,0.3194070080862534,2026-02-28T00:00:00+00:00,4452,2026-02-27T20:00:00+00:00,False
ENG_PL::29056,2026-02-28 15:00:00+00:00,2025,walk_forward_dc,2,0.540487491761049,0.2460127773345002,0.2134997309044505,0.4442946990116801,0.2362982929020665,0.3194070080862534,2026-02-28T00:00:00+00:00,4452,2026-02-27T20:00:00+00:00,False
ENG_PL::29054,2026-02-28 15:00:00+00:00,2025,walk_forward_dc,0,0.7047463634256099,0.1750236066185037,0.1202300299558864,0.4442946990116801,0.2362982929020665,0.3194070080862534,2026-02-28T00:00:00+00:00,4452,2026-02-27T20:00:00+00:00,False
ENG_PL::29051,2026-02-28 15:00:00+00:00,2025,walk_forward_dc,2,0.1932239764440434,0.2302338507352309,0.5765421728207255,0.4442946990116801,0.2362982929020665,0.3194070080862534,2026-02-28T00:00:00+00:00,4452,2026-02-27T20:00:00+00:00,False
ENG_PL::29053,2026-02-28 17:30:00+00:00,2025,walk_forward_dc,2,0.2857457957844238,0.2529956328801261,0.4612585713354499,0.4442946990116801,0.2362982929020665,0.3194070080862534,2026-02-28T00:00:00+00:00,4452,2026-02-27T20:00:00+00:00,False
ENG_PL::29050,2026-03-01 14:00:00+00:00,2025,walk_forward_dc,0,0.4874281073843751,0.260887619628268,0.2516842729873568,0.4440206416872335,0.2362575723580884,0.319721785954678,2026-03-01T00:00:00+00:00,4457,2026-02-28T17:30:00+00:00,False
ENG_PL::29052,2026-03-01 14:00:00+00:00,2025,walk_forward_dc,0,0.4161829525979334,0.2646140705062148,0.3192029768958516,0.4440206416872335,0.2362575723580884,0.319721785954678,2026-03-01T00:00:00+00:00,4457,2026-02-28T17:30:00+00:00,False
ENG_PL::29055,2026-03-01 14:00:00+00:00,2025,walk_forward_dc,0,0.4609141361645565,0.245167810120291,0.2939180537151523,0.4440206416872335,0.2362575723580884,0.319721785954678,2026-03-01T00:00:00+00:00,4457,2026-02-28T17:30:00+00:00,False
ENG_PL::29049,2026-03-01 16:30:00+00:00,2025,walk_forward_dc,0,0.5990137907415409,0.2193977695839519,0.1815884396745072,0.4440206416872335,0.2362575723580884,0.319721785954678,2026-03-01T00:00:00+00:00,4457,2026-02-28T17:30:00+00:00,False
ENG_PL::29058,2026-03-03 19:30:00+00:00,2025,walk_forward_dc,1,0.4232904483220623,0.2469602069139273,0.3297493447640103,0.4445191661062542,0.2360457296570275,0.3194351042367182,2026-03-03T00:00:00+00:00,4461,2026-03-01T16:30:00+00:00,False
ENG_PL::29061,2026-03-03 19:30:00+00:00,2025,walk_forward_dc,0,0.5831216565132367,0.239417141797845,0.1774612016889184,0.4445191661062542,0.2360457296570275,0.3194351042367182,2026-03-03T00:00:00+00:00,4461,2026-03-01T16:30:00+00:00,False
ENG_PL::29063,2026-03-03 19:30:00+00:00,2025,walk_forward_dc,2,0.5378418129849519,0.2572714486636657,0.2048867383513822,0.4445191661062542,0.2360457296570275,0.3194351042367182,2026-03-03T00:00:00+00:00,4461,2026-03-01T16:30:00+00:00,False
ENG_PL::29067,2026-03-03 20:15:00+00:00,2025,walk_forward_dc,0,0.1638456122767705,0.2235069209392987,0.6126474667839308,0.4445191661062542,0.2360457296570275,0.3194351042367182,2026-03-03T00:00:00+00:00,4461,2026-03-01T16:30:00+00:00,False
ENG_PL::29064,2026-03-04 19:30:00+00:00,2025,walk_forward_dc,1,0.6344248984203237,0.2113210192463833,0.1542540823332931,0.444568868980963,0.2360582306830907,0.3193729003359462,2026-03-04T00:00:00+00:00,4465,2026-03-03T20:15:00+00:00,False
ENG_PL::29062,2026-03-04 19:30:00+00:00,2025,walk_forward_dc,2,0.4747893774355458,0.2588891621846624,0.2663214603797917,0.444568868980963,0.2360582306830907,0.3193729003359462,2026-03-04T00:00:00+00:00,4465,2026-03-03T20:15:00+00:00,False
ENG_PL::29060,2026-03-04 19:30:00+00:00,2025,walk_forward_dc,2,0.2187792868412524,0.2595131987073662,0.5217075144513811,0.444568868980963,0.2360582306830907,0.3193729003359462,2026-03-04T00:00:00+00:00,4465,2026-03-03T20:15:00+00:00,False
ENG_PL::29059,2026-03-04 19:30:00+00:00,2025,walk_forward_dc,2,0.3666896525090559,0.2436709078242662,0.3896394396666778,0.444568868980963,0.2360582306830907,0.3193729003359462,2026-03-04T00:00:00+00:00,4465,2026-03-03T20:15:00+00:00,False
ENG_PL::29065,2026-03-04 20:15:00+00:00,2025,walk_forward_dc,0,0.435270016326171,0.2504417293396521,0.3142882543341769,0.444568868980963,0.2360582306830907,0.3193729003359462,2026-03-04T00:00:00+00:00,4465,2026-03-03T20:15:00+00:00,False
ENG_PL::29066,2026-03-05 20:00:00+00:00,2025,walk_forward_dc,2,0.3615516050461075,0.2521556169079583,0.386292778045934,0.4442953020134228,0.2360178970917226,0.3196868008948546,2026-03-05T00:00:00+00:00,4470,2026-03-04T20:15:00+00:00,False
ENG_PL::29076,2026-03-14 15:00:00+00:00,2025,walk_forward_dc,2,0.257948822110001,0.2888953828572671,0.4531557950327318,0.4441959293222993,0.2359651084768508,0.3198389622008499,2026-03-14T00:00:00+00:00,4471,2026-03-05T20:00:00+00:00,False
ENG_PL::29070,2026-03-14 15:00:00+00:00,2025,walk_forward_dc,1,0.1850544338704228,0.2253064444729968,0.5896391216565803,0.4441959293222993,0.2359651084768508,0.3198389622008499,2026-03-14T00:00:00+00:00,4471,2026-03-05T20:00:00+00:00,False
ENG_PL::29068,2026-03-14 17:30:00+00:00,2025,walk_forward_dc,0,0.6575475586744005,0.21633038940229,0.1261220519233094,0.4441959293222993,0.2359651084768508,0.3198389622008499,2026-03-14T00:00:00+00:00,4471,2026-03-05T20:00:00+00:00,False
ENG_PL::29071,2026-03-14 17:30:00+00:00,2025,walk_forward_dc,2,0.458222245806413,0.2343811037846715,0.3073966504089154,0.4441959293222993,0.2359651084768508,0.3198389622008499,2026-03-14T00:00:00+00:00,4471,2026-03-05T20:00:00+00:00,False
ENG_PL::29077,2026-03-14 20:00:00+00:00,2025,walk_forward_dc,1,0.2044073734333479,0.2254769931014977,0.5701156334651543,0.4441959293222993,0.2359651084768508,0.3198389622008499,2026-03-14T00:00:00+00:00,4471,2026-03-05T20:00:00+00:00,False
ENG_PL::29072,2026-03-15 14:00:00+00:00,2025,walk_forward_dc,1,0.4308372913122157,0.257883644303682,0.3112790643841022,0.443923145665773,0.236148346738159,0.3199285075960679,2026-03-15T00:00:00+00:00,4476,2026-03-14T20:00:00+00:00,False
ENG_PL::29074,2026-03-15 14:00:00+00:00,2025,walk_forward_dc,0,0.4845518134807822,0.2462014018152193,0.2692467847039981,0.443923145665773,0.236148346738159,0.3199285075960679,2026-03-15T00:00:00+00:00,4476,2026-03-14T20:00:00+00:00,False
ENG_PL::29075,2026-03-15 14:00:00+00:00,2025,walk_forward_dc,1,0.3847980653748252,0.279013837978199,0.3361880966469758,0.443923145665773,0.236148346738159,0.3199285075960679,2026-03-15T00:00:00+00:00,4476,2026-03-14T20:00:00+00:00,False
ENG_PL::29073,2026-03-15 16:30:00+00:00,2025,walk_forward_dc,1,0.6536992156622837,0.1933463281831206,0.1529544561545956,0.443923145665773,0.236148346738159,0.3199285075960679,2026-03-15T00:00:00+00:00,4476,2026-03-14T20:00:00+00:00,False
ENG_PL::29069,2026-03-16 20:00:00+00:00,2025,walk_forward_dc,1,0.584359900037628,0.237211375487945,0.178428724474427,0.44375,0.2366071428571428,0.3196428571428571,2026-03-16T00:00:00+00:00,4480,2026-03-15T16:30:00+00:00,False
ENG_PL::29078,2026-03-20 20:00:00+00:00,2025,walk_forward_dc,1,0.4103836168134502,0.2501552442402794,0.3394611389462703,0.4436509707654541,0.2367775050212006,0.3195715242133452,2026-03-20T00:00:00+00:00,4481,2026-03-16T20:00:00+00:00,False
ENG_PL::29080,2026-03-21 12:30:00+00:00,2025,walk_forward_dc,0,0.2832962324683019,0.2533203223379765,0.4633834451937216,0.4435519857206604,0.2369477911646586,0.3195002231146809,2026-03-21T00:00:00+00:00,4482,2026-03-20T20:00:00+00:00,False
ENG_PL::29082,2026-03-21 15:00:00+00:00,2025,walk_forward_dc,0,0.5734833459764752,0.2417842371051786,0.1847324169183459,0.4435519857206604,0.2369477911646586,0.3195002231146809,2026-03-21T00:00:00+00:00,4482,2026-03-20T20:00:00+00:00,False
ENG_PL::29081,2026-03-21 17:30:00+00:00,2025,walk_forward_dc,0,0.2991420958477595,0.2505085367595581,0.4503493673926823,0.4435519857206604,0.2369477911646586,0.3195002231146809,2026-03-21T00:00:00+00:00,4482,2026-03-20T20:00:00+00:00,False
ENG_PL::29083,2026-03-21 20:00:00+00:00,2025,walk_forward_dc,1,0.380801532107307,0.2600690390626788,0.3591294288300142,0.4435519857206604,0.2369477911646586,0.3195002231146809,2026-03-21T00:00:00+00:00,4482,2026-03-20T20:00:00+00:00,False
ENG_PL::29085,2026-03-22 12:00:00+00:00,2025,walk_forward_dc,2,0.5946293888394721,0.2413604842580206,0.1640101269025073,0.4438252340615247,0.2369594293357111,0.3192153366027641,2026-03-22T00:00:00+00:00,4486,2026-03-21T20:00:00+00:00,False
ENG_PL::29086,2026-03-22 14:15:00+00:00,2025,walk_forward_dc,2,0.4401484410083686,0.2626047278467244,0.297246831144907,0.4438252340615247,0.2369594293357111,0.3192153366027641,2026-03-22T00:00:00+00:00,4486,2026-03-21T20:00:00+00:00,False
ENG_PL::29079,2026-03-22 14:15:00+00:00,2025,walk_forward_dc,0,0.5133786837692111,0.2440131372656388,0.2426081789651499,0.4438252340615247,0.2369594293357111,0.3192153366027641,2026-03-22T00:00:00+00:00,4486,2026-03-21T20:00:00+00:00,False
ENG_PL::29091,2026-04-10 19:00:00+00:00,2025,walk_forward_dc,0,0.4467443549478011,0.2752908315160849,0.2779648135361139,0.44375139229227,0.2368010692804633,0.3194475384272666,2026-04-10T00:00:00+00:00,4489,2026-03-22T14:15:00+00:00,False
ENG_PL::29092,2026-04-11 11:30:00+00:00,2025,walk_forward_dc,2,0.5963498924595426,0.2286984683959171,0.1749516391445402,0.4438752783964365,0.2367483296213808,0.3193763919821826,2026-04-11T00:00:00+00:00,4490,2026-04-10T19:00:00+00:00,False
ENG_PL::29093,2026-04-11 14:00:00+00:00,2025,walk_forward_dc,1,0.4921814479079619,0.2559292624169853,0.2518892896750525,0.4438752783964365,0.2367483296213808,0.3193763919821826,2026-04-11T00:00:00+00:00,4490,2026-04-10T19:00:00+00:00,False
ENG_PL::29094,2026-04-11 14:00:00+00:00,2025,walk_forward_dc,2,0.2050304978798331,0.2424870969321865,0.5524824051879804,0.4438752783964365,0.2367483296213808,0.3193763919821826,2026-04-11T00:00:00+00:00,4490,2026-04-10T19:00:00+00:00,False
ENG_PL::29097,2026-04-11 16:30:00+00:00,2025,walk_forward_dc,0,0.613628601790458,0.2145277354802768,0.1718436627292651,0.4438752783964365,0.2367483296213808,0.3193763919821826,2026-04-11T00:00:00+00:00,4490,2026-04-10T19:00:00+00:00,False
ENG_PL::29089,2026-04-12 13:00:00+00:00,2025,walk_forward_dc,1,0.3488002876416479,0.2677643020958706,0.3834354102624817,0.4437027147307521,0.2367601246105919,0.319537160658656,2026-04-12T00:00:00+00:00,4494,2026-04-11T16:30:00+00:00,False
ENG_PL::29090,2026-04-12 13:00:00+00:00,2025,walk_forward_dc,0,0.3365340757699532,0.2842780740414283,0.3791878501886183,0.4437027147307521,0.2367601246105919,0.319537160658656,2026-04-12T00:00:00+00:00,4494,2026-04-11T16:30:00+00:00,False
ENG_PL::29096,2026-04-12 13:00:00+00:00,2025,walk_forward_dc,0,0.3895878969900512,0.2563837866383254,0.3540283163716232,0.4437027147307521,0.2367601246105919,0.319537160658656,2026-04-12T00:00:00+00:00,4494,2026-04-11T16:30:00+00:00,False
ENG_PL::29095,2026-04-12 15:30:00+00:00,2025,walk_forward_dc,2,0.3556878681025448,0.241056851823579,0.403255280073876,0.4437027147307521,0.2367601246105919,0.319537160658656,2026-04-12T00:00:00+00:00,4494,2026-04-11T16:30:00+00:00,False
ENG_PL::29088,2026-04-13 19:00:00+00:00,2025,walk_forward_dc,2,0.4682582238632343,0.2634999433037993,0.2682418328329664,0.4437527790128946,0.2367718986216096,0.3194753223654957,2026-04-13T00:00:00+00:00,4498,2026-04-12T15:30:00+00:00,False
ENG_PL::29099,2026-04-18 11:30:00+00:00,2025,walk_forward_dc,1,0.4874538917264415,0.2536110963285035,0.2589350119450549,0.4436541453656368,0.2367192709490998,0.3196265836852633,2026-04-18T00:00:00+00:00,4499,2026-04-13T19:00:00+00:00,False
ENG_PL::29105,2026-04-18 14:00:00+00:00,2025,walk_forward_dc,2,0.4195571814593376,0.2483632512219324,0.33207956731873,0.4436541453656368,0.2367192709490998,0.3196265836852633,2026-04-18T00:00:00+00:00,4499,2026-04-13T19:00:00+00:00,False
ENG_PL::29103,2026-04-18 14:00:00+00:00,2025,walk_forward_dc,0,0.5577220755098657,0.2551614929785836,0.1871164315115507,0.4436541453656368,0.2367192709490998,0.3196265836852633,2026-04-18T00:00:00+00:00,4499,2026-04-13T19:00:00+00:00,False
ENG_PL::29107,2026-04-18 16:30:00+00:00,2025,walk_forward_dc,1,0.3361548678066622,0.2663312866242588,0.3975138455690788,0.4436541453656368,0.2367192709490998,0.3196265836852633,2026-04-18T00:00:00+00:00,4499,2026-04-13T19:00:00+00:00,False
ENG_PL::29100,2026-04-18 19:00:00+00:00,2025,walk_forward_dc,2,0.4610558230774613,0.23682312789679,0.3021210490257485,0.4436541453656368,0.2367192709490998,0.3196265836852633,2026-04-18T00:00:00+00:00,4499,2026-04-13T19:00:00+00:00,False
ENG_PL::29098,2026-04-19 13:00:00+00:00,2025,walk_forward_dc,0,0.5060442502670015,0.267588783092674,0.2263669666403243,0.4433836589698046,0.2369005328596803,0.3197158081705151,2026-04-19T00:00:00+00:00,4504,2026-04-18T19:00:00+00:00,False
ENG_PL::29102,2026-04-19 13:00:00+00:00,2025,walk_forward_dc,2,0.252363603370174,0.2499930074752356,0.4976433891545903,0.4433836589698046,0.2369005328596803,0.3197158081705151,2026-04-19T00:00:00+00:00,4504,2026-04-18T19:00:00+00:00,False
ENG_PL::29106,2026-04-19 13:00:00+00:00,2025,walk_forward_dc,0,0.5415400978710263,0.2501157327848596,0.2083441693441138,0.4433836589698046,0.2369005328596803,0.3197158081705151,2026-04-19T00:00:00+00:00,4504,2026-04-18T19:00:00+00:00,False
ENG_PL::29104,2026-04-19 15:30:00+00:00,2025,walk_forward_dc,0,0.3454794985429998,0.2734586531367997,0.3810618483202003,0.4433836589698046,0.2369005328596803,0.3197158081705151,2026-04-19T00:00:00+00:00,4504,2026-04-18T19:00:00+00:00,False
ENG_PL::29101,2026-04-20 19:00:00+00:00,2025,walk_forward_dc,1,0.5261572920888884,0.2425011733932842,0.2313415345178275,0.4436557231588287,0.2366903283052351,0.3196539485359361,2026-04-20T00:00:00+00:00,4508,2026-04-19T15:30:00+00:00,False
ENG_PL::29110,2026-04-21 19:00:00+00:00,2025,walk_forward_dc,0,0.3719442916145735,0.2560874021421321,0.3719683062432943,0.4435573297848747,0.2368596141051231,0.3195830561100022,2026-04-21T00:00:00+00:00,4509,2026-04-20T19:00:00+00:00,False
ENG_PL::29108,2026-04-22 19:00:00+00:00,2025,walk_forward_dc,1,0.4451528819268495,0.2561086164573581,0.2987385016157923,0.443680709534368,0.2368070953436807,0.3195121951219512,2026-04-22T00:00:00+00:00,4510,2026-04-21T19:00:00+00:00,False
ENG_PL::29111,2026-04-22 19:00:00+00:00,2025,walk_forward_dc,2,0.12558151582004,0.1888438415904769,0.6855746425894831,0.443680709534368,0.2368070953436807,0.3195121951219512,2026-04-22T00:00:00+00:00,4510,2026-04-21T19:00:00+00:00,False
ENG_PL::29115,2026-04-24 19:00:00+00:00,2025,walk_forward_dc,2,0.3537479334833107,0.2937764336578727,0.3524756328588165,0.4434840425531915,0.2369237588652482,0.3195921985815603,2026-04-24T00:00:00+00:00,4512,2026-04-22T19:00:00+00:00,False
ENG_PL::29112,2026-04-25 11:30:00+00:00,2025,walk_forward_dc,0,0.3588722218071172,0.266005539466382,0.3751222387265007,0.4433857744294261,0.2368712608021272,0.3197429647684467,2026-04-25T00:00:00+00:00,4513,2026-04-24T19:00:00+00:00,False
ENG_PL::29116,2026-04-25 14:00:00+00:00,2025,walk_forward_dc,0,0.3561236324011926,0.2780630185046765,0.3658133490941311,0.4433857744294261,0.2368712608021272,0.3197429647684467,2026-04-25T00:00:00+00:00,4513,2026-04-24T19:00:00+00:00,False
ENG_PL::29117,2026-04-25 14:00:00+00:00,2025,walk_forward_dc,2,0.3052079260580291,0.2752104925706469,0.4195815813713239,0.4433857744294261,0.2368712608021272,0.3197429647684467,2026-04-25T00:00:00+00:00,4513,2026-04-24T19:00:00+00:00,False
ENG_PL::29113,2026-04-25 14:00:00+00:00,2025,walk_forward_dc,0,0.5539697061795371,0.2282119399196123,0.2178183539008506,0.4433857744294261,0.2368712608021272,0.3197429647684467,2026-04-25T00:00:00+00:00,4513,2026-04-24T19:00:00+00:00,False
ENG_PL::29109,2026-04-25 16:30:00+00:00,2025,walk_forward_dc,0,0.6085851880095677,0.2206111556436479,0.1708036563467845,0.4433857744294261,0.2368712608021272,0.3197429647684467,2026-04-25T00:00:00+00:00,4513,2026-04-24T19:00:00+00:00,False
ENG_PL::29114,2026-04-27 19:00:00+00:00,2025,walk_forward_dc,0,0.4291961415552885,0.2540293051845605,0.3167745532601507,0.4437804338202744,0.2366091190792386,0.3196104471004869,2026-04-27T00:00:00+00:00,4518,2026-04-25T16:30:00+00:00,False
ENG_PL::29124,2026-05-01 19:00:00+00:00,2025,walk_forward_dc,0,0.6464314980483137,0.2116933697895924,0.1418751321620938,0.4439035184775393,0.2365567603452091,0.3195397211772516,2026-05-01T00:00:00+00:00,4519,2026-04-27T19:00:00+00:00,False
ENG_PL::29121,2026-05-02 14:00:00+00:00,2025,walk_forward_dc,0,0.5458031548241364,0.2351044522565806,0.2190923929192828,0.4440265486725663,0.236504424778761,0.3194690265486725,2026-05-02T00:00:00+00:00,4520,2026-05-01T19:00:00+00:00,False
ENG_PL::29126,2026-05-02 14:00:00+00:00,2025,walk_forward_dc,0,0.4107292385245691,0.2638610565317522,0.3254097049436786,0.4440265486725663,0.236504424778761,0.3194690265486725,2026-05-02T00:00:00+00:00,4520,2026-05-01T19:00:00+00:00,False
ENG_PL::29127,2026-05-02 14:00:00+00:00,2025,walk_forward_dc,1,0.3647226098012242,0.3037712959712284,0.3315060942275473,0.4440265486725663,0.236504424778761,0.3194690265486725,2026-05-02T00:00:00+00:00,4520,2026-05-01T19:00:00+00:00,False
ENG_PL::29119,2026-05-02 16:30:00+00:00,2025,walk_forward_dc,0,0.6474997347037531,0.2175592428697639,0.134941022426483,0.4440265486725663,0.236504424778761,0.3194690265486725,2026-05-02T00:00:00+00:00,4520,2026-05-01T19:00:00+00:00,False
ENG_PL::29118,2026-05-03 13:00:00+00:00,2025,walk_forward_dc,0,0.4605121537878549,0.2490401101361489,0.2904477360759963,0.4442970822281167,0.2365163572060123,0.3191865605658709,2026-05-03T00:00:00+00:00,4524,2026-05-02T16:30:00+00:00,False
ENG_PL::29125,2026-05-03 14:30:00+00:00,2025,walk_forward_dc,0,0.3476569573963924,0.2494254720200548,0.4029175705835527,0.4442970822281167,0.2365163572060123,0.3191865605658709,2026-05-03T00:00:00+00:00,4524,2026-05-02T16:30:00+00:00,False
ENG_PL::29120,2026-05-03 18:00:00+00:00,2025,walk_forward_dc,2,0.4860166017423547,0.2470019390636245,0.2669814591940207,0.4442970822281167,0.2365163572060123,0.3191865605658709,2026-05-03T00:00:00+00:00,4524,2026-05-02T16:30:00+00:00,False
ENG_PL::29122,2026-05-04 14:00:00+00:00,2025,walk_forward_dc,2,0.5637250043005073,0.2294236454048507,0.206851350294642,0.4444444444444444,0.2363596200574332,0.3191959354981223,2026-05-04T00:00:00+00:00,4527,2026-05-03T18:00:00+00:00,False
ENG_PL::29123,2026-05-04 19:00:00+00:00,2025,walk_forward_dc,1,0.2415420167326163,0.2504760239646499,0.5079819593027337,0.4444444444444444,0.2363596200574332,0.3191959354981223,2026-05-04T00:00:00+00:00,4527,2026-05-03T18:00:00+00:00,False
ENG_PL::29132,2026-05-09 11:30:00+00:00,2025,walk_forward_dc,1,0.5052389991881258,0.2240642502601665,0.2706967505517076,0.4442481784058291,0.2364760432766615,0.3192757783175093,2026-05-09T00:00:00+00:00,4529,2026-05-04T19:00:00+00:00,False
ENG_PL::29128,2026-05-09 14:00:00+00:00,2025,walk_forward_dc,0,0.5828896648736748,0.2438523045266485,0.1732580305996767,0.4442481784058291,0.2364760432766615,0.3192757783175093,2026-05-09T00:00:00+00:00,4529,2026-05-04T19:00:00+00:00,False
ENG_PL::29131,2026-05-09 14:00:00+00:00,2025,walk_forward_dc,2,0.3159747760851129,0.2578599384927322,0.426165285422155,0.4442481784058291,0.2364760432766615,0.3192757783175093,2026-05-09T00:00:00+00:00,4529,2026-05-04T19:00:00+00:00,False
ENG_PL::29135,2026-05-09 14:00:00+00:00,2025,walk_forward_dc,1,0.2437928870852228,0.2636998288025293,0.492507284112248,0.4442481784058291,0.2364760432766615,0.3192757783175093,2026-05-09T00:00:00+00:00,4529,2026-05-04T19:00:00+00:00,False
ENG_PL::29133,2026-05-09 16:30:00+00:00,2025,walk_forward_dc,0,0.5564307485670449,0.2252502146149931,0.2183190368179619,0.4442481784058291,0.2364760432766615,0.3192757783175093,2026-05-09T00:00:00+00:00,4529,2026-05-04T19:00:00+00:00,False
ENG_PL::29129,2026-05-10 13:00:00+00:00,2025,walk_forward_dc,1,0.2216519325929332,0.2427652633864319,0.5355828040206351,0.4441993824437583,0.2366563740626378,0.3191442434936039,2026-05-10T00:00:00+00:00,4534,2026-05-09T16:30:00+00:00,False
ENG_PL::29134,2026-05-10 13:00:00+00:00,2025,walk_forward_dc,1,0.3301665498356191,0.2631608252315564,0.4066726249328242,0.4441993824437583,0.2366563740626378,0.3191442434936039,2026-05-10T00:00:00+00:00,4534,2026-05-09T16:30:00+00:00,False
ENG_PL::29130,2026-05-10 13:00:00+00:00,2025,walk_forward_dc,1,0.4657381655250396,0.2669036858751428,0.2673581485998174,0.4441993824437583,0.2366563740626378,0.3191442434936039,2026-05-10T00:00:00+00:00,4534,2026-05-09T16:30:00+00:00,False
ENG_PL::29137,2026-05-10 15:30:00+00:00,2025,walk_forward_dc,2,0.1665041905979653,0.2290419777171194,0.6044538316849153,0.4441993824437583,0.2366563740626378,0.3191442434936039,2026-05-10T00:00:00+00:00,4534,2026-05-09T16:30:00+00:00,False
ENG_PL::29136,2026-05-11 19:00:00+00:00,2025,walk_forward_dc,1,0.3514636812200933,0.2706399379980533,0.3778963807818534,0.4438078448655795,0.2371088585279859,0.3190832966064345,2026-05-11T00:00:00+00:00,4538,2026-05-10T15:30:00+00:00,False
ENG_PL::29084,2026-05-13 19:00:00+00:00,2025,walk_forward_dc,0,0.5855434183097921,0.2186256287044209,0.1958309529857869,0.4437100682969817,0.2372769332452081,0.3190129984578101,2026-05-13T00:00:00+00:00,4539,2026-05-11T19:00:00+00:00,False
ENG_PL::29140,2026-05-15 19:00:00+00:00,2025,walk_forward_dc,0,0.3164742902753462,0.2468990146850458,0.4366266950396079,0.4438325991189427,0.2372246696035242,0.318942731277533,2026-05-15T00:00:00+00:00,4540,2026-05-13T19:00:00+00:00,False
ENG_PL::29145,2026-05-17 11:30:00+00:00,2025,walk_forward_dc,0,0.5255967219812729,0.2509801761630729,0.2234231018556541,0.443955075974455,0.2371724289804007,0.3188724950451442,2026-05-17T00:00:00+00:00,4541,2026-05-15T19:00:00+00:00,False
ENG_PL::29147,2026-05-17 14:00:00+00:00,2025,walk_forward_dc,1,0.3146730756976051,0.2880903609643583,0.3972365633380362,0.443955075974455,0.2371724289804007,0.3188724950451442,2026-05-17T00:00:00+00:00,4541,2026-05-15T19:00:00+00:00,False
ENG_PL::29144,2026-05-17 14:00:00+00:00,2025,walk_forward_dc,0,0.4050954612113852,0.2752631560205113,0.3196413827681035,0.443955075974455,0.2371724289804007,0.3188724950451442,2026-05-17T00:00:00+00:00,4541,2026-05-15T19:00:00+00:00,False
ENG_PL::29143,2026-05-17 14:00:00+00:00,2025,walk_forward_dc,2,0.4916435159540346,0.2745866447265162,0.2337698393194491,0.443955075974455,0.2371724289804007,0.3188724950451442,2026-05-17T00:00:00+00:00,4541,2026-05-15T19:00:00+00:00,False
ENG_PL::29141,2026-05-17 14:00:00+00:00,2025,walk_forward_dc,1,0.433986630363546,0.2528853850563322,0.3131279845801217,0.443955075974455,0.2371724289804007,0.3188724950451442,2026-05-17T00:00:00+00:00,4541,2026-05-15T19:00:00+00:00,False
ENG_PL::29146,2026-05-17 16:30:00+00:00,2025,walk_forward_dc,0,0.5535192382309042,0.2313420404779018,0.2151387212911938,0.443955075974455,0.2371724289804007,0.3188724950451442,2026-05-17T00:00:00+00:00,4541,2026-05-15T19:00:00+00:00,False
ENG_PL::29139,2026-05-18 19:00:00+00:00,2025,walk_forward_dc,0,0.8075165924717937,0.1338409429212974,0.0586424646069088,0.4440290301297558,0.2372993182318012,0.3186716516384429,2026-05-18T00:00:00+00:00,4547,2026-05-17T16:30:00+00:00,False
ENG_PL::29138,2026-05-19 18:30:00+00:00,2025,walk_forward_dc,1,0.3175637264377612,0.2446796529663443,0.4377566205958945,0.4441512752858399,0.2372471416007036,0.3186015831134565,2026-05-19T00:00:00+00:00,4548,2026-05-18T19:00:00+00:00,False
ENG_PL::29142,2026-05-19 19:15:00+00:00,2025,walk_forward_dc,0,0.5478030612956521,0.2283207996301458,0.2238761390742019,0.4441512752858399,0.2372471416007036,0.3186015831134565,2026-05-19T00:00:00+00:00,4548,2026-05-18T19:00:00+00:00,False
ENG_PL::29154,2026-05-24 15:00:00+00:00,2025,walk_forward_dc,1,0.3080208314804906,0.2586946986620861,0.4332844698574233,0.4441758241758242,0.2373626373626373,0.3184615384615384,2026-05-24T00:00:00+00:00,4550,2026-05-19T19:15:00+00:00,False
ENG_PL::29153,2026-05-24 15:00:00+00:00,2025,walk_forward_dc,2,0.604032889631869,0.2121173765041483,0.1838497338639828,0.4441758241758242,0.2373626373626373,0.3184615384615384,2026-05-24T00:00:00+00:00,4550,2026-05-19T19:15:00+00:00,False
ENG_PL::29155,2026-05-24 15:00:00+00:00,2025,walk_forward_dc,0,0.2588531767721792,0.2580243322572076,0.4831224909706131,0.4441758241758242,0.2373626373626373,0.3184615384615384,2026-05-24T00:00:00+00:00,4550,2026-05-19T19:15:00+00:00,False
ENG_PL::29152,2026-05-24 15:00:00+00:00,2025,walk_forward_dc,1,0.5352604976978151,0.2270595872226465,0.2376799150795384,0.4441758241758242,0.2373626373626373,0.3184615384615384,2026-05-24T00:00:00+00:00,4550,2026-05-19T19:15:00+00:00,False
ENG_PL::29156,2026-05-24 15:00:00+00:00,2025,walk_forward_dc,0,0.4294340819538127,0.2670760940796902,0.3034898239664971,0.4441758241758242,0.2373626373626373,0.3184615384615384,2026-05-24T00:00:00+00:00,4550,2026-05-19T19:15:00+00:00,False
ENG_PL::29150,2026-05-24 15:00:00+00:00,2025,walk_forward_dc,2,0.2462452444273091,0.2615517286836578,0.4922030268890329,0.4441758241758242,0.2373626373626373,0.3184615384615384,2026-05-24T00:00:00+00:00,4550,2026-05-19T19:15:00+00:00,False
ENG_PL::29149,2026-05-24 15:00:00+00:00,2025,walk_forward_dc,1,0.3572969243003005,0.2898254826921649,0.3528775930075346,0.4441758241758242,0.2373626373626373,0.3184615384615384,2026-05-24T00:00:00+00:00,4550,2026-05-19T19:15:00+00:00,False
ENG_PL::29148,2026-05-24 15:00:00+00:00,2025,walk_forward_dc,2,0.4162540043169712,0.2616399088632151,0.3221060868198138,0.4441758241758242,0.2373626373626373,0.3184615384615384,2026-05-24T00:00:00+00:00,4550,2026-05-19T19:15:00+00:00,False
ENG_PL::29151,2026-05-24 15:00:00+00:00,2025,walk_forward_dc,0,0.3323949795732063,0.2608262388371459,0.4067787815896478,0.4441758241758242,0.2373626373626373,0.3184615384615384,2026-05-24T00:00:00+00:00,4550,2026-05-19T19:15:00+00:00,False
ENG_PL::29157,2026-05-24 15:00:00+00:00,2025,walk_forward_dc,0,0.3320841933559155,0.2724822762842844,0.3954335303598001,0.4441758241758242,0.2373626373626373,0.3184615384615384,2026-05-24T00:00:00+00:00,4550,2026-05-19T19:15:00+00:00,False
ENG_PL::28778,2025-08-15 19:00:00+00:00,2025,walk_forward_poisson,0,0.594729500302081,0.2003997447977086,0.2048707549002102,0.4456937799043062,0.2342105263157894,0.3200956937799043,2025-08-15T00:00:00+00:00,4180,2025-05-25T15:00:00+00:00,False
ENG_PL::28779,2025-08-16 11:30:00+00:00,2025,walk_forward_poisson,1,0.3547596726435609,0.2359569296021965,0.4092833977542426,0.4458263573307821,0.2341545084907916,0.3200191341784262,2025-08-16T00:00:00+00:00,4181,2025-08-15T19:00:00+00:00,False
ENG_PL::28782,2025-08-16 14:00:00+00:00,2025,walk_forward_poisson,0,0.551208145449173,0.2161127561055572,0.2326790984452698,0.4458263573307821,0.2341545084907916,0.3200191341784262,2025-08-16T00:00:00+00:00,4181,2025-08-15T19:00:00+00:00,False
ENG_PL::28781,2025-08-16 14:00:00+00:00,2025,walk_forward_poisson,0,0.467820516682591,0.2435838598671373,0.2885956234502715,0.4458263573307821,0.2341545084907916,0.3200191341784262,2025-08-16T00:00:00+00:00,4181,2025-08-15T19:00:00+00:00,False
ENG_PL::28780,2025-08-16 14:00:00+00:00,2025,walk_forward_poisson,1,0.4362099136093742,0.2573037207993238,0.3064863655913017,0.4458263573307821,0.2341545084907916,0.3200191341784262,2025-08-16T00:00:00+00:00,4181,2025-08-15T19:00:00+00:00,False
ENG_PL::28783,2025-08-16 16:30:00+00:00,2025,walk_forward_poisson,2,0.2041355387755488,0.2313920993704794,0.5644723618539718,0.4458263573307821,0.2341545084907916,0.3200191341784262,2025-08-16T00:00:00+00:00,4181,2025-08-15T19:00:00+00:00,False
ENG_PL::28784,2025-08-17 13:00:00+00:00,2025,walk_forward_poisson,1,0.4772141017042976,0.2314017874756146,0.2913841108200876,0.4457716196846631,0.2343526039178213,0.3198757763975155,2025-08-17T00:00:00+00:00,4186,2025-08-16T16:30:00+00:00,False
ENG_PL::28785,2025-08-17 13:00:00+00:00,2025,walk_forward_poisson,0,0.3600609516001066,0.2495285030831316,0.390410545316762,0.4457716196846631,0.2343526039178213,0.3198757763975155,2025-08-17T00:00:00+00:00,4186,2025-08-16T16:30:00+00:00,False
ENG_PL::28786,2025-08-17 15:30:00+00:00,2025,walk_forward_poisson,2,0.2174740899934401,0.2312156525961471,0.5513102574104127,0.4457716196846631,0.2343526039178213,0.3198757763975155,2025-08-17T00:00:00+00:00,4186,2025-08-16T16:30:00+00:00,False
ENG_PL::28787,2025-08-18 19:00:00+00:00,2025,walk_forward_poisson,0,0.3427301481369669,0.2658404245958446,0.3914294272671884,0.4456910957269038,0.2344234900931009,0.3198854141799952,2025-08-18T00:00:00+00:00,4189,2025-08-17T15:30:00+00:00,False
ENG_PL::28788,2025-08-22 19:00:00+00:00,2025,walk_forward_poisson,2,0.2604009847187671,0.232775845104891,0.5068231701763416,0.4458233890214797,0.2343675417661097,0.3198090692124105,2025-08-22T00:00:00+00:00,4190,2025-08-18T19:00:00+00:00,False
ENG_PL::28789,2025-08-23 11:30:00+00:00,2025,walk_forward_poisson,2,0.6157437840846874,0.1952900738086474,0.1889661421066652,0.4457170126461465,0.2343116201383918,0.3199713672154617,2025-08-23T00:00:00+00:00,4191,2025-08-22T19:00:00+00:00,False
ENG_PL::28791,2025-08-23 14:00:00+00:00,2025,walk_forward_poisson,0,0.3143194532661469,0.2958376812449673,0.3898428654888856,0.4457170126461465,0.2343116201383918,0.3199713672154617,2025-08-23T00:00:00+00:00,4191,2025-08-22T19:00:00+00:00,False
ENG_PL::28792,2025-08-23 14:00:00+00:00,2025,walk_forward_poisson,0,0.5489830028956804,0.2324546777393054,0.2185623193650141,0.4457170126461465,0.2343116201383918,0.3199713672154617,2025-08-23T00:00:00+00:00,4191,2025-08-22T19:00:00+00:00,False
ENG_PL::28790,2025-08-23 14:00:00+00:00,2025,walk_forward_poisson,0,0.4138467965572523,0.2396223216550696,0.3465308817876781,0.4457170126461465,0.2343116201383918,0.3199713672154617,2025-08-23T00:00:00+00:00,4191,2025-08-22T19:00:00+00:00,False
ENG_PL::28793,2025-08-23 16:30:00+00:00,2025,walk_forward_poisson,0,0.6513133094046538,0.2025254982575201,0.1461611923378259,0.4457170126461465,0.2343116201383918,0.3199713672154617,2025-08-23T00:00:00+00:00,4191,2025-08-22T19:00:00+00:00,False
ENG_PL::28794,2025-08-24 13:00:00+00:00,2025,walk_forward_poisson,1,0.4677518985801015,0.2497673629796962,0.2824807384402023,0.446139180171592,0.2340324118207817,0.3198284080076263,2025-08-24T00:00:00+00:00,4196,2025-08-23T16:30:00+00:00,False
ENG_PL::28795,2025-08-24 13:00:00+00:00,2025,walk_forward_poisson,0,0.3454819277070967,0.2672092487955712,0.3873088234973322,0.446139180171592,0.2340324118207817,0.3198284080076263,2025-08-24T00:00:00+00:00,4196,2025-08-23T16:30:00+00:00,False
ENG_PL::28796,2025-08-24 15:30:00+00:00,2025,walk_forward_poisson,1,0.4364789585312447,0.255131048322883,0.3083899931458722,0.446139180171592,0.2340324118207817,0.3198284080076263,2025-08-24T00:00:00+00:00,4196,2025-08-23T16:30:00+00:00,False
ENG_PL::28797,2025-08-25 19:00:00+00:00,2025,walk_forward_poisson,2,0.3257310434999328,0.2230800613546943,0.4511888951453728,0.4460585853774708,0.2343415098833055,0.3195999047392236,2025-08-25T00:00:00+00:00,4199,2025-08-24T15:30:00+00:00,False
ENG_PL::28798,2025-08-30 11:30:00+00:00,2025,walk_forward_poisson,0,0.4932639196440235,0.2421078741836977,0.2646282061722788,0.4459523809523809,0.2342857142857143,0.3197619047619047,2025-08-30T00:00:00+00:00,4200,2025-08-25T19:00:00+00:00,False
ENG_PL::28802,2025-08-30 14:00:00+00:00,2025,walk_forward_poisson,0,0.5424233688370166,0.2311331399301598,0.2264434912328236,0.4459523809523809,0.2342857142857143,0.3197619047619047,2025-08-30T00:00:00+00:00,4200,2025-08-25T19:00:00+00:00,False
ENG_PL::28801,2025-08-30 14:00:00+00:00,2025,walk_forward_poisson,0,0.33409109972022,0.2792095268724444,0.3866993734073355,0.4459523809523809,0.2342857142857143,0.3197619047619047,2025-08-30T00:00:00+00:00,4200,2025-08-25T19:00:00+00:00,False
ENG_PL::28800,2025-08-30 14:00:00+00:00,2025,walk_forward_poisson,2,0.3393777459022155,0.280351969882273,0.3802702842155114,0.4459523809523809,0.2342857142857143,0.3197619047619047,2025-08-30T00:00:00+00:00,4200,2025-08-25T19:00:00+00:00,False
ENG_PL::28799,2025-08-30 14:00:00+00:00,2025,walk_forward_poisson,2,0.3677934689671159,0.2296196924450156,0.4025868385878683,0.4459523809523809,0.2342857142857143,0.3197619047619047,2025-08-30T00:00:00+00:00,4200,2025-08-25T19:00:00+00:00,False
ENG_PL::28803,2025-08-30 16:30:00+00:00,2025,walk_forward_poisson,1,0.2467838336834519,0.2338717600045584,0.5193444063119897,0.4459523809523809,0.2342857142857143,0.3197619047619047,2025-08-30T00:00:00+00:00,4200,2025-08-25T19:00:00+00:00,False
ENG_PL::28804,2025-08-31 13:00:00+00:00,2025,walk_forward_poisson,2,0.4909056775245441,0.2479699937255444,0.2611243287499111,0.4460294816928198,0.234189253447456,0.3197812648597242,2025-08-31T00:00:00+00:00,4206,2025-08-30T16:30:00+00:00,False
ENG_PL::28805,2025-08-31 13:00:00+00:00,2025,walk_forward_poisson,0,0.2989473357800122,0.2432158615970499,0.4578368026229381,0.4460294816928198,0.234189253447456,0.3197812648597242,2025-08-31T00:00:00+00:00,4206,2025-08-30T16:30:00+00:00,False
ENG_PL::28806,2025-08-31 15:30:00+00:00,2025,walk_forward_poisson,0,0.4130344546899736,0.2436340753831111,0.3433314699269153,0.4460294816928198,0.234189253447456,0.3197812648597242,2025-08-31T00:00:00+00:00,4206,2025-08-30T16:30:00+00:00,False
ENG_PL::28807,2025-08-31 18:00:00+00:00,2025,walk_forward_poisson,2,0.4156556310139864,0.2459703536587134,0.3383740153273001,0.4460294816928198,0.234189253447456,0.3197812648597242,2025-08-31T00:00:00+00:00,4206,2025-08-30T16:30:00+00:00,False
ENG_PL::28808,2025-09-13 11:30:00+00:00,2025,walk_forward_poisson,0,0.6219989136444638,0.2226664952222113,0.1553345911333248,0.4460807600950118,0.2339667458432304,0.3199524940617577,2025-09-13T00:00:00+00:00,4210,2025-08-31T18:00:00+00:00,False
ENG_PL::28809,2025-09-13 14:00:00+00:00,2025,walk_forward_poisson,0,0.6157002397085253,0.2121503266072523,0.1721494336842222,0.4460807600950118,0.2339667458432304,0.3199524940617577,2025-09-13T00:00:00+00:00,4210,2025-08-31T18:00:00+00:00,False
ENG_PL::28810,2025-09-13 14:00:00+00:00,2025,walk_forward_poisson,0,0.4578710509815943,0.2400032096805011,0.3021257393379046,0.4460807600950118,0.2339667458432304,0.3199524940617577,2025-09-13T00:00:00+00:00,4210,2025-08-31T18:00:00+00:00,False
ENG_PL::28811,2025-09-13 14:00:00+00:00,2025,walk_forward_poisson,1,0.4479157955956517,0.2913162593805438,0.2607679450238044,0.4460807600950118,0.2339667458432304,0.3199524940617577,2025-09-13T00:00:00+00:00,4210,2025-08-31T18:00:00+00:00,False
ENG_PL::28812,2025-09-13 14:00:00+00:00,2025,walk_forward_poisson,1,0.3738160967378591,0.2630683789480713,0.3631155243140694,0.4460807600950118,0.2339667458432304,0.3199524940617577,2025-09-13T00:00:00+00:00,4210,2025-08-31T18:00:00+00:00,False
ENG_PL::28813,2025-09-13 14:00:00+00:00,2025,walk_forward_poisson,0,0.4509276733432903,0.2779650337307022,0.2711072929260076,0.4460807600950118,0.2339667458432304,0.3199524940617577,2025-09-13T00:00:00+00:00,4210,2025-08-31T18:00:00+00:00,False
ENG_PL::28814,2025-09-13 16:30:00+00:00,2025,walk_forward_poisson,2,0.3443915986729973,0.2342657794286963,0.421342621898306,0.4460807600950118,0.2339667458432304,0.3199524940617577,2025-09-13T00:00:00+00:00,4210,2025-08-31T18:00:00+00:00,False
ENG_PL::28815,2025-09-13 19:00:00+00:00,2025,walk_forward_poisson,1,0.3413552785145011,0.2334622011958649,0.4251825202896339,0.4460807600950118,0.2339667458432304,0.3199524940617577,2025-09-13T00:00:00+00:00,4210,2025-08-31T18:00:00+00:00,False
ENG_PL::28816,2025-09-14 13:00:00+00:00,2025,walk_forward_poisson,2,0.1242315475989695,0.1637953700073276,0.7119730823937027,0.4461830251303935,0.2342342342342342,0.3195827406353722,2025-09-14T00:00:00+00:00,4218,2025-09-13T19:00:00+00:00,False
ENG_PL::28817,2025-09-14 15:30:00+00:00,2025,walk_forward_poisson,0,0.6005726334086124,0.2062866856740852,0.1931406809173025,0.4461830251303935,0.2342342342342342,0.3195827406353722,2025-09-14T00:00:00+00:00,4218,2025-09-13T19:00:00+00:00,False
ENG_PL::28818,2025-09-20 11:30:00+00:00,2025,walk_forward_poisson,0,0.629978583224988,0.2035901421901116,0.1664312745849004,0.4462085308056872,0.2341232227488151,0.3196682464454976,2025-09-20T00:00:00+00:00,4220,2025-09-14T15:30:00+00:00,False
ENG_PL::28819,2025-09-20 14:00:00+00:00,2025,walk_forward_poisson,2,0.2903089281556087,0.2405111482352344,0.4691799236091568,0.4462085308056872,0.2341232227488151,0.3196682464454976,2025-09-20T00:00:00+00:00,4220,2025-09-14T15:30:00+00:00,False
ENG_PL::28820,2025-09-20 14:00:00+00:00,2025,walk_forward_poisson,2,0.3497562744467339,0.291353259782899,0.3588904657703674,0.4462085308056872,0.2341232227488151,0.3196682464454976,2025-09-20T00:00:00+00:00,4220,2025-09-14T15:30:00+00:00,False
ENG_PL::28821,2025-09-20 14:00:00+00:00,2025,walk_forward_poisson,1,0.4732090039138065,0.2317113249580344,0.2950796711281589,0.4462085308056872,0.2341232227488151,0.3196682464454976,2025-09-20T00:00:00+00:00,4220,2025-09-14T15:30:00+00:00,False
ENG_PL::28822,2025-09-20 14:00:00+00:00,2025,walk_forward_poisson,1,0.2898826024679001,0.2603359901260378,0.4497814074060619,0.4462085308056872,0.2341232227488151,0.3196682464454976,2025-09-20T00:00:00+00:00,4220,2025-09-14T15:30:00+00:00,False
ENG_PL::28824,2025-09-20 16:30:00+00:00,2025,walk_forward_poisson,0,0.3244743798455893,0.2342863875753235,0.4412392325790872,0.4462085308056872,0.2341232227488151,0.3196682464454976,2025-09-20T00:00:00+00:00,4220,2025-09-14T15:30:00+00:00,False
ENG_PL::28825,2025-09-20 19:00:00+00:00,2025,walk_forward_poisson,0,0.4093444883226972,0.2566228063196042,0.3340327053576988,0.4462085308056872,0.2341232227488151,0.3196682464454976,2025-09-20T00:00:00+00:00,4220,2025-09-14T15:30:00+00:00,False
ENG_PL::28826,2025-09-21 13:00:00+00:00,2025,walk_forward_poisson,1,0.2980174420190265,0.2995683065997858,0.4024142513811876,0.4461793233972084,0.2342086586231369,0.3196120179796546,2025-09-21T00:00:00+00:00,4227,2025-09-20T19:00:00+00:00,False
ENG_PL::28823,2025-09-21 13:00:00+00:00,2025,walk_forward_poisson,1,0.3840136483988775,0.2419204938588128,0.3740658577423096,0.4461793233972084,0.2342086586231369,0.3196120179796546,2025-09-21T00:00:00+00:00,4227,2025-09-20T19:00:00+00:00,False
ENG_PL::28827,2025-09-21 15:30:00+00:00,2025,walk_forward_poisson,1,0.4740520344086052,0.2493015702453484,0.2766463953460463,0.4461793233972084,0.2342086586231369,0.3196120179796546,2025-09-21T00:00:00+00:00,4227,2025-09-20T19:00:00+00:00,False
ENG_PL::28828,2025-09-27 11:30:00+00:00,2025,walk_forward_poisson,0,0.4398782330871371,0.235790527619323,0.3243312392935399,0.4458628841607565,0.2347517730496454,0.3193853427895981,2025-09-27T00:00:00+00:00,4230,2025-09-21T15:30:00+00:00,False
ENG_PL::28829,2025-09-27 14:00:00+00:00,2025,walk_forward_poisson,2,0.4803122451186384,0.2366458463344013,0.28304190854696,0.4458628841607565,0.2347517730496454,0.3193853427895981,2025-09-27T00:00:00+00:00,4230,2025-09-21T15:30:00+00:00,False
ENG_PL::28830,2025-09-27 14:00:00+00:00,2025,walk_forward_poisson,0,0.275308067335721,0.2248430231473182,0.4998489095169606,0.4458628841607565,0.2347517730496454,0.3193853427895981,2025-09-27T00:00:00+00:00,4230,2025-09-21T15:30:00+00:00,False
ENG_PL::28832,2025-09-27 14:00:00+00:00,2025,walk_forward_poisson,1,0.2725724469328557,0.2668350987038809,0.4605924543632634,0.4458628841607565,0.2347517730496454,0.3193853427895981,2025-09-27T00:00:00+00:00,4230,2025-09-21T15:30:00+00:00,False
ENG_PL::28833,2025-09-27 14:00:00+00:00,2025,walk_forward_poisson,0,0.7350911946384902,0.1617937197607275,0.1031150856007824,0.4458628841607565,0.2347517730496454,0.3193853427895981,2025-09-27T00:00:00+00:00,4230,2025-09-21T15:30:00+00:00,False
ENG_PL::28834,2025-09-27 16:30:00+00:00,2025,walk_forward_poisson,2,0.4120399271931907,0.3141699773914964,0.2737900954153128,0.4458628841607565,0.2347517730496454,0.3193853427895981,2025-09-27T00:00:00+00:00,4230,2025-09-21T15:30:00+00:00,False
ENG_PL::28835,2025-09-27 19:00:00+00:00,2025,walk_forward_poisson,1,0.4996922705611595,0.237703036749477,0.2626046926893633,0.4458628841607565,0.2347517730496454,0.3193853427895981,2025-09-27T00:00:00+00:00,4230,2025-09-21T15:30:00+00:00,False
ENG_PL::28831,2025-09-28 13:00:00+00:00,2025,walk_forward_poisson,0,0.4021426767122441,0.2635640622537639,0.334293261033992,0.4458343167335379,0.2348359688458815,0.3193297144205806,2025-09-28T00:00:00+00:00,4237,2025-09-27T19:00:00+00:00,False
ENG_PL::28836,2025-09-28 15:30:00+00:00,2025,walk_forward_poisson,2,0.3120744737361067,0.2598904812714772,0.4280350449924159,0.4458343167335379,0.2348359688458815,0.3193297144205806,2025-09-28T00:00:00+00:00,4237,2025-09-27T19:00:00+00:00,False
ENG_PL::28837,2025-09-29 19:00:00+00:00,2025,walk_forward_poisson,1,0.5110738326665348,0.2491360140969009,0.2397901532365643,0.445859872611465,0.2347251710309035,0.3194149563576315,2025-09-29T00:00:00+00:00,4239,2025-09-28T15:30:00+00:00,False
ENG_PL::28838,2025-10-03 19:00:00+00:00,2025,walk_forward_poisson,0,0.4558708567503111,0.257848384877099,0.28628075837259,0.445754716981132,0.2349056603773585,0.3193396226415094,2025-10-03T00:00:00+00:00,4240,2025-09-29T19:00:00+00:00,False
ENG_PL::28844,2025-10-04 11:30:00+00:00,2025,walk_forward_poisson,2,0.3904794820225029,0.2553296631244205,0.3541908548530766,0.4458854043857581,0.2348502711624616,0.3192643244517802,2025-10-04T00:00:00+00:00,4241,2025-10-03T19:00:00+00:00,False
ENG_PL::28839,2025-10-04 14:00:00+00:00,2025,walk_forward_poisson,0,0.7194646490462073,0.1754963673147884,0.1050389836390044,0.4458854043857581,0.2348502711624616,0.3192643244517802,2025-10-04T00:00:00+00:00,4241,2025-10-03T19:00:00+00:00,False
ENG_PL::28845,2025-10-04 14:00:00+00:00,2025,walk_forward_poisson,0,0.4443663557294959,0.2742385462471172,0.2813950980233867,0.4458854043857581,0.2348502711624616,0.3192643244517802,2025-10-04T00:00:00+00:00,4241,2025-10-03T19:00:00+00:00,False
ENG_PL::28842,2025-10-04 16:30:00+00:00,2025,walk_forward_poisson,0,0.3247588841854174,0.2238304482142843,0.4514106676002983,0.4458854043857581,0.2348502711624616,0.3192643244517802,2025-10-04T00:00:00+00:00,4241,2025-10-03T19:00:00+00:00,False
ENG_PL::28840,2025-10-05 13:00:00+00:00,2025,walk_forward_poisson,0,0.6042363534481799,0.2159948821740353,0.1797687643777847,0.4461719670200235,0.2346289752650176,0.3191990577149587,2025-10-05T00:00:00+00:00,4245,2025-10-04T16:30:00+00:00,False
ENG_PL::28843,2025-10-05 13:00:00+00:00,2025,walk_forward_poisson,0,0.3643157425327097,0.2582100804989244,0.3774741769683658,0.4461719670200235,0.2346289752650176,0.3191990577149587,2025-10-05T00:00:00+00:00,4245,2025-10-04T16:30:00+00:00,False
ENG_PL::28846,2025-10-05 13:00:00+00:00,2025,walk_forward_poisson,0,0.5663942386290899,0.2275350892095841,0.206070672161326,0.4461719670200235,0.2346289752650176,0.3191990577149587,2025-10-05T00:00:00+00:00,4245,2025-10-04T16:30:00+00:00,False
ENG_PL::28847,2025-10-05 13:00:00+00:00,2025,walk_forward_poisson,1,0.3026610259720779,0.2610425129401759,0.4362964610877463,0.4461719670200235,0.2346289752650176,0.3191990577149587,2025-10-05T00:00:00+00:00,4245,2025-10-04T16:30:00+00:00,False
ENG_PL::28841,2025-10-05 15:30:00+00:00,2025,walk_forward_poisson,2,0.2826341308926072,0.2317998371497404,0.4855660319576524,0.4461719670200235,0.2346289752650176,0.3191990577149587,2025-10-05T00:00:00+00:00,4245,2025-10-04T16:30:00+00:00,False
ENG_PL::28854,2025-10-18 11:30:00+00:00,2025,walk_forward_poisson,2,0.2904890104717104,0.2439645382266484,0.4655464513016412,0.4463529411764705,0.2345882352941176,0.3190588235294118,2025-10-18T00:00:00+00:00,4250,2025-10-05T15:30:00+00:00,False
ENG_PL::28849,2025-10-18 14:00:00+00:00,2025,walk_forward_poisson,0,0.2705298693755263,0.2733272715841111,0.4561428590403625,0.4463529411764705,0.2345882352941176,0.3190588235294118,2025-10-18T00:00:00+00:00,4250,2025-10-05T15:30:00+00:00,False
ENG_PL::28855,2025-10-18 14:00:00+00:00,2025,walk_forward_poisson,0,0.3935142081167994,0.3044652603511512,0.3020205315320494,0.4463529411764705,0.2345882352941176,0.3190588235294118,2025-10-18T00:00:00+00:00,4250,2025-10-05T15:30:00+00:00,False
ENG_PL::28848,2025-10-18 14:00:00+00:00,2025,walk_forward_poisson,0,0.3562679326674315,0.2473581481399324,0.3963739191926361,0.4463529411764705,0.2345882352941176,0.3190588235294118,2025-10-18T00:00:00+00:00,4250,2025-10-05T15:30:00+00:00,False
ENG_PL::28853,2025-10-18 14:00:00+00:00,2025,walk_forward_poisson,0,0.5897005265845251,0.2256765166092295,0.1846229568062453,0.4463529411764705,0.2345882352941176,0.3190588235294118,2025-10-18T00:00:00+00:00,4250,2025-10-05T15:30:00+00:00,False
ENG_PL::28850,2025-10-18 14:00:00+00:00,2025,walk_forward_poisson,1,0.4177226737261175,0.2406205897727716,0.3416567365011109,0.4463529411764705,0.2345882352941176,0.3190588235294118,2025-10-18T00:00:00+00:00,4250,2025-10-05T15:30:00+00:00,False
ENG_PL::28851,2025-10-18 16:30:00+00:00,2025,walk_forward_poisson,2,0.2346815032749619,0.2623497253710506,0.5029687713539872,0.4463529411764705,0.2345882352941176,0.3190588235294118,2025-10-18T00:00:00+00:00,4250,2025-10-05T15:30:00+00:00,False
ENG_PL::28856,2025-10-19 13:00:00+00:00,2025,walk_forward_poisson,2,0.4004100787859534,0.2412297002874365,0.3583602209266101,0.446558609349307,0.2344373972280949,0.319003993422598,2025-10-19T00:00:00+00:00,4257,2025-10-18T16:30:00+00:00,False
ENG_PL::28852,2025-10-19 15:30:00+00:00,2025,walk_forward_poisson,2,0.6507838157099637,0.1824864940049455,0.1667296902850906,0.446558609349307,0.2344373972280949,0.319003993422598,2025-10-19T00:00:00+00:00,4257,2025-10-18T16:30:00+00:00,False
ENG_PL::28857,2025-10-20 19:00:00+00:00,2025,walk_forward_poisson,2,0.3043631216858133,0.2437780023957406,0.4518588759184458,0.4463489081944118,0.2343273068795492,0.3193237849260389,2025-10-20T00:00:00+00:00,4259,2025-10-19T15:30:00+00:00,False
ENG_PL::28864,2025-10-24 19:00:00+00:00,2025,walk_forward_poisson,0,0.5269869616294269,0.2501726741956286,0.2228403641749444,0.446244131455399,0.2342723004694835,0.3194835680751173,2025-10-24T00:00:00+00:00,4260,2025-10-20T19:00:00+00:00,False
ENG_PL::28862,2025-10-25 14:00:00+00:00,2025,walk_forward_poisson,2,0.5477707424236251,0.2491115570700922,0.2031177005062827,0.4463740905890636,0.2342173198779629,0.3194085895329734,2025-10-25T00:00:00+00:00,4261,2025-10-24T19:00:00+00:00,False
ENG_PL::28866,2025-10-25 14:00:00+00:00,2025,walk_forward_poisson,0,0.514773523790253,0.2471482583927219,0.2380782178170251,0.4463740905890636,0.2342173198779629,0.3194085895329734,2025-10-25T00:00:00+00:00,4261,2025-10-24T19:00:00+00:00,False
ENG_PL::28865,2025-10-25 16:30:00+00:00,2025,walk_forward_poisson,0,0.3917736632627497,0.2435853590924692,0.3646409776447809,0.4463740905890636,0.2342173198779629,0.3194085895329734,2025-10-25T00:00:00+00:00,4261,2025-10-24T19:00:00+00:00,False
ENG_PL::28861,2025-10-25 19:00:00+00:00,2025,walk_forward_poisson,0,0.2882520836079862,0.2206394385531482,0.4911084778388654,0.4463740905890636,0.2342173198779629,0.3194085895329734,2025-10-25T00:00:00+00:00,4261,2025-10-24T19:00:00+00:00,False
ENG_PL::28858,2025-10-26 14:00:00+00:00,2025,walk_forward_poisson,0,0.5353080423012839,0.2334688262742251,0.2312231314244909,0.4466588511137163,0.2339976553341149,0.3193434935521688,2025-10-26T00:00:00+00:00,4265,2025-10-25T19:00:00+00:00,False
ENG_PL::28859,2025-10-26 14:00:00+00:00,2025,walk_forward_poisson,0,0.590972102530699,0.2177006612477684,0.1913272362215325,0.4466588511137163,0.2339976553341149,0.3193434935521688,2025-10-26T00:00:00+00:00,4265,2025-10-25T19:00:00+00:00,False
ENG_PL::28860,2025-10-26 14:00:00+00:00,2025,walk_forward_poisson,0,0.2658733111680515,0.2422857249883319,0.4918409638436167,0.4466588511137163,0.2339976553341149,0.3193434935521688,2025-10-26T00:00:00+00:00,4265,2025-10-25T19:00:00+00:00,False
ENG_PL::28867,2025-10-26 14:00:00+00:00,2025,walk_forward_poisson,2,0.5068943915461231,0.2607381521047965,0.2323674563490805,0.4466588511137163,0.2339976553341149,0.3193434935521688,2025-10-26T00:00:00+00:00,4265,2025-10-25T19:00:00+00:00,False
ENG_PL::28863,2025-10-26 16:30:00+00:00,2025,walk_forward_poisson,2,0.4180741219422633,0.2540381441003866,0.3278877339573501,0.4466588511137163,0.2339976553341149,0.3193434935521688,2025-10-26T00:00:00+00:00,4265,2025-10-25T19:00:00+00:00,False
ENG_PL::28869,2025-11-01 15:00:00+00:00,2025,walk_forward_poisson,2,0.1081363049801321,0.1849069310396396,0.7069567639802286,0.4468384074941452,0.2337236533957845,0.3194379391100702,2025-11-01T00:00:00+00:00,4270,2025-10-26T16:30:00+00:00,False
ENG_PL::28874,2025-11-01 15:00:00+00:00,2025,walk_forward_poisson,1,0.3539915664775689,0.2503323744937734,0.3956760590286576,0.4468384074941452,0.2337236533957845,0.3194379391100702,2025-11-01T00:00:00+00:00,4270,2025-10-26T16:30:00+00:00,False
ENG_PL::28868,2025-11-01 15:00:00+00:00,2025,walk_forward_poisson,0,0.4152750196766748,0.2694681557633531,0.3152568245599719,0.4468384074941452,0.2337236533957845,0.3194379391100702,2025-11-01T00:00:00+00:00,4270,2025-10-26T16:30:00+00:00,False
ENG_PL::28870,2025-11-01 15:00:00+00:00,2025,walk_forward_poisson,0,0.4567983739943226,0.2296673922617575,0.3135342337439196,0.4468384074941452,0.2337236533957845,0.3194379391100702,2025-11-01T00:00:00+00:00,4270,2025-10-26T16:30:00+00:00,False
ENG_PL::28871,2025-11-01 15:00:00+00:00,2025,walk_forward_poisson,0,0.4891145278012204,0.2661557469650046,0.2447297252337748,0.4468384074941452,0.2337236533957845,0.3194379391100702,2025-11-01T00:00:00+00:00,4270,2025-10-26T16:30:00+00:00,False
ENG_PL::28876,2025-11-01 17:30:00+00:00,2025,walk_forward_poisson,2,0.350344279006714,0.2296774352767872,0.4199782857164987,0.4468384074941452,0.2337236533957845,0.3194379391100702,2025-11-01T00:00:00+00:00,4270,2025-10-26T16:30:00+00:00,False
ENG_PL::28872,2025-11-01 20:00:00+00:00,2025,walk_forward_poisson,0,0.6128234299610752,0.1990985164733336,0.1880780535655913,0.4468384074941452,0.2337236533957845,0.3194379391100702,2025-11-01T00:00:00+00:00,4270,2025-10-26T16:30:00+00:00,False
ENG_PL::28877,2025-11-02 14:00:00+00:00,2025,walk_forward_poisson,0,0.208427207845864,0.2201755009477132,0.5713972912064229,0.4470423193827449,0.2335749357025952,0.3193827449146598,2025-11-02T00:00:00+00:00,4277,2025-11-01T20:00:00+00:00,False
ENG_PL::28873,2025-11-02 16:30:00+00:00,2025,walk_forward_poisson,0,0.5533470974018141,0.2253808107824469,0.221272091815739,0.4470423193827449,0.2335749357025952,0.3193827449146598,2025-11-02T00:00:00+00:00,4277,2025-11-01T20:00:00+00:00,False
ENG_PL::28875,2025-11-03 20:00:00+00:00,2025,walk_forward_poisson,1,0.3786029843403141,0.3011916117591253,0.3202054039005603,0.4473007712082262,0.233465763028745,0.3192334657630287,2025-11-03T00:00:00+00:00,4279,2025-11-02T16:30:00+00:00,False
ENG_PL::28886,2025-11-08 12:30:00+00:00,2025,walk_forward_poisson,1,0.4062199183307986,0.2313830036115479,0.3623970780576534,0.4471962616822429,0.2336448598130841,0.3191588785046729,2025-11-08T00:00:00+00:00,4280,2025-11-03T20:00:00+00:00,False
ENG_PL::28887,2025-11-08 15:00:00+00:00,2025,walk_forward_poisson,0,0.5021304497719612,0.2438886757368998,0.253980874491139,0.4471962616822429,0.2336448598130841,0.3191588785046729,2025-11-08T00:00:00+00:00,4280,2025-11-03T20:00:00+00:00,False
ENG_PL::28882,2025-11-08 15:00:00+00:00,2025,walk_forward_poisson,0,0.3801646786145329,0.2766680980244086,0.3431672233610583,0.4471962616822429,0.2336448598130841,0.3191588785046729,2025-11-08T00:00:00+00:00,4280,2025-11-03T20:00:00+00:00,False
ENG_PL::28885,2025-11-08 17:30:00+00:00,2025,walk_forward_poisson,1,0.1962775867160477,0.2746657173969301,0.5290566958870223,0.4471962616822429,0.2336448598130841,0.3191588785046729,2025-11-08T00:00:00+00:00,4280,2025-11-03T20:00:00+00:00,False
ENG_PL::28880,2025-11-08 20:00:00+00:00,2025,walk_forward_poisson,0,0.6145911974145877,0.212715093170711,0.1726937094147012,0.4471962616822429,0.2336448598130841,0.3191588785046729,2025-11-08T00:00:00+00:00,4280,2025-11-03T20:00:00+00:00,False
ENG_PL::28878,2025-11-09 14:00:00+00:00,2025,walk_forward_poisson,0,0.3884567709611518,0.2557710656200815,0.3557721634187666,0.4473745624270712,0.2338389731621937,0.3187864644107351,2025-11-09T00:00:00+00:00,4285,2025-11-08T20:00:00+00:00,False
ENG_PL::28879,2025-11-09 14:00:00+00:00,2025,walk_forward_poisson,0,0.3766327678819998,0.2429738485691475,0.3803933835488527,0.4473745624270712,0.2338389731621937,0.3187864644107351,2025-11-09T00:00:00+00:00,4285,2025-11-08T20:00:00+00:00,False
ENG_PL::28881,2025-11-09 14:00:00+00:00,2025,walk_forward_poisson,1,0.4553639499141594,0.2393609081757587,0.3052751419100816,0.4473745624270712,0.2338389731621937,0.3187864644107351,2025-11-09T00:00:00+00:00,4285,2025-11-08T20:00:00+00:00,False
ENG_PL::28884,2025-11-09 14:00:00+00:00,2025,walk_forward_poisson,0,0.3801644707213473,0.2781520057248884,0.3416835235537643,0.4473745624270712,0.2338389731621937,0.3187864644107351,2025-11-09T00:00:00+00:00,4285,2025-11-08T20:00:00+00:00,False
ENG_PL::28883,2025-11-09 16:30:00+00:00,2025,walk_forward_poisson,0,0.4469052979649326,0.2296550216775076,0.3234396803575596,0.4473745624270712,0.2338389731621937,0.3187864644107351,2025-11-09T00:00:00+00:00,4285,2025-11-08T20:00:00+00:00,False
ENG_PL::28891,2025-11-22 12:30:00+00:00,2025,walk_forward_poisson,2,0.1731477436361981,0.1934215985109831,0.633430657852819,0.4477855477855478,0.2337995337995338,0.3184149184149184,2025-11-22T00:00:00+00:00,4290,2025-11-09T16:30:00+00:00,False
ENG_PL::28897,2025-11-22 15:00:00+00:00,2025,walk_forward_poisson,2,0.2669326437958138,0.2497379152301058,0.4833294409740804,0.4477855477855478,0.2337995337995338,0.3184149184149184,2025-11-22T00:00:00+00:00,4290,2025-11-09T16:30:00+00:00,False
ENG_PL::28894,2025-11-22 15:00:00+00:00,2025,walk_forward_poisson,2,0.6775566215682972,0.1815614784507007,0.140881899981002,0.4477855477855478,0.2337995337995338,0.3184149184149184,2025-11-22T00:00:00+00:00,4290,2025-11-09T16:30:00+00:00,False
ENG_PL::28888,2025-11-22 15:00:00+00:00,2025,walk_forward_poisson,1,0.6008633640786063,0.2104899423697935,0.1886466935516003,0.4477855477855478,0.2337995337995338,0.3184149184149184,2025-11-22T00:00:00+00:00,4290,2025-11-09T16:30:00+00:00,False
ENG_PL::28890,2025-11-22 15:00:00+00:00,2025,walk_forward_poisson,0,0.4291069996047812,0.246426336216092,0.3244666641791267,0.4477855477855478,0.2337995337995338,0.3184149184149184,2025-11-22T00:00:00+00:00,4290,2025-11-09T16:30:00+00:00,False
ENG_PL::28892,2025-11-22 15:00:00+00:00,2025,walk_forward_poisson,0,0.4511209186142914,0.2816378040682077,0.2672412773175008,0.4477855477855478,0.2337995337995338,0.3184149184149184,2025-11-22T00:00:00+00:00,4290,2025-11-09T16:30:00+00:00,False
ENG_PL::28896,2025-11-22 17:30:00+00:00,2025,walk_forward_poisson,0,0.3597220965362023,0.2487539030211587,0.3915240004426388,0.4477855477855478,0.2337995337995338,0.3184149184149184,2025-11-22T00:00:00+00:00,4290,2025-11-09T16:30:00+00:00,False
ENG_PL::28893,2025-11-23 14:00:00+00:00,2025,walk_forward_poisson,2,0.3742638272868879,0.2753848620377286,0.3503513106753835,0.4477542471491738,0.2336513846869909,0.3185943681638352,2025-11-23T00:00:00+00:00,4297,2025-11-22T17:30:00+00:00,False
ENG_PL::28889,2025-11-23 16:30:00+00:00,2025,walk_forward_poisson,0,0.6810445365970811,0.1867671397421833,0.1321883236607355,0.4477542471491738,0.2336513846869909,0.3185943681638352,2025-11-23T00:00:00+00:00,4297,2025-11-22T17:30:00+00:00,False
ENG_PL::28895,2025-11-24 20:00:00+00:00,2025,walk_forward_poisson,2,0.4489428078155622,0.2504700033402834,0.3005871888441541,0.4477785531518958,0.2335426843451965,0.3186787625029076,2025-11-24T00:00:00+00:00,4299,2025-11-23T16:30:00+00:00,False
ENG_PL::28899,2025-11-29 15:00:00+00:00,2025,walk_forward_poisson,0,0.6935349923314749,0.1781606447831885,0.1283043628853365,0.4476744186046512,0.2334883720930232,0.3188372093023255,2025-11-29T00:00:00+00:00,4300,2025-11-24T20:00:00+00:00,False
ENG_PL::28903,2025-11-29 15:00:00+00:00,2025,walk_forward_poisson,0,0.6278359735600614,0.2115739945120989,0.1605900319278397,0.4476744186046512,0.2334883720930232,0.3188372093023255,2025-11-29T00:00:00+00:00,4300,2025-11-24T20:00:00+00:00,False
ENG_PL::28905,2025-11-29 15:00:00+00:00,2025,walk_forward_poisson,0,0.2909422994947789,0.2653267216243593,0.4437309788808618,0.4476744186046512,0.2334883720930232,0.3188372093023255,2025-11-29T00:00:00+00:00,4300,2025-11-24T20:00:00+00:00,False
ENG_PL::28902,2025-11-29 17:30:00+00:00,2025,walk_forward_poisson,2,0.3165589036569435,0.2556547080347943,0.4277863883082622,0.4476744186046512,0.2334883720930232,0.3188372093023255,2025-11-29T00:00:00+00:00,4300,2025-11-24T20:00:00+00:00,False
ENG_PL::28906,2025-11-29 20:00:00+00:00,2025,walk_forward_poisson,2,0.3898212666598074,0.251955342286606,0.3582233910535864,0.4476744186046512,0.2334883720930232,0.3188372093023255,2025-11-29T00:00:00+00:00,4300,2025-11-24T20:00:00+00:00,False
ENG_PL::28901,2025-11-30 12:00:00+00:00,2025,walk_forward_poisson,2,0.4884936551486082,0.2277573894757958,0.2837489553755961,0.4478513356562137,0.2332171893147503,0.318931475029036,2025-11-30T00:00:00+00:00,4305,2025-11-29T20:00:00+00:00,False
ENG_PL::28904,2025-11-30 14:05:00+00:00,2025,walk_forward_poisson,2,0.340183317971269,0.2643565305235475,0.3954601515051833,0.4478513356562137,0.2332171893147503,0.318931475029036,2025-11-30T00:00:00+00:00,4305,2025-11-29T20:00:00+00:00,False
ENG_PL::28898,2025-11-30 14:05:00+00:00,2025,walk_forward_poisson,0,0.5331322590726053,0.2468448649487618,0.2200228759786328,0.4478513356562137,0.2332171893147503,0.318931475029036,2025-11-30T00:00:00+00:00,4305,2025-11-29T20:00:00+00:00,False
ENG_PL::28907,2025-11-30 14:05:00+00:00,2025,walk_forward_poisson,2,0.1694309487985711,0.1880457883741649,0.6425232628272639,0.4478513356562137,0.2332171893147503,0.318931475029036,2025-11-30T00:00:00+00:00,4305,2025-11-29T20:00:00+00:00,False
ENG_PL::28900,2025-11-30 16:30:00+00:00,2025,walk_forward_poisson,1,0.3059801759050891,0.2504969001839468,0.4435229239109641,0.4478513356562137,0.2332171893147503,0.318931475029036,2025-11-30T00:00:00+00:00,4305,2025-11-29T20:00:00+00:00,False
ENG_PL::28912,2025-12-02 19:30:00+00:00,2025,walk_forward_poisson,2,0.2726380629487573,0.248866695077726,0.4784952419735165,0.4475638051044083,0.2331786542923433,0.3192575406032482,2025-12-02T00:00:00+00:00,4310,2025-11-30T16:30:00+00:00,False
ENG_PL::28908,2025-12-02 19:30:00+00:00,2025,walk_forward_poisson,2,0.5123828472875416,0.2428905363673242,0.2447266163451343,0.4475638051044083,0.2331786542923433,0.3192575406032482,2025-12-02T00:00:00+00:00,4310,2025-11-30T16:30:00+00:00,False
ENG_PL::28916,2025-12-02 20:15:00+00:00,2025,walk_forward_poisson,1,0.5803684548575401,0.2088463155861683,0.2107852295562915,0.4475638051044083,0.2331786542923433,0.3192575406032482,2025-12-02T00:00:00+00:00,4310,2025-11-30T16:30:00+00:00,False
ENG_PL::28909,2025-12-03 19:30:00+00:00,2025,walk_forward_poisson,0,0.590858493539761,0.2246371007289089,0.18450440573133,0.4472524924646417,0.2332483190354741,0.319499188499884,2025-12-03T00:00:00+00:00,4313,2025-12-02T20:15:00+00:00,False
ENG_PL::28910,2025-12-03 19:30:00+00:00,2025,walk_forward_poisson,2,0.4718789514543453,0.250104714465876,0.2780163340797787,0.4472524924646417,0.2332483190354741,0.319499188499884,2025-12-03T00:00:00+00:00,4313,2025-12-02T20:15:00+00:00,False
ENG_PL::28911,2025-12-03 19:30:00+00:00,2025,walk_forward_poisson,2,0.1875285004699888,0.2073134202800314,0.6051580792499797,0.4472524924646417,0.2332483190354741,0.319499188499884,2025-12-03T00:00:00+00:00,4313,2025-12-02T20:15:00+00:00,False
ENG_PL::28917,2025-12-03 19:30:00+00:00,2025,walk_forward_poisson,2,0.3526344093380816,0.2749282085071775,0.3724373821547412,0.4472524924646417,0.2332483190354741,0.319499188499884,2025-12-03T00:00:00+00:00,4313,2025-12-02T20:15:00+00:00,False
ENG_PL::28913,2025-12-03 20:15:00+00:00,2025,walk_forward_poisson,0,0.2861670440078265,0.2417489104974232,0.47208404549475,0.4472524924646417,0.2332483190354741,0.319499188499884,2025-12-03T00:00:00+00:00,4313,2025-12-02T20:15:00+00:00,False
ENG_PL::28914,2025-12-03 20:15:00+00:00,2025,walk_forward_poisson,1,0.7170073772588399,0.1722544679685189,0.1107381547726412,0.4472524924646417,0.2332483190354741,0.319499188499884,2025-12-03T00:00:00+00:00,4313,2025-12-02T20:15:00+00:00,False
ENG_PL::28915,2025-12-04 20:00:00+00:00,2025,walk_forward_poisson,1,0.5827438561720095,0.2132069963660821,0.2040491474619082,0.4470942347765687,0.2331558231072007,0.3197499421162306,2025-12-04T00:00:00+00:00,4319,2025-12-03T20:15:00+00:00,False
ENG_PL::28919,2025-12-06 12:30:00+00:00,2025,walk_forward_poisson,0,0.2205210100582243,0.2452008334277687,0.5342781565140071,0.4469907407407407,0.2333333333333333,0.3196759259259259,2025-12-06T00:00:00+00:00,4320,2025-12-04T20:00:00+00:00,False
ENG_PL::28926,2025-12-06 15:00:00+00:00,2025,walk_forward_poisson,0,0.3548239191781445,0.2398439222181569,0.4053321586036987,0.4469907407407407,0.2333333333333333,0.3196759259259259,2025-12-06T00:00:00+00:00,4320,2025-12-04T20:00:00+00:00,False
ENG_PL::28924,2025-12-06 15:00:00+00:00,2025,walk_forward_poisson,0,0.6827473532569999,0.1957573513133837,0.1214952954296163,0.4469907407407407,0.2333333333333333,0.3196759259259259,2025-12-06T00:00:00+00:00,4320,2025-12-04T20:00:00+00:00,False
ENG_PL::28925,2025-12-06 15:00:00+00:00,2025,walk_forward_poisson,0,0.735003829915984,0.1600049453931241,0.1049912246908918,0.4469907407407407,0.2333333333333333,0.3196759259259259,2025-12-06T00:00:00+00:00,4320,2025-12-04T20:00:00+00:00,False
ENG_PL::28918,2025-12-06 15:00:00+00:00,2025,walk_forward_poisson,1,0.3904886343325569,0.2377310396251566,0.3717803260422863,0.4469907407407407,0.2333333333333333,0.3196759259259259,2025-12-06T00:00:00+00:00,4320,2025-12-04T20:00:00+00:00,False
ENG_PL::28921,2025-12-06 15:00:00+00:00,2025,walk_forward_poisson,0,0.4349791835042754,0.2677691636696433,0.2972516528260812,0.4469907407407407,0.2333333333333333,0.3196759259259259,2025-12-06T00:00:00+00:00,4320,2025-12-04T20:00:00+00:00,False
ENG_PL::28923,2025-12-06 17:30:00+00:00,2025,walk_forward_poisson,1,0.2462737448123939,0.2285853313459244,0.5251409238416815,0.4469907407407407,0.2333333333333333,0.3196759259259259,2025-12-06T00:00:00+00:00,4320,2025-12-04T20:00:00+00:00,False
ENG_PL::28920,2025-12-07 14:00:00+00:00,2025,walk_forward_poisson,1,0.6022492673969222,0.212058910792323,0.1856918218107548,0.4474231569216547,0.2334180725675988,0.3191587705107465,2025-12-07T00:00:00+00:00,4327,2025-12-06T17:30:00+00:00,False
ENG_PL::28922,2025-12-07 16:30:00+00:00,2025,walk_forward_poisson,2,0.3903990028544241,0.2549176357102419,0.3546833614353338,0.4474231569216547,0.2334180725675988,0.3191587705107465,2025-12-07T00:00:00+00:00,4327,2025-12-06T17:30:00+00:00,False
ENG_PL::28927,2025-12-08 20:00:00+00:00,2025,walk_forward_poisson,2,0.3031560717150435,0.2536204502724404,0.443223478012516,0.4472164472164472,0.2335412335412335,0.3192423192423192,2025-12-08T00:00:00+00:00,4329,2025-12-07T16:30:00+00:00,False
ENG_PL::28931,2025-12-13 15:00:00+00:00,2025,walk_forward_poisson,0,0.541434974115869,0.2315359574686007,0.2270290684155301,0.4471131639722864,0.233487297921478,0.3193995381062355,2025-12-13T00:00:00+00:00,4330,2025-12-08T20:00:00+00:00,False
ENG_PL::28933,2025-12-13 15:00:00+00:00,2025,walk_forward_poisson,0,0.5924320723772695,0.2045625442500707,0.2030053833726598,0.4471131639722864,0.233487297921478,0.3193995381062355,2025-12-13T00:00:00+00:00,4330,2025-12-08T20:00:00+00:00,False
ENG_PL::28930,2025-12-13 17:30:00+00:00,2025,walk_forward_poisson,2,0.2463714083125926,0.2538122008788664,0.4998163908085408,0.4471131639722864,0.233487297921478,0.3193995381062355,2025-12-13T00:00:00+00:00,4330,2025-12-08T20:00:00+00:00,False
ENG_PL::28928,2025-12-13 20:00:00+00:00,2025,walk_forward_poisson,0,0.737350691443596,0.1721334085895598,0.0905158999668441,0.4471131639722864,0.233487297921478,0.3193995381062355,2025-12-13T00:00:00+00:00,4330,2025-12-08T20:00:00+00:00,False
ENG_PL::28936,2025-12-14 14:00:00+00:00,2025,walk_forward_poisson,0,0.2407857414809169,0.2576816765379378,0.5015325819811455,0.4473927088140286,0.2332718043377941,0.3193354868481772,2025-12-14T00:00:00+00:00,4334,2025-12-13T20:00:00+00:00,False
ENG_PL::28937,2025-12-14 14:00:00+00:00,2025,walk_forward_poisson,2,0.2968620672614022,0.2425487797493541,0.4605891529892434,0.4473927088140286,0.2332718043377941,0.3193354868481772,2025-12-14T00:00:00+00:00,4334,2025-12-13T20:00:00+00:00,False
ENG_PL::28932,2025-12-14 14:00:00+00:00,2025,walk_forward_poisson,2,0.3078556421269823,0.2367606635294923,0.4553836943435254,0.4473927088140286,0.2332718043377941,0.3193354868481772,2025-12-14T00:00:00+00:00,4334,2025-12-13T20:00:00+00:00,False
ENG_PL::28935,2025-12-14 14:00:00+00:00,2025,walk_forward_poisson,0,0.3864678808342176,0.2551458057722352,0.3583863133935472,0.4473927088140286,0.2332718043377941,0.3193354868481772,2025-12-14T00:00:00+00:00,4334,2025-12-13T20:00:00+00:00,False
ENG_PL::28929,2025-12-14 16:30:00+00:00,2025,walk_forward_poisson,1,0.4976196281567961,0.2429752378559576,0.2594051339872459,0.4473927088140286,0.2332718043377941,0.3193354868481772,2025-12-14T00:00:00+00:00,4334,2025-12-13T20:00:00+00:00,False
ENG_PL::28934,2025-12-15 20:00:00+00:00,2025,walk_forward_poisson,1,0.4158420374898101,0.2397759445474839,0.3443820179627061,0.4473380963355612,0.2332334639317815,0.3194284397326573,2025-12-15T00:00:00+00:00,4339,2025-12-14T16:30:00+00:00,False
ENG_PL::28945,2025-12-20 12:30:00+00:00,2025,walk_forward_poisson,1,0.4323403259513085,0.2353786878240637,0.3322809862246277,0.4472350230414746,0.2334101382488479,0.3193548387096774,2025-12-20T00:00:00+00:00,4340,2025-12-15T20:00:00+00:00,False
ENG_PL::28940,2025-12-20 15:00:00+00:00,2025,walk_forward_poisson,1,0.5393202514923735,0.2536311330509255,0.2070486154567011,0.4472350230414746,0.2334101382488479,0.3193548387096774,2025-12-20T00:00:00+00:00,4340,2025-12-15T20:00:00+00:00,False
ENG_PL::28944,2025-12-20 15:00:00+00:00,2025,walk_forward_poisson,0,0.7275265154722023,0.1624641889521952,0.1100092955756026,0.4472350230414746,0.2334101382488479,0.3193548387096774,2025-12-20T00:00:00+00:00,4340,2025-12-15T20:00:00+00:00,False
ENG_PL::28947,2025-12-20 15:00:00+00:00,2025,walk_forward_poisson,2,0.2747151733958589,0.2533981110199276,0.4718867155842137,0.4472350230414746,0.2334101382488479,0.3193548387096774,2025-12-20T00:00:00+00:00,4340,2025-12-15T20:00:00+00:00,False
ENG_PL::28938,2025-12-20 15:00:00+00:00,2025,walk_forward_poisson,1,0.6675387182993837,0.1880588440595158,0.1444024376411006,0.4472350230414746,0.2334101382488479,0.3193548387096774,2025-12-20T00:00:00+00:00,4340,2025-12-15T20:00:00+00:00,False
ENG_PL::28946,2025-12-20 17:30:00+00:00,2025,walk_forward_poisson,2,0.2471018827719873,0.2129130981870521,0.5399850190409604,0.4472350230414746,0.2334101382488479,0.3193548387096774,2025-12-20T00:00:00+00:00,4340,2025-12-15T20:00:00+00:00,False
ENG_PL::28943,2025-12-20 20:00:00+00:00,2025,walk_forward_poisson,0,0.3624632138341062,0.2557222144803765,0.3818145716855173,0.4472350230414746,0.2334101382488479,0.3193548387096774,2025-12-20T00:00:00+00:00,4340,2025-12-15T20:00:00+00:00,False
ENG_PL::28941,2025-12-20 20:00:00+00:00,2025,walk_forward_poisson,2,0.209083344767168,0.2480567665412566,0.5428598886915754,0.4472350230414746,0.2334101382488479,0.3193548387096774,2025-12-20T00:00:00+00:00,4340,2025-12-15T20:00:00+00:00,False
ENG_PL::28939,2025-12-21 16:30:00+00:00,2025,walk_forward_poisson,0,0.4194053329583895,0.2368775271619266,0.3437171398796839,0.4468721251149954,0.233670653173873,0.3194572217111315,2025-12-21T00:00:00+00:00,4348,2025-12-20T20:00:00+00:00,False
ENG_PL::28942,2025-12-22 20:00:00+00:00,2025,walk_forward_poisson,0,0.4509936036298953,0.2642759462331756,0.284730450136929,0.4469993101862497,0.2336169234306737,0.3193837663830766,2025-12-22T00:00:00+00:00,4349,2025-12-21T16:30:00+00:00,False
ENG_PL::28954,2025-12-26 20:00:00+00:00,2025,walk_forward_poisson,0,0.3776382334612894,0.2357098902081478,0.3866518763305625,0.4471264367816092,0.2335632183908046,0.3193103448275862,2025-12-26T00:00:00+00:00,4350,2025-12-22T20:00:00+00:00,False
ENG_PL::28955,2025-12-27 12:30:00+00:00,2025,walk_forward_poisson,2,0.2284742069789108,0.2360805711335347,0.5354452218875544,0.4472535049413927,0.2335095380372328,0.3192369570213744,2025-12-27T00:00:00+00:00,4351,2025-12-26T20:00:00+00:00,False
ENG_PL::28949,2025-12-27 15:00:00+00:00,2025,walk_forward_poisson,0,0.4264510752058273,0.2430490026498739,0.3304999221442988,0.4472535049413927,0.2335095380372328,0.3192369570213744,2025-12-27T00:00:00+00:00,4351,2025-12-26T20:00:00+00:00,False
ENG_PL::28948,2025-12-27 15:00:00+00:00,2025,walk_forward_poisson,0,0.6177761824396497,0.2154098185901313,0.166813998970219,0.4472535049413927,0.2335095380372328,0.3192369570213744,2025-12-27T00:00:00+00:00,4351,2025-12-26T20:00:00+00:00,False
ENG_PL::28957,2025-12-27 15:00:00+00:00,2025,walk_forward_poisson,2,0.3205275526779413,0.2576924517156674,0.421779995606391,0.4472535049413927,0.2335095380372328,0.3192369570213744,2025-12-27T00:00:00+00:00,4351,2025-12-26T20:00:00+00:00,False
ENG_PL::28950,2025-12-27 15:00:00+00:00,2025,walk_forward_poisson,1,0.2799693180887658,0.2613304807716352,0.4587002011395988,0.4472535049413927,0.2335095380372328,0.3192369570213744,2025-12-27T00:00:00+00:00,4351,2025-12-26T20:00:00+00:00,False
ENG_PL::28953,2025-12-27 15:00:00+00:00,2025,walk_forward_poisson,0,0.7325445622053275,0.1628164196381597,0.1046390181565128,0.4472535049413927,0.2335095380372328,0.3192369570213744,2025-12-27T00:00:00+00:00,4351,2025-12-26T20:00:00+00:00,False
ENG_PL::28951,2025-12-27 17:30:00+00:00,2025,walk_forward_poisson,2,0.513970750760934,0.2245787077953893,0.2614505414436765,0.4472535049413927,0.2335095380372328,0.3192369570213744,2025-12-27T00:00:00+00:00,4351,2025-12-26T20:00:00+00:00,False
ENG_PL::28956,2025-12-28 14:00:00+00:00,2025,walk_forward_poisson,1,0.3166876109548042,0.2917522618801809,0.3915601271650147,0.4472234970169803,0.2333639284075264,0.3194125745754933,2025-12-28T00:00:00+00:00,4358,2025-12-27T17:30:00+00:00,False
ENG_PL::28952,2025-12-28 16:30:00+00:00,2025,walk_forward_poisson,2,0.5084218506901018,0.2285357818605687,0.2630423674493293,0.4472234970169803,0.2333639284075264,0.3194125745754933,2025-12-28T00:00:00+00:00,4358,2025-12-27T17:30:00+00:00,False
ENG_PL::28967,2025-12-30 19:30:00+00:00,2025,walk_forward_poisson,1,0.2951426153738565,0.2415387788468433,0.4633186057792999,0.4470183486238532,0.2334862385321101,0.3194954128440367,2025-12-30T00:00:00+00:00,4360,2025-12-28T16:30:00+00:00,False
ENG_PL::28961,2025-12-30 19:30:00+00:00,2025,walk_forward_poisson,1,0.4804234458456117,0.2253987918773066,0.2941777622770817,0.4470183486238532,0.2334862385321101,0.3194954128440367,2025-12-30T00:00:00+00:00,4360,2025-12-28T16:30:00+00:00,False
ENG_PL::28965,2025-12-30 19:30:00+00:00,2025,walk_forward_poisson,2,0.3971305997090744,0.2780750740794821,0.3247943262114434,0.4470183486238532,0.2334862385321101,0.3194954128440367,2025-12-30T00:00:00+00:00,4360,2025-12-28T16:30:00+00:00,False
ENG_PL::28960,2025-12-30 19:30:00+00:00,2025,walk_forward_poisson,2,0.1898000716639073,0.2185539777759312,0.5916459505601613,0.4470183486238532,0.2334862385321101,0.3194954128440367,2025-12-30T00:00:00+00:00,4360,2025-12-28T16:30:00+00:00,False
ENG_PL::28964,2025-12-30 20:15:00+00:00,2025,walk_forward_poisson,1,0.5868997434744708,0.2221859631708017,0.1909142933547273,0.4470183486238532,0.2334862385321101,0.3194954128440367,2025-12-30T00:00:00+00:00,4360,2025-12-28T16:30:00+00:00,False
ENG_PL::28958,2025-12-30 20:15:00+00:00,2025,walk_forward_poisson,0,0.6285814033828161,0.2123965977628833,0.1590219988543004,0.4470183486238532,0.2334862385321101,0.3194954128440367,2025-12-30T00:00:00+00:00,4360,2025-12-28T16:30:00+00:00,False
ENG_PL::28962,2026-01-01 17:30:00+00:00,2025,walk_forward_poisson,1,0.4722999050492851,0.2524749263043828,0.2752251686463319,0.4466330737517178,0.2338524965643609,0.3195144296839212,2026-01-01T00:00:00+00:00,4366,2025-12-30T20:15:00+00:00,False
ENG_PL::28963,2026-01-01 17:30:00+00:00,2025,walk_forward_poisson,1,0.5717808273112198,0.2155576878316022,0.2126614848571778,0.4466330737517178,0.2338524965643609,0.3195144296839212,2026-01-01T00:00:00+00:00,4366,2025-12-30T20:15:00+00:00,False
ENG_PL::28959,2026-01-01 20:00:00+00:00,2025,walk_forward_poisson,1,0.4926563803796198,0.2336401017486361,0.2737035178717441,0.4466330737517178,0.2338524965643609,0.3195144296839212,2026-01-01T00:00:00+00:00,4366,2025-12-30T20:15:00+00:00,False
ENG_PL::28966,2026-01-01 20:00:00+00:00,2025,walk_forward_poisson,1,0.1814308578241587,0.2393184950532808,0.5792506471225604,0.4466330737517178,0.2338524965643609,0.3195144296839212,2026-01-01T00:00:00+00:00,4366,2025-12-30T20:15:00+00:00,False
ENG_PL::28972,2026-01-03 12:30:00+00:00,2025,walk_forward_poisson,0,0.488372373028362,0.2464628687181563,0.2651647582534816,0.4462242562929062,0.2345537757437071,0.3192219679633867,2026-01-03T00:00:00+00:00,4370,2026-01-01T20:00:00+00:00,False
ENG_PL::28970,2026-01-03 15:00:00+00:00,2025,walk_forward_poisson,0,0.4077931451566454,0.2700569945289964,0.322149860314358,0.4462242562929062,0.2345537757437071,0.3192219679633867,2026-01-03T00:00:00+00:00,4370,2026-01-01T20:00:00+00:00,False
ENG_PL::28973,2026-01-03 15:00:00+00:00,2025,walk_forward_poisson,0,0.6348614236817138,0.2031956514795412,0.1619429248387449,0.4462242562929062,0.2345537757437071,0.3192219679633867,2026-01-03T00:00:00+00:00,4370,2026-01-01T20:00:00+00:00,False
ENG_PL::28971,2026-01-03 17:30:00+00:00,2025,walk_forward_poisson,2,0.2739288620467949,0.2434601351106112,0.4826110028425937,0.4462242562929062,0.2345537757437071,0.3192219679633867,2026-01-03T00:00:00+00:00,4370,2026-01-01T20:00:00+00:00,False
ENG_PL::28976,2026-01-04 12:30:00+00:00,2025,walk_forward_poisson,1,0.4394199413272386,0.2456112409432871,0.3149688177294744,0.4465020576131687,0.2343392775491541,0.3191586648376772,2026-01-04T00:00:00+00:00,4374,2026-01-03T17:30:00+00:00,False
ENG_PL::28974,2026-01-04 15:00:00+00:00,2025,walk_forward_poisson,2,0.3644829300605524,0.2611676657601934,0.3743494041792542,0.4465020576131687,0.2343392775491541,0.3191586648376772,2026-01-04T00:00:00+00:00,4374,2026-01-03T17:30:00+00:00,False
ENG_PL::28968,2026-01-04 15:00:00+00:00,2025,walk_forward_poisson,0,0.4915587878428635,0.2350587553709699,0.2733824567861664,0.4465020576131687,0.2343392775491541,0.3191586648376772,2026-01-04T00:00:00+00:00,4374,2026-01-03T17:30:00+00:00,False
ENG_PL::28969,2026-01-04 15:00:00+00:00,2025,walk_forward_poisson,1,0.5079800801259201,0.2599807518750355,0.2320391679990442,0.4465020576131687,0.2343392775491541,0.3191586648376772,2026-01-04T00:00:00+00:00,4374,2026-01-03T17:30:00+00:00,False
ENG_PL::28975,2026-01-04 15:15:00+00:00,2025,walk_forward_poisson,1,0.2634090749121763,0.2385881439170254,0.4980027811707981,0.4465020576131687,0.2343392775491541,0.3191586648376772,2026-01-04T00:00:00+00:00,4374,2026-01-03T17:30:00+00:00,False
ENG_PL::28977,2026-01-04 17:30:00+00:00,2025,walk_forward_poisson,1,0.5765992711768793,0.206570269908965,0.2168304589141556,0.4465020576131687,0.2343392775491541,0.3191586648376772,2026-01-04T00:00:00+00:00,4374,2026-01-03T17:30:00+00:00,False
ENG_PL::28987,2026-01-06 20:00:00+00:00,2025,walk_forward_poisson,2,0.350199773901094,0.2646453905917981,0.3851548355071078,0.4461187214611872,0.234931506849315,0.3189497716894977,2026-01-06T00:00:00+00:00,4380,2026-01-04T17:30:00+00:00,False
ENG_PL::28984,2026-01-07 19:30:00+00:00,2025,walk_forward_poisson,0,0.3463266690922887,0.2467934784718536,0.4068798524358575,0.4460168911207487,0.2348778817621547,0.3191052271170965,2026-01-07T00:00:00+00:00,4381,2026-01-06T20:00:00+00:00,False
ENG_PL::28985,2026-01-07 19:30:00+00:00,2025,walk_forward_poisson,1,0.5896266501117132,0.2134422802655575,0.1969310696227293,0.4460168911207487,0.2348778817621547,0.3191052271170965,2026-01-07T00:00:00+00:00,4381,2026-01-06T20:00:00+00:00,False
ENG_PL::28983,2026-01-07 19:30:00+00:00,2025,walk_forward_poisson,1,0.4600860443144559,0.2344166477909852,0.3054973078945588,0.4460168911207487,0.2348778817621547,0.3191052271170965,2026-01-07T00:00:00+00:00,4381,2026-01-06T20:00:00+00:00,False
ENG_PL::28979,2026-01-07 19:30:00+00:00,2025,walk_forward_poisson,0,0.509540466199017,0.2320396562498763,0.2584198775511066,0.4460168911207487,0.2348778817621547,0.3191052271170965,2026-01-07T00:00:00+00:00,4381,2026-01-06T20:00:00+00:00,False
ENG_PL::28981,2026-01-07 19:30:00+00:00,2025,walk_forward_poisson,0,0.5749143191544476,0.2386755625630947,0.1864101182824576,0.4460168911207487,0.2348778817621547,0.3191052271170965,2026-01-07T00:00:00+00:00,4381,2026-01-06T20:00:00+00:00,False
ENG_PL::28978,2026-01-07 19:30:00+00:00,2025,walk_forward_poisson,1,0.4788677191917299,0.2712668249961319,0.249865455812138,0.4460168911207487,0.2348778817621547,0.3191052271170965,2026-01-07T00:00:00+00:00,4381,2026-01-06T20:00:00+00:00,False
ENG_PL::28986,2026-01-07 20:15:00+00:00,2025,walk_forward_poisson,0,0.5113873174439206,0.2407512529505368,0.2478614296055424,0.4460168911207487,0.2348778817621547,0.3191052271170965,2026-01-07T00:00:00+00:00,4381,2026-01-06T20:00:00+00:00,False
ENG_PL::28982,2026-01-07 20:15:00+00:00,2025,walk_forward_poisson,1,0.2323584112180393,0.2271174127319125,0.5405241760500481,0.4460168911207487,0.2348778817621547,0.3191052271170965,2026-01-07T00:00:00+00:00,4381,2026-01-06T20:00:00+00:00,False
ENG_PL::28980,2026-01-08 20:00:00+00:00,2025,walk_forward_poisson,1,0.4827936511018333,0.2410429939928842,0.2761633549052823,0.4461152882205513,0.2353611300979722,0.3185235816814764,2026-01-08T00:00:00+00:00,4389,2026-01-07T20:15:00+00:00,False
ENG_PL::28993,2026-01-17 12:30:00+00:00,2025,walk_forward_poisson,0,0.3078563886767266,0.2331688528461019,0.4589747584771716,0.4460136674259681,0.2355353075170843,0.3184510250569476,2026-01-17T00:00:00+00:00,4390,2026-01-08T20:00:00+00:00,False
ENG_PL::28990,2026-01-17 15:00:00+00:00,2025,walk_forward_poisson,0,0.474635050682691,0.2240735588628953,0.3012913904544136,0.4460136674259681,0.2355353075170843,0.3184510250569476,2026-01-17T00:00:00+00:00,4390,2026-01-08T20:00:00+00:00,False
ENG_PL::28996,2026-01-17 15:00:00+00:00,2025,walk_forward_poisson,2,0.5421570697194278,0.2312255395428002,0.2266173907377718,0.4460136674259681,0.2355353075170843,0.3184510250569476,2026-01-17T00:00:00+00:00,4390,2026-01-08T20:00:00+00:00,False
ENG_PL::28995,2026-01-17 15:00:00+00:00,2025,walk_forward_poisson,0,0.2618835757650981,0.2575746911929614,0.4805417330419403,0.4460136674259681,0.2355353075170843,0.3184510250569476,2026-01-17T00:00:00+00:00,4390,2026-01-08T20:00:00+00:00,False
ENG_PL::28992,2026-01-17 15:00:00+00:00,2025,walk_forward_poisson,1,0.7954096815319657,0.1316320309458982,0.0729582875221361,0.4460136674259681,0.2355353075170843,0.3184510250569476,2026-01-17T00:00:00+00:00,4390,2026-01-08T20:00:00+00:00,False
ENG_PL::28991,2026-01-17 15:00:00+00:00,2025,walk_forward_poisson,0,0.4589531175282627,0.2617762119909053,0.2792706704808317,0.4460136674259681,0.2355353075170843,0.3184510250569476,2026-01-17T00:00:00+00:00,4390,2026-01-08T20:00:00+00:00,False
ENG_PL::28994,2026-01-17 17:30:00+00:00,2025,walk_forward_poisson,1,0.189442807345425,0.2422378535384562,0.5683193391161188,0.4460136674259681,0.2355353075170843,0.3184510250569476,2026-01-17T00:00:00+00:00,4390,2026-01-08T20:00:00+00:00,False
ENG_PL::28997,2026-01-18 14:00:00+00:00,2025,walk_forward_poisson,1,0.2352778921682335,0.252457298723626,0.5122648091081404,0.4462133272685922,0.2356151921764839,0.3181714805549238,2026-01-18T00:00:00+00:00,4397,2026-01-17T17:30:00+00:00,False
ENG_PL::28988,2026-01-18 16:30:00+00:00,2025,walk_forward_poisson,2,0.4921362252943898,0.2455888858232786,0.2622748888823314,0.4462133272685922,0.2356151921764839,0.3181714805549238,2026-01-18T00:00:00+00:00,4397,2026-01-17T17:30:00+00:00,False
ENG_PL::28989,2026-01-19 20:00:00+00:00,2025,walk_forward_poisson,1,0.4080132330275517,0.2449846436868756,0.3470021232855725,0.4460104569220277,0.2357353944078199,0.3182541486701523,2026-01-19T00:00:00+00:00,4399,2026-01-18T16:30:00+00:00,False
ENG_PL::29007,2026-01-24 12:30:00+00:00,2025,walk_forward_poisson,0,0.4445912811788385,0.267207846523972,0.2882008722971894,0.4459090909090909,0.2359090909090909,0.3181818181818182,2026-01-24T00:00:00+00:00,4400,2026-01-19T20:00:00+00:00,False
ENG_PL::29005,2026-01-24 15:00:00+00:00,2025,walk_forward_poisson,0,0.6841045695858039,0.1930591054947942,0.1228363249194018,0.4459090909090909,0.2359090909090909,0.3181818181818182,2026-01-24T00:00:00+00:00,4400,2026-01-19T20:00:00+00:00,False
ENG_PL::29001,2026-01-24 15:00:00+00:00,2025,walk_forward_poisson,1,0.260256930358602,0.2480410936193092,0.4917019760220887,0.4459090909090909,0.2359090909090909,0.3181818181818182,2026-01-24T00:00:00+00:00,4400,2026-01-19T20:00:00+00:00,False
ENG_PL::29004,2026-01-24 15:00:00+00:00,2025,walk_forward_poisson,0,0.3739806222604795,0.2646478628435709,0.3613715148959495,0.4459090909090909,0.2359090909090909,0.3181818181818182,2026-01-24T00:00:00+00:00,4400,2026-01-19T20:00:00+00:00,False
ENG_PL::28998,2026-01-24 17:30:00+00:00,2025,walk_forward_poisson,0,0.3163108022346196,0.2370726477847296,0.4466165499806509,0.4459090909090909,0.2359090909090909,0.3181818181818182,2026-01-24T00:00:00+00:00,4400,2026-01-19T20:00:00+00:00,False
ENG_PL::29006,2026-01-25 14:00:00+00:00,2025,walk_forward_poisson,2,0.5187503482790696,0.2309993102542374,0.2502503414666929,0.446311010215664,0.2358683314415437,0.3178206583427923,2026-01-25T00:00:00+00:00,4405,2026-01-24T17:30:00+00:00,False
ENG_PL::29002,2026-01-25 14:00:00+00:00,2025,walk_forward_poisson,2,0.3966111066203887,0.231629030260824,0.3717598631187871,0.446311010215664,0.2358683314415437,0.3178206583427923,2026-01-25T00:00:00+00:00,4405,2026-01-24T17:30:00+00:00,False
ENG_PL::29000,2026-01-25 14:00:00+00:00,2025,walk_forward_poisson,2,0.5576543307331082,0.2319688591127496,0.2103768101541422,0.446311010215664,0.2358683314415437,0.3178206583427923,2026-01-25T00:00:00+00:00,4405,2026-01-24T17:30:00+00:00,False
ENG_PL::28999,2026-01-25 16:30:00+00:00,2025,walk_forward_poisson,2,0.6185140705521411,0.2093035339153782,0.1721823955324806,0.446311010215664,0.2358683314415437,0.3178206583427923,2026-01-25T00:00:00+00:00,4405,2026-01-24T17:30:00+00:00,False
ENG_PL::29003,2026-01-26 20:00:00+00:00,2025,walk_forward_poisson,1,0.3502400772731402,0.2726105760193084,0.3771493467075512,0.4459061011567248,0.2356543433885234,0.3184395554547516,2026-01-26T00:00:00+00:00,4409,2026-01-25T16:30:00+00:00,False
ENG_PL::29010,2026-01-31 15:00:00+00:00,2025,walk_forward_poisson,1,0.4890992068500026,0.2528759727767773,0.25802482037322,0.4458049886621315,0.2358276643990929,0.3183673469387755,2026-01-31T00:00:00+00:00,4410,2026-01-26T20:00:00+00:00,False
ENG_PL::29015,2026-01-31 15:00:00+00:00,2025,walk_forward_poisson,2,0.2511987879650958,0.2592609819406543,0.4895402300942498,0.4458049886621315,0.2358276643990929,0.3183673469387755,2026-01-31T00:00:00+00:00,4410,2026-01-26T20:00:00+00:00,False
ENG_PL::29017,2026-01-31 15:00:00+00:00,2025,walk_forward_poisson,2,0.2566820383276922,0.2588550058375828,0.4844629558347249,0.4458049886621315,0.2358276643990929,0.3183673469387755,2026-01-31T00:00:00+00:00,4410,2026-01-26T20:00:00+00:00,False
ENG_PL::29009,2026-01-31 17:30:00+00:00,2025,walk_forward_poisson,0,0.633907940399718,0.1921585383047508,0.1739335212955311,0.4458049886621315,0.2358276643990929,0.3183673469387755,2026-01-31T00:00:00+00:00,4410,2026-01-26T20:00:00+00:00,False
ENG_PL::29014,2026-01-31 20:00:00+00:00,2025,walk_forward_poisson,0,0.5097598049985944,0.2287646726817765,0.261475522319629,0.4458049886621315,0.2358276643990929,0.3183673469387755,2026-01-31T00:00:00+00:00,4410,2026-01-26T20:00:00+00:00,False
ENG_PL::29012,2026-02-01 14:00:00+00:00,2025,walk_forward_poisson,0,0.519003587189418,0.2380473342441533,0.2429490785664288,0.445753114382786,0.2357870894677236,0.3184597961494904,2026-02-01T00:00:00+00:00,4415,2026-01-31T20:00:00+00:00,False
ENG_PL::29008,2026-02-01 14:00:00+00:00,2025,walk_forward_poisson,2,0.3952128217272437,0.2415997326107999,0.3631874456619564,0.445753114382786,0.2357870894677236,0.3184597961494904,2026-02-01T00:00:00+00:00,4415,2026-01-31T20:00:00+00:00,False
ENG_PL::29013,2026-02-01 14:00:00+00:00,2025,walk_forward_poisson,1,0.3424640507207454,0.2549273498694008,0.4026085994098538,0.445753114382786,0.2357870894677236,0.3184597961494904,2026-02-01T00:00:00+00:00,4415,2026-01-31T20:00:00+00:00,False
ENG_PL::29016,2026-02-01 16:30:00+00:00,2025,walk_forward_poisson,1,0.2743479809946659,0.2361780149622172,0.4894740040431165,0.445753114382786,0.2357870894677236,0.3184597961494904,2026-02-01T00:00:00+00:00,4415,2026-01-31T20:00:00+00:00,False
ENG_PL::29011,2026-02-02 20:00:00+00:00,2025,walk_forward_poisson,0,0.4660794620446218,0.2723792803411085,0.2615412576142696,0.4455759221543335,0.2360262502828694,0.318397827562797,2026-02-02T00:00:00+00:00,4419,2026-02-01T16:30:00+00:00,False
ENG_PL::29023,2026-02-06 20:00:00+00:00,2025,walk_forward_poisson,0,0.4914726125878333,0.2563323122435484,0.2521950751686182,0.4457013574660634,0.235972850678733,0.3183257918552036,2026-02-06T00:00:00+00:00,4420,2026-02-02T20:00:00+00:00,False
ENG_PL::29025,2026-02-07 12:30:00+00:00,2025,walk_forward_poisson,0,0.5141865563225012,0.2276818065563468,0.2581316371211517,0.4458267360325718,0.235919475231848,0.3182537887355802,2026-02-07T00:00:00+00:00,4421,2026-02-06T20:00:00+00:00,False
ENG_PL::29018,2026-02-07 15:00:00+00:00,2025,walk_forward_poisson,1,0.4727352399255665,0.2345174545935527,0.2927473054808806,0.4458267360325718,0.235919475231848,0.3182537887355802,2026-02-07T00:00:00+00:00,4421,2026-02-06T20:00:00+00:00,False
ENG_PL::29019,2026-02-07 15:00:00+00:00,2025,walk_forward_poisson,0,0.7346347101920454,0.1785005913542924,0.0868646984536623,0.4458267360325718,0.235919475231848,0.3182537887355802,2026-02-07T00:00:00+00:00,4421,2026-02-06T20:00:00+00:00,False
ENG_PL::29021,2026-02-07 15:00:00+00:00,2025,walk_forward_poisson,2,0.3178667552221017,0.255167320206366,0.4269659245715322,0.4458267360325718,0.235919475231848,0.3182537887355802,2026-02-07T00:00:00+00:00,4421,2026-02-06T20:00:00+00:00,False
ENG_PL::29022,2026-02-07 15:00:00+00:00,2025,walk_forward_poisson,2,0.415695460301126,0.275036204565974,0.3092683351329,0.4458267360325718,0.235919475231848,0.3182537887355802,2026-02-07T00:00:00+00:00,4421,2026-02-06T20:00:00+00:00,False
ENG_PL::29027,2026-02-07 15:00:00+00:00,2025,walk_forward_poisson,2,0.2606264363754054,0.2448470891936443,0.4945264744309502,0.4458267360325718,0.235919475231848,0.3182537887355802,2026-02-07T00:00:00+00:00,4421,2026-02-06T20:00:00+00:00,False
ENG_PL::29026,2026-02-07 17:30:00+00:00,2025,walk_forward_poisson,2,0.4690503867871393,0.238628721812031,0.2923208914008295,0.4458267360325718,0.235919475231848,0.3182537887355802,2026-02-07T00:00:00+00:00,4421,2026-02-06T20:00:00+00:00,False
ENG_PL::29020,2026-02-08 14:00:00+00:00,2025,walk_forward_poisson,2,0.436190269150974,0.2423929743900351,0.3214167564589909,0.4455736224028907,0.2357723577235772,0.3186540198735321,2026-02-08T00:00:00+00:00,4428,2026-02-07T17:30:00+00:00,False
ENG_PL::29024,2026-02-08 16:30:00+00:00,2025,walk_forward_poisson,2,0.462545197078229,0.2337698431003331,0.3036849598214379,0.4455736224028907,0.2357723577235772,0.3186540198735321,2026-02-08T00:00:00+00:00,4428,2026-02-07T17:30:00+00:00,False
ENG_PL::29030,2026-02-10 19:30:00+00:00,2025,walk_forward_poisson,1,0.4939446363907959,0.2248813190004921,0.2811740446087119,0.445372460496614,0.2356659142212189,0.318961625282167,2026-02-10T00:00:00+00:00,4430,2026-02-08T16:30:00+00:00,False
ENG_PL::29032,2026-02-10 19:30:00+00:00,2025,walk_forward_poisson,2,0.3243032116598817,0.2541416062983969,0.4215551820417216,0.445372460496614,0.2356659142212189,0.318961625282167,2026-02-10T00:00:00+00:00,4430,2026-02-08T16:30:00+00:00,False
ENG_PL::29036,2026-02-10 19:30:00+00:00,2025,walk_forward_poisson,2,0.3237530179327066,0.2450898216435624,0.4311571604237311,0.445372460496614,0.2356659142212189,0.318961625282167,2026-02-10T00:00:00+00:00,4430,2026-02-08T16:30:00+00:00,False
ENG_PL::29037,2026-02-10 20:15:00+00:00,2025,walk_forward_poisson,1,0.2717817589182885,0.2318189365614318,0.4963993045202797,0.445372460496614,0.2356659142212189,0.318961625282167,2026-02-10T00:00:00+00:00,4430,2026-02-08T16:30:00+00:00,False
ENG_PL::29034,2026-02-11 19:30:00+00:00,2025,walk_forward_poisson,1,0.4440256453884917,0.2790951140293362,0.2768792405821719,0.4449706811005863,0.2359043752819125,0.3191249436175011,2026-02-11T00:00:00+00:00,4434,2026-02-10T20:15:00+00:00,False
ENG_PL::29033,2026-02-11 19:30:00+00:00,2025,walk_forward_poisson,0,0.6158256870035531,0.2118811383453907,0.172293174651056,0.4449706811005863,0.2359043752819125,0.3191249436175011,2026-02-11T00:00:00+00:00,4434,2026-02-10T20:15:00+00:00,False
ENG_PL::29028,2026-02-11 19:30:00+00:00,2025,walk_forward_poisson,0,0.4303771591161737,0.2482146749683458,0.3214081659154806,0.4449706811005863,0.2359043752819125,0.3191249436175011,2026-02-11T00:00:00+00:00,4434,2026-02-10T20:15:00+00:00,False
ENG_PL::29031,2026-02-11 19:30:00+00:00,2025,walk_forward_poisson,2,0.6610431697824423,0.1931207878804019,0.1458360423371557,0.4449706811005863,0.2359043752819125,0.3191249436175011,2026-02-11T00:00:00+00:00,4434,2026-02-10T20:15:00+00:00,False
ENG_PL::29035,2026-02-11 20:15:00+00:00,2025,walk_forward_poisson,2,0.1818266092358152,0.2298031288140765,0.5883702619501082,0.4449706811005863,0.2359043752819125,0.3191249436175011,2026-02-11T00:00:00+00:00,4434,2026-02-10T20:15:00+00:00,False
ENG_PL::29029,2026-02-12 20:00:00+00:00,2025,walk_forward_poisson,1,0.2416098320449593,0.2439350109918589,0.5144551569631819,0.4449200270331155,0.2358639333183149,0.3192160396485695,2026-02-12T00:00:00+00:00,4439,2026-02-11T20:15:00+00:00,False
ENG_PL::29087,2026-02-18 20:00:00+00:00,2025,walk_forward_poisson,1,0.1392053543376063,0.2237906012189178,0.6370040444434757,0.4448198198198198,0.236036036036036,0.3191441441441441,2026-02-18T00:00:00+00:00,4440,2026-02-12T20:00:00+00:00,False
ENG_PL::29038,2026-02-21 15:00:00+00:00,2025,walk_forward_poisson,1,0.4402592922938515,0.2474809992902432,0.3122597084159053,0.4447196577347444,0.2362080612474668,0.3190722810177888,2026-02-21T00:00:00+00:00,4441,2026-02-18T20:00:00+00:00,False
ENG_PL::29039,2026-02-21 15:00:00+00:00,2025,walk_forward_poisson,2,0.4578327868077886,0.2454800331223053,0.2966871800699059,0.4447196577347444,0.2362080612474668,0.3190722810177888,2026-02-21T00:00:00+00:00,4441,2026-02-18T20:00:00+00:00,False
ENG_PL::29040,2026-02-21 15:00:00+00:00,2025,walk_forward_poisson,1,0.730601335857061,0.159151585770546,0.1102470783723931,0.4447196577347444,0.2362080612474668,0.3190722810177888,2026-02-21T00:00:00+00:00,4441,2026-02-18T20:00:00+00:00,False
ENG_PL::29047,2026-02-21 17:30:00+00:00,2025,walk_forward_poisson,1,0.2744123879206369,0.2347639228342823,0.4908236892450806,0.4447196577347444,0.2362080612474668,0.3190722810177888,2026-02-21T00:00:00+00:00,4441,2026-02-18T20:00:00+00:00,False
ENG_PL::29043,2026-02-21 20:00:00+00:00,2025,walk_forward_poisson,0,0.4973080220961439,0.2337835079632845,0.2689084699405714,0.4447196577347444,0.2362080612474668,0.3190722810177888,2026-02-21T00:00:00+00:00,4441,2026-02-18T20:00:00+00:00,False
ENG_PL::29041,2026-02-22 14:00:00+00:00,2025,walk_forward_poisson,0,0.5699077661386485,0.2351232958227864,0.1949689380385648,0.4444444444444444,0.236617183985605,0.3189383715699505,2026-02-22T00:00:00+00:00,4446,2026-02-21T20:00:00+00:00,False
ENG_PL::29044,2026-02-22 14:00:00+00:00,2025,walk_forward_poisson,2,0.2225059850062741,0.2269042375997392,0.5505897773939866,0.4444444444444444,0.236617183985605,0.3189383715699505,2026-02-22T00:00:00+00:00,4446,2026-02-21T20:00:00+00:00,False
ENG_PL::29045,2026-02-22 14:00:00+00:00,2025,walk_forward_poisson,2,0.3187099914303054,0.286889705154863,0.3944003034148316,0.4444444444444444,0.236617183985605,0.3189383715699505,2026-02-22T00:00:00+00:00,4446,2026-02-21T20:00:00+00:00,False
ENG_PL::29046,2026-02-22 16:30:00+00:00,2025,walk_forward_poisson,2,0.1955634934269403,0.2302005970708686,0.5742359095021909,0.4444444444444444,0.236617183985605,0.3189383715699505,2026-02-22T00:00:00+00:00,4446,2026-02-21T20:00:00+00:00,False
ENG_PL::29042,2026-02-23 20:00:00+00:00,2025,walk_forward_poisson,2,0.3305821259243683,0.2556635134943711,0.4137543605812606,0.4442696629213483,0.2364044943820224,0.3193258426966292,2026-02-23T00:00:00+00:00,4450,2026-02-22T16:30:00+00:00,False
ENG_PL::29057,2026-02-27 20:00:00+00:00,2025,walk_forward_poisson,0,0.2721986315803965,0.2652262614456672,0.4625751069739362,0.4441698494720287,0.2363513817119748,0.3194787688159964,2026-02-27T00:00:00+00:00,4451,2026-02-23T20:00:00+00:00,False
ENG_PL::29048,2026-02-28 12:30:00+00:00,2025,walk_forward_poisson,1,0.5896797866589003,0.2302450651555588,0.1800751481855408,0.4442946990116801,0.2362982929020665,0.3194070080862534,2026-02-28T00:00:00+00:00,4452,2026-02-27T20:00:00+00:00,False
ENG_PL::29056,2026-02-28 15:00:00+00:00,2025,walk_forward_poisson,2,0.5449939728014692,0.23699981525366,0.2180062119448707,0.4442946990116801,0.2362982929020665,0.3194070080862534,2026-02-28T00:00:00+00:00,4452,2026-02-27T20:00:00+00:00,False
ENG_PL::29054,2026-02-28 15:00:00+00:00,2025,walk_forward_poisson,0,0.7078548409726757,0.1688066515243721,0.1233385075029522,0.4442946990116801,0.2362982929020665,0.3194070080862534,2026-02-28T00:00:00+00:00,4452,2026-02-27T20:00:00+00:00,False
ENG_PL::29051,2026-02-28 15:00:00+00:00,2025,walk_forward_poisson,2,0.197419198206195,0.2218434072109277,0.5807373945828773,0.4442946990116801,0.2362982929020665,0.3194070080862534,2026-02-28T00:00:00+00:00,4452,2026-02-27T20:00:00+00:00,False
ENG_PL::29053,2026-02-28 17:30:00+00:00,2025,walk_forward_poisson,2,0.2903264652635043,0.2438342939219652,0.4658392408145303,0.4442946990116801,0.2362982929020665,0.3194070080862534,2026-02-28T00:00:00+00:00,4452,2026-02-27T20:00:00+00:00,False
ENG_PL::29050,2026-03-01 14:00:00+00:00,2025,walk_forward_poisson,0,0.492209627625024,0.25132457914697,0.2564657932280059,0.4440206416872335,0.2362575723580884,0.319721785954678,2026-03-01T00:00:00+00:00,4457,2026-02-28T17:30:00+00:00,False
ENG_PL::29052,2026-03-01 14:00:00+00:00,2025,walk_forward_poisson,0,0.4210161480101415,0.2549476796817985,0.3240361723080598,0.4440206416872335,0.2362575723580884,0.319721785954678,2026-03-01T00:00:00+00:00,4457,2026-02-28T17:30:00+00:00,False
ENG_PL::29055,2026-03-01 14:00:00+00:00,2025,walk_forward_poisson,0,0.465264818222616,0.2364664460041719,0.2982687357732118,0.4440206416872335,0.2362575723580884,0.319721785954678,2026-03-01T00:00:00+00:00,4457,2026-02-28T17:30:00+00:00,False
ENG_PL::29049,2026-03-01 16:30:00+00:00,2025,walk_forward_poisson,0,0.602980138138373,0.2114650747902877,0.1855547870713393,0.4440206416872335,0.2362575723580884,0.319721785954678,2026-03-01T00:00:00+00:00,4457,2026-02-28T17:30:00+00:00,False
ENG_PL::29058,2026-03-03 19:30:00+00:00,2025,walk_forward_poisson,1,0.4276406487426228,0.2382598060728064,0.3340995451845707,0.4445191661062542,0.2360457296570275,0.3194351042367182,2026-03-03T00:00:00+00:00,4461,2026-03-01T16:30:00+00:00,False
ENG_PL::29061,2026-03-03 19:30:00+00:00,2025,walk_forward_poisson,0,0.5875029301963115,0.2306545944316954,0.1818424753719932,0.4445191661062542,0.2360457296570275,0.3194351042367182,2026-03-03T00:00:00+00:00,4461,2026-03-01T16:30:00+00:00,False
ENG_PL::29063,2026-03-03 19:30:00+00:00,2025,walk_forward_poisson,2,0.5425324422282283,0.247890190177113,0.2095773675946585,0.4445191661062542,0.2360457296570275,0.3194351042367182,2026-03-03T00:00:00+00:00,4461,2026-03-01T16:30:00+00:00,False
ENG_PL::29067,2026-03-03 20:15:00+00:00,2025,walk_forward_poisson,0,0.1679406453072756,0.2153168548782885,0.6167424998144359,0.4445191661062542,0.2360457296570275,0.3194351042367182,2026-03-03T00:00:00+00:00,4461,2026-03-01T16:30:00+00:00,False
ENG_PL::29064,2026-03-04 19:30:00+00:00,2025,walk_forward_poisson,1,0.6382807249057435,0.2036093662755436,0.1581099088187129,0.444568868980963,0.2360582306830907,0.3193729003359462,2026-03-04T00:00:00+00:00,4465,2026-03-03T20:15:00+00:00,False
ENG_PL::29062,2026-03-04 19:30:00+00:00,2025,walk_forward_poisson,2,0.4795261475829129,0.2494156218899283,0.2710582305271587,0.444568868980963,0.2360582306830907,0.3193729003359462,2026-03-04T00:00:00+00:00,4465,2026-03-03T20:15:00+00:00,False
ENG_PL::29060,2026-03-04 19:30:00+00:00,2025,walk_forward_poisson,2,0.2235225169724659,0.2500267384449393,0.5264507445825946,0.444568868980963,0.2360582306830907,0.3193729003359462,2026-03-04T00:00:00+00:00,4465,2026-03-03T20:15:00+00:00,False
ENG_PL::29059,2026-03-04 19:30:00+00:00,2025,walk_forward_poisson,2,0.3709024724756005,0.2352452678911771,0.3938522596332223,0.444568868980963,0.2360582306830907,0.3193729003359462,2026-03-04T00:00:00+00:00,4465,2026-03-03T20:15:00+00:00,False
ENG_PL::29065,2026-03-04 20:15:00+00:00,2025,walk_forward_poisson,0,0.43974404556728,0.241493670857434,0.318762283575286,0.444568868980963,0.2360582306830907,0.3193729003359462,2026-03-04T00:00:00+00:00,4465,2026-03-03T20:15:00+00:00,False
ENG_PL::29066,2026-03-05 20:00:00+00:00,2025,walk_forward_poisson,2,0.3660399691875531,0.243178888625067,0.3907811421873796,0.4442953020134228,0.2360178970917226,0.3196868008948546,2026-03-05T00:00:00+00:00,4470,2026-03-04T20:15:00+00:00,False
ENG_PL::29076,2026-03-14 15:00:00+00:00,2025,walk_forward_poisson,2,0.2631096289320681,0.2785737692131328,0.4583166018547989,0.4441959293222993,0.2359651084768508,0.3198389622008499,2026-03-14T00:00:00+00:00,4471,2026-03-05T20:00:00+00:00,False
ENG_PL::29070,2026-03-14 15:00:00+00:00,2025,walk_forward_poisson,1,0.1891540276131452,0.217107256987552,0.5937387153993027,0.4441959293222993,0.2359651084768508,0.3198389622008499,2026-03-14T00:00:00+00:00,4471,2026-03-05T20:00:00+00:00,False
ENG_PL::29068,2026-03-14 17:30:00+00:00,2025,walk_forward_poisson,0,0.6614670305694723,0.2084914456121465,0.1300415238183812,0.4441959293222993,0.2359651084768508,0.3198389622008499,2026-03-14T00:00:00+00:00,4471,2026-03-05T20:00:00+00:00,False
ENG_PL::29071,2026-03-14 17:30:00+00:00,2025,walk_forward_poisson,2,0.4621881027397405,0.2264493899180165,0.3113625073422429,0.4441959293222993,0.2359651084768508,0.3198389622008499,2026-03-14T00:00:00+00:00,4471,2026-03-05T20:00:00+00:00,False
ENG_PL::29077,2026-03-14 20:00:00+00:00,2025,walk_forward_poisson,1,0.208451877367287,0.2173879852336194,0.5741601373990933,0.4441959293222993,0.2359651084768508,0.3198389622008499,2026-03-14T00:00:00+00:00,4471,2026-03-05T20:00:00+00:00,False
ENG_PL::29072,2026-03-15 14:00:00+00:00,2025,walk_forward_poisson,1,0.4355153884085956,0.2485274501109222,0.3159571614804821,0.443923145665773,0.236148346738159,0.3199285075960679,2026-03-15T00:00:00+00:00,4476,2026-03-14T20:00:00+00:00,False
ENG_PL::29074,2026-03-15 14:00:00+00:00,2025,walk_forward_poisson,0,0.4889800279974475,0.2373449727818889,0.2736749992206634,0.443923145665773,0.236148346738159,0.3199285075960679,2026-03-15T00:00:00+00:00,4476,2026-03-14T20:00:00+00:00,False
ENG_PL::29075,2026-03-15 14:00:00+00:00,2025,walk_forward_poisson,1,0.3899064613200674,0.2687970460877146,0.341296492592218,0.443923145665773,0.236148346738159,0.3199285075960679,2026-03-15T00:00:00+00:00,4476,2026-03-14T20:00:00+00:00,False
ENG_PL::29073,2026-03-15 16:30:00+00:00,2025,walk_forward_poisson,1,0.6570963349731532,0.1865520895613815,0.1563515754654651,0.443923145665773,0.236148346738159,0.3199285075960679,2026-03-15T00:00:00+00:00,4476,2026-03-14T20:00:00+00:00,False
ENG_PL::29069,2026-03-16 20:00:00+00:00,2025,walk_forward_poisson,1,0.5887055714533175,0.2285200326565657,0.1827743958901166,0.44375,0.2366071428571428,0.3196428571428571,2026-03-16T00:00:00+00:00,4480,2026-03-15T16:30:00+00:00,False
ENG_PL::29078,2026-03-20 20:00:00+00:00,2025,walk_forward_poisson,1,0.4148231784399267,0.2412761209873264,0.3439007005727468,0.4436509707654541,0.2367775050212006,0.3195715242133452,2026-03-20T00:00:00+00:00,4481,2026-03-16T20:00:00+00:00,False
ENG_PL::29080,2026-03-21 12:30:00+00:00,2025,walk_forward_poisson,0,0.2878882391109464,0.2441363090526874,0.4679754518363661,0.4435519857206604,0.2369477911646586,0.3195002231146809,2026-03-21T00:00:00+00:00,4482,2026-03-20T20:00:00+00:00,False
ENG_PL::29082,2026-03-21 15:00:00+00:00,2025,walk_forward_poisson,0,0.5779105809808653,0.2329297670963986,0.189159651922736,0.4435519857206604,0.2369477911646586,0.3195002231146809,2026-03-21T00:00:00+00:00,4482,2026-03-20T20:00:00+00:00,False
ENG_PL::29081,2026-03-21 17:30:00+00:00,2025,walk_forward_poisson,0,0.3036382051474109,0.2415163181602552,0.4548454766923336,0.4435519857206604,0.2369477911646586,0.3195002231146809,2026-03-21T00:00:00+00:00,4482,2026-03-20T20:00:00+00:00,False
ENG_PL::29083,2026-03-21 20:00:00+00:00,2025,walk_forward_poisson,1,0.38551204024288,0.2506480227915327,0.3638399369655873,0.4435519857206604,0.2369477911646586,0.3195002231146809,2026-03-21T00:00:00+00:00,4482,2026-03-20T20:00:00+00:00,False
ENG_PL::29085,2026-03-22 12:00:00+00:00,2025,walk_forward_poisson,2,0.5990090845810959,0.232601092774773,0.1683898226441311,0.4438252340615247,0.2369594293357111,0.3192153366027641,2026-03-22T00:00:00+00:00,4486,2026-03-21T20:00:00+00:00,False
ENG_PL::29086,2026-03-22 14:15:00+00:00,2025,walk_forward_poisson,2,0.4449472228626547,0.2530071641381521,0.3020456129991932,0.4438252340615247,0.2369594293357111,0.3192153366027641,2026-03-22T00:00:00+00:00,4486,2026-03-21T20:00:00+00:00,False
ENG_PL::29079,2026-03-22 14:15:00+00:00,2025,walk_forward_poisson,0,0.5178020966045587,0.235166311594944,0.2470315918004973,0.4438252340615247,0.2369594293357111,0.3192153366027641,2026-03-22T00:00:00+00:00,4486,2026-03-21T20:00:00+00:00,False
ENG_PL::29091,2026-04-10 19:00:00+00:00,2025,walk_forward_poisson,0,0.4517764393784438,0.2652266626547996,0.2829968979667566,0.44375139229227,0.2368010692804633,0.3194475384272666,2026-04-10T00:00:00+00:00,4489,2026-03-22T14:15:00+00:00,False
ENG_PL::29092,2026-04-11 11:30:00+00:00,2025,walk_forward_poisson,2,0.600538958387817,0.2203203365393682,0.1791407050728146,0.4438752783964365,0.2367483296213808,0.3193763919821826,2026-04-11T00:00:00+00:00,4490,2026-04-10T19:00:00+00:00,False
ENG_PL::29093,2026-04-11 14:00:00+00:00,2025,walk_forward_poisson,1,0.4968652880929941,0.246561582046921,0.2565731298600846,0.4438752783964365,0.2367483296213808,0.3193763919821826,2026-04-11T00:00:00+00:00,4490,2026-04-10T19:00:00+00:00,False
ENG_PL::29094,2026-04-11 14:00:00+00:00,2025,walk_forward_poisson,2,0.2094720608481101,0.2336039709956324,0.5569239681562576,0.4438752783964365,0.2367483296213808,0.3193763919821826,2026-04-11T00:00:00+00:00,4490,2026-04-10T19:00:00+00:00,False
ENG_PL::29097,2026-04-11 16:30:00+00:00,2025,walk_forward_poisson,0,0.6175067707781224,0.2067713975049478,0.1757218317169296,0.4438752783964365,0.2367483296213808,0.3193763919821826,2026-04-11T00:00:00+00:00,4490,2026-04-10T19:00:00+00:00,False
ENG_PL::29089,2026-04-12 13:00:00+00:00,2025,walk_forward_poisson,1,0.353695886835125,0.2579731037089163,0.3883310094559589,0.4437027147307521,0.2367601246105919,0.319537160658656,2026-04-12T00:00:00+00:00,4494,2026-04-11T16:30:00+00:00,False
ENG_PL::29090,2026-04-12 13:00:00+00:00,2025,walk_forward_poisson,0,0.3417206880936978,0.273904849393939,0.384374462512363,0.4437027147307521,0.2367601246105919,0.319537160658656,2026-04-12T00:00:00+00:00,4494,2026-04-11T16:30:00+00:00,False
ENG_PL::29096,2026-04-12 13:00:00+00:00,2025,walk_forward_poisson,0,0.3942006792622466,0.2471582220939346,0.3586410986438186,0.4437027147307521,0.2367601246105919,0.319537160658656,2026-04-12T00:00:00+00:00,4494,2026-04-11T16:30:00+00:00,False
ENG_PL::29095,2026-04-12 15:30:00+00:00,2025,walk_forward_poisson,2,0.35981511373492,0.2328023605588286,0.4073825257062513,0.4437027147307521,0.2367601246105919,0.319537160658656,2026-04-12T00:00:00+00:00,4494,2026-04-11T16:30:00+00:00,False
ENG_PL::29088,2026-04-13 19:00:00+00:00,2025,walk_forward_poisson,2,0.4730869001632015,0.2538425907038648,0.2730705091329336,0.4437527790128946,0.2367718986216096,0.3194753223654957,2026-04-13T00:00:00+00:00,4498,2026-04-12T15:30:00+00:00,False
ENG_PL::29099,2026-04-18 11:30:00+00:00,2025,walk_forward_poisson,1,0.4920815381899668,0.2443558034014528,0.2635626584085804,0.4436541453656368,0.2367192709490998,0.3196265836852633,2026-04-18T00:00:00+00:00,4499,2026-04-13T19:00:00+00:00,False
ENG_PL::29105,2026-04-18 14:00:00+00:00,2025,walk_forward_poisson,2,0.4239485918455975,0.2395804304494126,0.3364709777049899,0.4436541453656368,0.2367192709490998,0.3196265836852633,2026-04-18T00:00:00+00:00,4499,2026-04-13T19:00:00+00:00,False
ENG_PL::29103,2026-04-18 14:00:00+00:00,2025,walk_forward_poisson,0,0.5623437042648609,0.2459182354685932,0.1917380602665459,0.4436541453656368,0.2367192709490998,0.3196265836852633,2026-04-18T00:00:00+00:00,4499,2026-04-13T19:00:00+00:00,False
ENG_PL::29107,2026-04-18 16:30:00+00:00,2025,walk_forward_poisson,1,0.3410211046854834,0.2565988128666165,0.4023800824479001,0.4436541453656368,0.2367192709490998,0.3196265836852633,2026-04-18T00:00:00+00:00,4499,2026-04-13T19:00:00+00:00,False
ENG_PL::29100,2026-04-18 19:00:00+00:00,2025,walk_forward_poisson,2,0.4651204203142324,0.2286939334232478,0.3061856462625197,0.4436541453656368,0.2367192709490998,0.3196265836852633,2026-04-18T00:00:00+00:00,4499,2026-04-13T19:00:00+00:00,False
ENG_PL::29098,2026-04-19 13:00:00+00:00,2025,walk_forward_poisson,0,0.510911935783368,0.257853412059941,0.2312346521566908,0.4433836589698046,0.2369005328596803,0.3197158081705151,2026-04-19T00:00:00+00:00,4504,2026-04-18T19:00:00+00:00,False
ENG_PL::29102,2026-04-19 13:00:00+00:00,2025,walk_forward_poisson,2,0.2569157538611247,0.2408887064933342,0.502195539645541,0.4433836589698046,0.2369005328596803,0.3197158081705151,2026-04-19T00:00:00+00:00,4504,2026-04-18T19:00:00+00:00,False
ENG_PL::29106,2026-04-19 13:00:00+00:00,2025,walk_forward_poisson,0,0.546122897713623,0.2409501330996664,0.2129269691867104,0.4433836589698046,0.2369005328596803,0.3197158081705151,2026-04-19T00:00:00+00:00,4504,2026-04-18T19:00:00+00:00,False
ENG_PL::29104,2026-04-19 15:30:00+00:00,2025,walk_forward_poisson,0,0.3504911773893807,0.2634352954440379,0.3860735271665813,0.4433836589698046,0.2369005328596803,0.3197158081705151,2026-04-19T00:00:00+00:00,4504,2026-04-18T19:00:00+00:00,False
ENG_PL::29101,2026-04-20 19:00:00+00:00,2025,walk_forward_poisson,1,0.5305649286542555,0.2336859002625499,0.2357491710831946,0.4436557231588287,0.2366903283052351,0.3196539485359361,2026-04-20T00:00:00+00:00,4508,2026-04-19T15:30:00+00:00,False
ENG_PL::29110,2026-04-21 19:00:00+00:00,2025,walk_forward_poisson,0,0.3765459464764282,0.2468840924184228,0.3765699611051489,0.4435573297848747,0.2368596141051231,0.3195830561100022,2026-04-21T00:00:00+00:00,4509,2026-04-20T19:00:00+00:00,False
ENG_PL::29108,2026-04-22 19:00:00+00:00,2025,walk_forward_poisson,1,0.4497976456188328,0.2468190890733914,0.3033832653077756,0.443680709534368,0.2368070953436807,0.3195121951219512,2026-04-22T00:00:00+00:00,4510,2026-04-21T19:00:00+00:00,False
ENG_PL::29111,2026-04-22 19:00:00+00:00,2025,walk_forward_poisson,2,0.1290131043253526,0.1819806645798517,0.6890062310947958,0.443680709534368,0.2368070953436807,0.3195121951219512,2026-04-22T00:00:00+00:00,4510,2026-04-21T19:00:00+00:00,False
ENG_PL::29115,2026-04-24 19:00:00+00:00,2025,walk_forward_poisson,2,0.3590467152151988,0.2831788701940966,0.3577744145907046,0.4434840425531915,0.2369237588652482,0.3195921985815603,2026-04-24T00:00:00+00:00,4512,2026-04-22T19:00:00+00:00,False
ENG_PL::29112,2026-04-25 11:30:00+00:00,2025,walk_forward_poisson,0,0.3637275750759599,0.2562948329286966,0.3799775919953435,0.4433857744294261,0.2368712608021272,0.3197429647684467,2026-04-25T00:00:00+00:00,4513,2026-04-24T19:00:00+00:00,False
ENG_PL::29116,2026-04-25 14:00:00+00:00,2025,walk_forward_poisson,0,0.3612175332785992,0.2678752167498632,0.3709072499715377,0.4433857744294261,0.2368712608021272,0.3197429647684467,2026-04-25T00:00:00+00:00,4513,2026-04-24T19:00:00+00:00,False
ENG_PL::29117,2026-04-25 14:00:00+00:00,2025,walk_forward_poisson,2,0.3102490338938691,0.2651282768989669,0.424622689207164,0.4433857744294261,0.2368712608021272,0.3197429647684467,2026-04-25T00:00:00+00:00,4513,2026-04-24T19:00:00+00:00,False
ENG_PL::29113,2026-04-25 14:00:00+00:00,2025,walk_forward_poisson,0,0.5580410262853085,0.2200692997080696,0.221889674006622,0.4433857744294261,0.2368712608021272,0.3197429647684467,2026-04-25T00:00:00+00:00,4513,2026-04-24T19:00:00+00:00,False
ENG_PL::29109,2026-04-25 16:30:00+00:00,2025,walk_forward_poisson,0,0.6126102868439868,0.2125609579748096,0.1748287551812037,0.4433857744294261,0.2368712608021272,0.3197429647684467,2026-04-25T00:00:00+00:00,4513,2026-04-24T19:00:00+00:00,False
ENG_PL::29114,2026-04-27 19:00:00+00:00,2025,walk_forward_poisson,0,0.4337682609414209,0.2448850664122958,0.3213466726462831,0.4437804338202744,0.2366091190792386,0.3196104471004869,2026-04-27T00:00:00+00:00,4518,2026-04-25T16:30:00+00:00,False
ENG_PL::29124,2026-05-01 19:00:00+00:00,2025,walk_forward_poisson,0,0.6503113394293026,0.2039336870276145,0.1457549735430827,0.4439035184775393,0.2365567603452091,0.3195397211772516,2026-05-01T00:00:00+00:00,4519,2026-04-27T19:00:00+00:00,False
ENG_PL::29121,2026-05-02 14:00:00+00:00,2025,walk_forward_poisson,0,0.5500550110127524,0.2266007398793488,0.2233442491078987,0.4440265486725663,0.236504424778761,0.3194690265486725,2026-05-02T00:00:00+00:00,4520,2026-05-01T19:00:00+00:00,False
ENG_PL::29126,2026-05-02 14:00:00+00:00,2025,walk_forward_poisson,0,0.4155429685304418,0.2542335965200069,0.3302234349495512,0.4440265486725663,0.236504424778761,0.3194690265486725,2026-05-02T00:00:00+00:00,4520,2026-05-01T19:00:00+00:00,False
ENG_PL::29127,2026-05-02 14:00:00+00:00,2025,walk_forward_poisson,1,0.3700916910200181,0.2930331335336404,0.3368751754463413,0.4440265486725663,0.236504424778761,0.3194690265486725,2026-05-02T00:00:00+00:00,4520,2026-05-01T19:00:00+00:00,False
ENG_PL::29119,2026-05-02 16:30:00+00:00,2025,walk_forward_poisson,0,0.6514677495034668,0.2096232132703364,0.1389090372261967,0.4440265486725663,0.236504424778761,0.3194690265486725,2026-05-02T00:00:00+00:00,4520,2026-05-01T19:00:00+00:00,False
ENG_PL::29118,2026-05-03 13:00:00+00:00,2025,walk_forward_poisson,0,0.4649805811395117,0.2401032554328354,0.2949161634276531,0.4442970822281167,0.2365163572060123,0.3191865605658709,2026-05-03T00:00:00+00:00,4524,2026-05-02T16:30:00+00:00,False
ENG_PL::29125,2026-05-03 14:30:00+00:00,2025,walk_forward_poisson,0,0.3520681390058537,0.2406031088011321,0.407328752193014,0.4442970822281167,0.2365163572060123,0.3191865605658709,2026-05-03T00:00:00+00:00,4524,2026-05-02T16:30:00+00:00,False
ENG_PL::29120,2026-05-03 18:00:00+00:00,2025,walk_forward_poisson,2,0.4904705194705583,0.2380941036072172,0.2714353769222243,0.4442970822281167,0.2365163572060123,0.3191865605658709,2026-05-03T00:00:00+00:00,4524,2026-05-02T16:30:00+00:00,False
ENG_PL::29122,2026-05-04 14:00:00+00:00,2025,walk_forward_poisson,2,0.5678656413337566,0.2211423713383524,0.2109919873278911,0.4444444444444444,0.2363596200574332,0.3191959354981223,2026-05-04T00:00:00+00:00,4527,2026-05-03T18:00:00+00:00,False
ENG_PL::29123,2026-05-04 19:00:00+00:00,2025,walk_forward_poisson,1,0.2461181081356832,0.2413238411585163,0.5125580507058005,0.4444444444444444,0.2363596200574332,0.3191959354981223,2026-05-04T00:00:00+00:00,4527,2026-05-03T18:00:00+00:00,False
ENG_PL::29132,2026-05-09 11:30:00+00:00,2025,walk_forward_poisson,1,0.5089521869711963,0.2166378746940256,0.2744099383347781,0.4442481784058291,0.2364760432766615,0.3192757783175093,2026-05-09T00:00:00+00:00,4529,2026-05-04T19:00:00+00:00,False
ENG_PL::29128,2026-05-09 14:00:00+00:00,2025,walk_forward_poisson,0,0.5873286216816527,0.2349743909106928,0.1776969874076545,0.4442481784058291,0.2364760432766615,0.3192757783175093,2026-05-09T00:00:00+00:00,4529,2026-05-04T19:00:00+00:00,False
ENG_PL::29131,2026-05-09 14:00:00+00:00,2025,walk_forward_poisson,2,0.3206485920780249,0.248512306506908,0.4308391014150671,0.4442481784058291,0.2364760432766615,0.3192757783175093,2026-05-09T00:00:00+00:00,4529,2026-05-04T19:00:00+00:00,False
ENG_PL::29135,2026-05-09 14:00:00+00:00,2025,walk_forward_poisson,1,0.2486222205315084,0.254041161909958,0.4973366175585335,0.4442481784058291,0.2364760432766615,0.3192757783175093,2026-05-09T00:00:00+00:00,4529,2026-05-04T19:00:00+00:00,False
ENG_PL::29133,2026-05-09 16:30:00+00:00,2025,walk_forward_poisson,0,0.5604146468905751,0.217282417967933,0.222302935141492,0.4442481784058291,0.2364760432766615,0.3192757783175093,2026-05-09T00:00:00+00:00,4529,2026-05-04T19:00:00+00:00,False
ENG_PL::29129,2026-05-10 13:00:00+00:00,2025,walk_forward_poisson,1,0.2260816935678043,0.2339057414366896,0.5400125649955062,0.4441993824437583,0.2366563740626378,0.3191442434936039,2026-05-10T00:00:00+00:00,4534,2026-05-09T16:30:00+00:00,False
ENG_PL::29134,2026-05-10 13:00:00+00:00,2025,walk_forward_poisson,1,0.3349621462937673,0.25356963231526,0.4114682213909725,0.4441993824437583,0.2366563740626378,0.3191442434936039,2026-05-10T00:00:00+00:00,4534,2026-05-09T16:30:00+00:00,False
ENG_PL::29130,2026-05-10 13:00:00+00:00,2025,walk_forward_poisson,1,0.4706294515489697,0.2571211138272826,0.2722494346237475,0.4441993824437583,0.2366563740626378,0.3191442434936039,2026-05-10T00:00:00+00:00,4534,2026-05-09T16:30:00+00:00,False
ENG_PL::29137,2026-05-10 15:30:00+00:00,2025,walk_forward_poisson,2,0.1707017623819037,0.2206468341492425,0.6086514034688537,0.4441993824437583,0.2366563740626378,0.3191442434936039,2026-05-10T00:00:00+00:00,4534,2026-05-09T16:30:00+00:00,False
ENG_PL::29136,2026-05-11 19:00:00+00:00,2025,walk_forward_poisson,1,0.3564197383732954,0.260727823691649,0.3828524379350555,0.4438078448655795,0.2371088585279859,0.3190832966064345,2026-05-11T00:00:00+00:00,4538,2026-05-10T15:30:00+00:00,False
ENG_PL::29084,2026-05-13 19:00:00+00:00,2025,walk_forward_poisson,0,0.5894325059496788,0.2108474534246475,0.1997200406256737,0.4437100682969817,0.2372769332452081,0.3190129984578101,2026-05-13T00:00:00+00:00,4539,2026-05-11T19:00:00+00:00,False
ENG_PL::29140,2026-05-15 19:00:00+00:00,2025,walk_forward_poisson,0,0.3208397815934634,0.2381680320488114,0.4409921863577251,0.4438325991189427,0.2372246696035242,0.318942731277533,2026-05-15T00:00:00+00:00,4540,2026-05-13T19:00:00+00:00,False
ENG_PL::29145,2026-05-17 11:30:00+00:00,2025,walk_forward_poisson,0,0.5301958442588217,0.2417819316079755,0.2280222241332027,0.443955075974455,0.2371724289804007,0.3188724950451442,2026-05-17T00:00:00+00:00,4541,2026-05-15T19:00:00+00:00,False
ENG_PL::29147,2026-05-17 14:00:00+00:00,2025,walk_forward_poisson,1,0.3198993971629651,0.2776377180336382,0.4024628848033962,0.443955075974455,0.2371724289804007,0.3188724950451442,2026-05-17T00:00:00+00:00,4541,2026-05-15T19:00:00+00:00,False
ENG_PL::29144,2026-05-17 14:00:00+00:00,2025,walk_forward_poisson,0,0.4101394326452971,0.2651752131526876,0.3246853542020155,0.443955075974455,0.2371724289804007,0.3188724950451442,2026-05-17T00:00:00+00:00,4541,2026-05-15T19:00:00+00:00,False
ENG_PL::29143,2026-05-17 14:00:00+00:00,2025,walk_forward_poisson,2,0.4966104155264961,0.2646528455815933,0.2387367388919105,0.443955075974455,0.2371724289804007,0.3188724950451442,2026-05-17T00:00:00+00:00,4541,2026-05-15T19:00:00+00:00,False
ENG_PL::29141,2026-05-17 14:00:00+00:00,2025,walk_forward_poisson,1,0.4385310990002919,0.2437964477828403,0.3176724532168676,0.443955075974455,0.2371724289804007,0.3188724950451442,2026-05-17T00:00:00+00:00,4541,2026-05-15T19:00:00+00:00,False
ENG_PL::29146,2026-05-17 16:30:00+00:00,2025,walk_forward_poisson,0,0.5576848361382643,0.2230108446631818,0.2193043191985539,0.443955075974455,0.2371724289804007,0.3188724950451442,2026-05-17T00:00:00+00:00,4541,2026-05-15T19:00:00+00:00,False
ENG_PL::29139,2026-05-18 19:00:00+00:00,2025,walk_forward_poisson,0,0.8099685424957338,0.1289370428734174,0.0610944146308488,0.4440290301297558,0.2372993182318012,0.3186716516384429,2026-05-18T00:00:00+00:00,4547,2026-05-17T16:30:00+00:00,False
ENG_PL::29138,2026-05-19 18:30:00+00:00,2025,walk_forward_poisson,1,0.321858147843706,0.2360908101544546,0.4420510420018393,0.4441512752858399,0.2372471416007036,0.3186015831134565,2026-05-19T00:00:00+00:00,4548,2026-05-18T19:00:00+00:00,False
ENG_PL::29142,2026-05-19 19:15:00+00:00,2025,walk_forward_poisson,0,0.5518549974678296,0.220216927285791,0.2279280752463793,0.4441512752858399,0.2372471416007036,0.3186015831134565,2026-05-19T00:00:00+00:00,4548,2026-05-18T19:00:00+00:00,False
ENG_PL::29154,2026-05-24 15:00:00+00:00,2025,walk_forward_poisson,1,0.3127216285026141,0.2492931046178392,0.4379852668795467,0.4441758241758242,0.2373626373626373,0.3184615384615384,2026-05-24T00:00:00+00:00,4550,2026-05-19T19:15:00+00:00,False
ENG_PL::29153,2026-05-24 15:00:00+00:00,2025,walk_forward_poisson,2,0.6077931717641875,0.2045968122395114,0.1876100159963012,0.4441758241758242,0.2373626373626373,0.3184615384615384,2026-05-24T00:00:00+00:00,4550,2026-05-19T19:15:00+00:00,False
ENG_PL::29155,2026-05-24 15:00:00+00:00,2025,walk_forward_poisson,0,0.2635762439354843,0.2485781979305976,0.4878455581339181,0.4441758241758242,0.2373626373626373,0.3184615384615384,2026-05-24T00:00:00+00:00,4550,2026-05-19T19:15:00+00:00,False
ENG_PL::29152,2026-05-24 15:00:00+00:00,2025,walk_forward_poisson,1,0.5392188831335649,0.219142816351147,0.2416383005152881,0.4441758241758242,0.2373626373626373,0.3184615384615384,2026-05-24T00:00:00+00:00,4550,2026-05-19T19:15:00+00:00,False
ENG_PL::29156,2026-05-24 15:00:00+00:00,2025,walk_forward_poisson,0,0.4343249370984113,0.2572943837904929,0.3083806791110958,0.4441758241758242,0.2373626373626373,0.3184615384615384,2026-05-24T00:00:00+00:00,4550,2026-05-19T19:15:00+00:00,False
ENG_PL::29150,2026-05-24 15:00:00+00:00,2025,walk_forward_poisson,2,0.2510385857457171,0.2519650460468418,0.4969963682074409,0.4441758241758242,0.2373626373626373,0.3184615384615384,2026-05-24T00:00:00+00:00,4550,2026-05-19T19:15:00+00:00,False
ENG_PL::29149,2026-05-24 15:00:00+00:00,2025,walk_forward_poisson,1,0.3625548195377258,0.2793096922173143,0.3581354882449598,0.4441758241758242,0.2373626373626373,0.3184615384615384,2026-05-24T00:00:00+00:00,4550,2026-05-19T19:15:00+00:00,False
ENG_PL::29148,2026-05-24 15:00:00+00:00,2025,walk_forward_poisson,2,0.421017151048197,0.2521136154007635,0.3268692335510396,0.4441758241758242,0.2373626373626373,0.3184615384615384,2026-05-24T00:00:00+00:00,4550,2026-05-19T19:15:00+00:00,False
ENG_PL::29151,2026-05-24 15:00:00+00:00,2025,walk_forward_poisson,0,0.3371332538133564,0.2513496903568455,0.411517055829798,0.4441758241758242,0.2373626373626373,0.3184615384615384,2026-05-24T00:00:00+00:00,4550,2026-05-19T19:15:00+00:00,False
ENG_PL::29157,2026-05-24 15:00:00+00:00,2025,walk_forward_poisson,0,0.3370777658900012,0.2624951312161129,0.4004271028938858,0.4441758241758242,0.2373626373626373,0.3184615384615384,2026-05-24T00:00:00+00:00,4550,2026-05-19T19:15:00+00:00,False
ENG_PL::31180,2026-08-21 19:00:00+00:00,2026,frozen_dc,0,0.672335585332695,0.2017207611118869,0.1259436535554181,0.4440789473684211,0.2375,0.3184210526315789,2026-08-21T00:00:00+00:00,4560,2026-05-24T15:00:00+00:00,True
ENG_PL::31181,2026-08-22 11:30:00+00:00,2026,frozen_dc,0,0.3261645578218125,0.2587486297968943,0.4150868123812934,0.4440789473684211,0.2375,0.3184210526315789,2026-08-21T00:00:00+00:00,4560,2026-05-24T15:00:00+00:00,False
ENG_PL::31182,2026-08-22 14:00:00+00:00,2026,frozen_dc,0,0.3723830259973526,0.2717127730108484,0.3559042009917988,0.4440789473684211,0.2375,0.3184210526315789,2026-08-21T00:00:00+00:00,4560,2026-05-24T15:00:00+00:00,False
ENG_PL::31183,2026-08-22 14:00:00+00:00,2026,frozen_dc,0,0.3231008440134236,0.2820630346383083,0.3948361213482681,0.4440789473684211,0.2375,0.3184210526315789,2026-08-21T00:00:00+00:00,4560,2026-05-24T15:00:00+00:00,False
ENG_PL::31184,2026-08-22 14:00:00+00:00,2026,frozen_dc,2,0.3589702579668414,0.2736393351585878,0.3673904068745708,0.4440789473684211,0.2375,0.3184210526315789,2026-08-21T00:00:00+00:00,4560,2026-05-24T15:00:00+00:00,False
ENG_PL::31185,2026-08-22 16:30:00+00:00,2026,frozen_dc,0,0.4763654458586676,0.249909133544627,0.2737254205967055,0.4440789473684211,0.2375,0.3184210526315789,2026-08-21T00:00:00+00:00,4560,2026-05-24T15:00:00+00:00,False
ENG_PL::31186,2026-08-23 13:00:00+00:00,2026,frozen_dc,0,0.4419375897500906,0.2607588822645301,0.2973035279853793,0.4440789473684211,0.2375,0.3184210526315789,2026-08-21T00:00:00+00:00,4560,2026-05-24T15:00:00+00:00,False
ENG_PL::31187,2026-08-23 13:00:00+00:00,2026,frozen_dc,0,0.5481113788770234,0.2259867194085121,0.2259019017144643,0.4440789473684211,0.2375,0.3184210526315789,2026-08-21T00:00:00+00:00,4560,2026-05-24T15:00:00+00:00,False
ENG_PL::31188,2026-08-23 15:30:00+00:00,2026,frozen_dc,1,0.3536601288004063,0.2445501417552726,0.401789729444321,0.4440789473684211,0.2375,0.3184210526315789,2026-08-21T00:00:00+00:00,4560,2026-05-24T15:00:00+00:00,False
ENG_PL::31189,2026-08-24 19:00:00+00:00,2026,frozen_dc,2,0.3346417960633744,0.2599257800252812,0.4054324239113442,0.4440789473684211,0.2375,0.3184210526315789,2026-08-21T00:00:00+00:00,4560,2026-05-24T15:00:00+00:00,False
ENG_PL::31190,2026-08-28 19:00:00+00:00,2026,frozen_dc,2,0.288895986248309,0.2459880288646083,0.4651159848870827,0.4440789473684211,0.2375,0.3184210526315789,2026-08-21T00:00:00+00:00,4560,2026-05-24T15:00:00+00:00,False
ENG_PL::31191,2026-08-29 11:30:00+00:00,2026,frozen_dc,1,0.6125638999311059,0.2136217411749453,0.1738143588939487,0.4440789473684211,0.2375,0.3184210526315789,2026-08-21T00:00:00+00:00,4560,2026-05-24T15:00:00+00:00,False
ENG_PL::31192,2026-08-29 14:00:00+00:00,2026,frozen_dc,2,0.4255886487945556,0.2624710220616102,0.3119403291438343,0.4440789473684211,0.2375,0.3184210526315789,2026-08-21T00:00:00+00:00,4560,2026-05-24T15:00:00+00:00,True
ENG_PL::31193,2026-08-29 14:00:00+00:00,2026,frozen_dc,1,0.5210836311954133,0.247392890187291,0.2315234786172957,0.4440789473684211,0.2375,0.3184210526315789,2026-08-21T00:00:00+00:00,4560,2026-05-24T15:00:00+00:00,False
ENG_PL::31194,2026-08-29 16:30:00+00:00,2026,frozen_dc,2,0.3721313548335673,0.2588075672201256,0.369061077946307,0.4440789473684211,0.2375,0.3184210526315789,2026-08-21T00:00:00+00:00,4560,2026-05-24T15:00:00+00:00,False
ENG_PL::31195,2026-08-30 13:00:00+00:00,2026,frozen_dc,0,0.3579965826120374,0.2924908078244781,0.3495126095634841,0.4440789473684211,0.2375,0.3184210526315789,2026-08-21T00:00:00+00:00,4560,2026-05-24T15:00:00+00:00,False
ENG_PL::31196,2026-08-30 13:00:00+00:00,2026,frozen_dc,0,0.4437934143857699,0.2528643031225481,0.3033422824916818,0.4440789473684211,0.2375,0.3184210526315789,2026-08-21T00:00:00+00:00,4560,2026-05-24T15:00:00+00:00,False
ENG_PL::31197,2026-08-30 13:00:00+00:00,2026,frozen_dc,1,0.4136513296025917,0.259407701104304,0.3269409692931042,0.4440789473684211,0.2375,0.3184210526315789,2026-08-21T00:00:00+00:00,4560,2026-05-24T15:00:00+00:00,False
ENG_PL::31198,2026-08-30 15:30:00+00:00,2026,frozen_dc,0,0.6977314934104628,0.182872010368736,0.1193964962208012,0.4440789473684211,0.2375,0.3184210526315789,2026-08-21T00:00:00+00:00,4560,2026-05-24T15:00:00+00:00,False
ENG_PL::31199,2026-08-31 19:00:00+00:00,2026,frozen_dc,2,0.2419288171391961,0.2545278126612017,0.5035433701996019,0.4440789473684211,0.2375,0.3184210526315789,2026-08-21T00:00:00+00:00,4560,2026-05-24T15:00:00+00:00,False
ENG_PL::31200,2026-09-04 19:00:00+00:00,2026,frozen_dc,2,0.1574510811475654,0.2004987324780117,0.6420501863744228,0.4440789473684211,0.2375,0.3184210526315789,2026-08-21T00:00:00+00:00,4560,2026-05-24T15:00:00+00:00,False
ENG_PL::31201,2026-09-05 11:30:00+00:00,2026,frozen_dc,1,0.4151007578948062,0.2490245339209808,0.335874708184213,0.4440789473684211,0.2375,0.3184210526315789,2026-08-21T00:00:00+00:00,4560,2026-05-24T15:00:00+00:00,False
ENG_PL::31205,2026-09-05 14:00:00+00:00,2026,frozen_dc,1,0.5385418355281881,0.24916734087995,0.2122908235918618,0.4440789473684211,0.2375,0.3184210526315789,2026-08-21T00:00:00+00:00,4560,2026-05-24T15:00:00+00:00,False
ENG_PL::31204,2026-09-05 14:00:00+00:00,2026,frozen_dc,2,0.3687211368735107,0.2713750653904796,0.3599037977360096,0.4440789473684211,0.2375,0.3184210526315789,2026-08-21T00:00:00+00:00,4560,2026-05-24T15:00:00+00:00,False
ENG_PL::31206,2026-09-05 14:00:00+00:00,2026,frozen_dc,1,0.4504640037492691,0.2668970363941075,0.2826389598566232,0.4440789473684211,0.2375,0.3184210526315789,2026-08-21T00:00:00+00:00,4560,2026-05-24T15:00:00+00:00,False
ENG_PL::31202,2026-09-05 14:00:00+00:00,2026,frozen_dc,0,0.6361049378384313,0.204397282769674,0.1594977793918948,0.4440789473684211,0.2375,0.3184210526315789,2026-08-21T00:00:00+00:00,4560,2026-05-24T15:00:00+00:00,True
ENG_PL::31203,2026-09-05 14:00:00+00:00,2026,frozen_dc,1,0.3886310421256574,0.2710553036663768,0.3403136542079658,0.4440789473684211,0.2375,0.3184210526315789,2026-08-21T00:00:00+00:00,4560,2026-05-24T15:00:00+00:00,False
ENG_PL::31207,2026-09-05 16:30:00+00:00,2026,frozen_dc,1,0.3690736823326012,0.2607257685618597,0.3702005491055393,0.4440789473684211,0.2375,0.3184210526315789,2026-08-21T00:00:00+00:00,4560,2026-05-24T15:00:00+00:00,False
ENG_PL::31208,2026-09-06 13:00:00+00:00,2026,frozen_dc,1,0.3202599409370103,0.2677240735239893,0.4120159855390004,0.4440789473684211,0.2375,0.3184210526315789,2026-08-21T00:00:00+00:00,4560,2026-05-24T15:00:00+00:00,False
ENG_PL::31209,2026-09-06 15:30:00+00:00,2026,frozen_dc,0,0.6042182792378604,0.219871854600558,0.1759098661615816,0.4440789473684211,0.2375,0.3184210526315789,2026-08-21T00:00:00+00:00,4560,2026-05-24T15:00:00+00:00,False
ENG_PL::31214,2026-09-12 14:00:00+00:00,2026,frozen_dc,1,0.5959039563891863,0.2217006112578661,0.1823954323529476,0.4440789473684211,0.2375,0.3184210526315789,2026-08-21T00:00:00+00:00,4560,2026-05-24T15:00:00+00:00,False
ENG_PL::31212,2026-09-12 14:00:00+00:00,2026,frozen_dc,1,0.5286209415649414,0.233941668901967,0.2374373895330915,0.4440789473684211,0.2375,0.3184210526315789,2026-08-21T00:00:00+00:00,4560,2026-05-24T15:00:00+00:00,False
ENG_PL::31213,2026-09-12 14:00:00+00:00,2026,frozen_dc,2,0.6396869137905581,0.2076129929452801,0.1527000932641617,0.4440789473684211,0.2375,0.3184210526315789,2026-08-21T00:00:00+00:00,4560,2026-05-24T15:00:00+00:00,False
ENG_PL::31210,2026-09-12 14:00:00+00:00,2026,frozen_dc,1,0.4709041288482157,0.2432974730950175,0.2857983980567667,0.4440789473684211,0.2375,0.3184210526315789,2026-08-21T00:00:00+00:00,4560,2026-05-24T15:00:00+00:00,False
ENG_PL::31211,2026-09-12 14:00:00+00:00,2026,frozen_dc,2,0.5051872140825465,0.2498583513616044,0.2449544345558489,0.4440789473684211,0.2375,0.3184210526315789,2026-08-21T00:00:00+00:00,4560,2026-05-24T15:00:00+00:00,False
ENG_PL::31215,2026-09-12 16:30:00+00:00,2026,frozen_dc,1,0.4352561434389672,0.2711463559056963,0.2935975006553363,0.4440789473684211,0.2375,0.3184210526315789,2026-08-21T00:00:00+00:00,4560,2026-05-24T15:00:00+00:00,False
ENG_PL::31216,2026-09-12 19:00:00+00:00,2026,frozen_dc,2,0.1602652582959903,0.2435049661005887,0.5962297756034208,0.4440789473684211,0.2375,0.3184210526315789,2026-08-21T00:00:00+00:00,4560,2026-05-24T15:00:00+00:00,False
ENG_PL::31217,2026-09-13 13:00:00+00:00,2026,frozen_dc,2,0.3489330404826597,0.2701794391600097,0.3808875203573303,0.4440789473684211,0.2375,0.3184210526315789,2026-08-21T00:00:00+00:00,4560,2026-05-24T15:00:00+00:00,True
ENG_PL::31218,2026-09-13 15:30:00+00:00,2026,frozen_dc,2,0.3437651295265997,0.2500022518256822,0.406232618647718,0.4440789473684211,0.2375,0.3184210526315789,2026-08-21T00:00:00+00:00,4560,2026-05-24T15:00:00+00:00,False
ENG_PL::31219,2026-09-14 19:00:00+00:00,2026,frozen_dc,0,0.4010935477972706,0.2598897773646457,0.3390166748380837,0.4440789473684211,0.2375,0.3184210526315789,2026-08-21T00:00:00+00:00,4560,2026-05-24T15:00:00+00:00,False
ENG_PL::31220,2026-09-18 19:00:00+00:00,2026,frozen_dc,0,0.4091254603496397,0.2446158401779495,0.3462586994724107,0.4440789473684211,0.2375,0.3184210526315789,2026-08-21T00:00:00+00:00,4560,2026-05-24T15:00:00+00:00,False
ENG_PL::31221,2026-09-19 11:30:00+00:00,2026,frozen_dc,2,0.3828843584189888,0.2616847799183935,0.3554308616626176,0.4440789473684211,0.2375,0.3184210526315789,2026-08-21T00:00:00+00:00,4560,2026-05-24T15:00:00+00:00,False
ENG_PL::31224,2026-09-19 14:00:00+00:00,2026,frozen_dc,0,0.2537790946706321,0.2684374543893775,0.4777834509399903,0.4440789473684211,0.2375,0.3184210526315789,2026-08-21T00:00:00+00:00,4560,2026-05-24T15:00:00+00:00,False
ENG_PL::31223,2026-09-19 14:00:00+00:00,2026,frozen_dc,0,0.506400787909566,0.2430211013605989,0.2505781107298349,0.4440789473684211,0.2375,0.3184210526315789,2026-08-21T00:00:00+00:00,4560,2026-05-24T15:00:00+00:00,False
ENG_PL::31226,2026-09-19 14:00:00+00:00,2026,frozen_dc,0,0.5744870042257326,0.2385322157630163,0.1869807800112509,0.4440789473684211,0.2375,0.3184210526315789,2026-08-21T00:00:00+00:00,4560,2026-05-24T15:00:00+00:00,False
ENG_PL::31227,2026-09-19 16:30:00+00:00,2026,frozen_dc,2,0.4034126530958354,0.2690551929047099,0.3275321539994547,0.4440789473684211,0.2375,0.3184210526315789,2026-08-21T00:00:00+00:00,4560,2026-05-24T15:00:00+00:00,True
ENG_PL::31225,2026-09-20 13:00:00+00:00,2026,frozen_dc,1,0.4228385857139543,0.262931691507723,0.3142297227783225,0.4440789473684211,0.2375,0.3184210526315789,2026-08-21T00:00:00+00:00,4560,2026-05-24T15:00:00+00:00,False
ENG_PL::31228,2026-09-20 13:00:00+00:00,2026,frozen_dc,2,0.3741321676238976,0.2452720383663978,0.3805957940097045,0.4440789473684211,0.2375,0.3184210526315789,2026-08-21T00:00:00+00:00,4560,2026-05-24T15:00:00+00:00,False
ENG_PL::31222,2026-09-20 13:00:00+00:00,2026,frozen_dc,0,0.6733586391006123,0.1995247333606254,0.1271166275387624,0.4440789473684211,0.2375,0.3184210526315789,2026-08-21T00:00:00+00:00,4560,2026-05-24T15:00:00+00:00,False
ENG_PL::31229,2026-09-20 15:30:00+00:00,2026,frozen_dc,1,0.3167165604545595,0.2669945227518317,0.4162889167936086,0.4440789473684211,0.2375,0.3184210526315789,2026-08-21T00:00:00+00:00,4560,2026-05-24T15:00:00+00:00,False
ENG_PL::31180,2026-08-21 19:00:00+00:00,2026,walk_forward_dc,0,0.672335585332695,0.2017207611118869,0.1259436535554181,0.4440789473684211,0.2375,0.3184210526315789,2026-08-21T00:00:00+00:00,4560,2026-05-24T15:00:00+00:00,True
ENG_PL::31181,2026-08-22 11:30:00+00:00,2026,walk_forward_dc,0,0.3271640957374133,0.2592854959407995,0.4135504083217871,0.4442008331506248,0.237447928085946,0.3183512387634291,2026-08-22T00:00:00+00:00,4561,2026-08-21T19:00:00+00:00,False
ENG_PL::31182,2026-08-22 14:00:00+00:00,2026,walk_forward_dc,0,0.3736469684935639,0.2715832626020815,0.3547697689043544,0.4442008331506248,0.237447928085946,0.3183512387634291,2026-08-22T00:00:00+00:00,4561,2026-08-21T19:00:00+00:00,False
ENG_PL::31183,2026-08-22 14:00:00+00:00,2026,walk_forward_dc,0,0.3241294114353852,0.282091417878458,0.3937791706861567,0.4442008331506248,0.237447928085946,0.3183512387634291,2026-08-22T00:00:00+00:00,4561,2026-08-21T19:00:00+00:00,False
ENG_PL::31184,2026-08-22 14:00:00+00:00,2026,walk_forward_dc,2,0.3601992904475297,0.2735650907394257,0.3662356188130446,0.4442008331506248,0.237447928085946,0.3183512387634291,2026-08-22T00:00:00+00:00,4561,2026-08-21T19:00:00+00:00,False
ENG_PL::31185,2026-08-22 16:30:00+00:00,2026,walk_forward_dc,0,0.4777665942672898,0.2495864668420958,0.2726469388906143,0.4442008331506248,0.237447928085946,0.3183512387634291,2026-08-22T00:00:00+00:00,4561,2026-08-21T19:00:00+00:00,False
ENG_PL::31186,2026-08-23 13:00:00+00:00,2026,walk_forward_dc,0,0.4480554736286648,0.2605584164997797,0.2913861098715553,0.4445904511607534,0.2371879106438896,0.318221638195357,2026-08-23T00:00:00+00:00,4566,2026-08-22T16:30:00+00:00,False
ENG_PL::31187,2026-08-23 13:00:00+00:00,2026,walk_forward_dc,0,0.5543166230211256,0.224928843024198,0.2207545339546761,0.4445904511607534,0.2371879106438896,0.318221638195357,2026-08-23T00:00:00+00:00,4566,2026-08-22T16:30:00+00:00,False
ENG_PL::31188,2026-08-23 15:30:00+00:00,2026,walk_forward_dc,1,0.360070656847091,0.2454900661160806,0.3944392770368283,0.4445904511607534,0.2371879106438896,0.318221638195357,2026-08-23T00:00:00+00:00,4566,2026-08-22T16:30:00+00:00,False
ENG_PL::31189,2026-08-24 19:00:00+00:00,2026,walk_forward_dc,2,0.3427651367703492,0.2615304594292686,0.3957044038003819,0.4447362661413876,0.2372510396147953,0.318012694243817,2026-08-24T00:00:00+00:00,4569,2026-08-23T15:30:00+00:00,False
ENG_PL::31190,2026-08-28 19:00:00+00:00,2026,walk_forward_dc,2,0.2962101755361696,0.2471839340617854,0.4566058904020449,0.4446389496717724,0.237199124726477,0.3181619256017505,2026-08-28T00:00:00+00:00,4570,2026-08-24T19:00:00+00:00,False
ENG_PL::31191,2026-08-29 11:30:00+00:00,2026,walk_forward_dc,1,0.6188486844500078,0.2131350321631547,0.1680162833868375,0.4445416757821046,0.2371472325530518,0.3183110916648435,2026-08-29T00:00:00+00:00,4571,2026-08-28T19:00:00+00:00,False
ENG_PL::31192,2026-08-29 14:00:00+00:00,2026,walk_forward_dc,2,0.4345591404106897,0.2671288688252835,0.2983119907640267,0.4445416757821046,0.2371472325530518,0.3183110916648435,2026-08-29T00:00:00+00:00,4571,2026-08-28T19:00:00+00:00,False
ENG_PL::31193,2026-08-29 14:00:00+00:00,2026,walk_forward_dc,1,0.5278695589404248,0.2451867754536599,0.2269436656059155,0.4445416757821046,0.2371472325530518,0.3183110916648435,2026-08-29T00:00:00+00:00,4571,2026-08-28T19:00:00+00:00,False
ENG_PL::31194,2026-08-29 16:30:00+00:00,2026,walk_forward_dc,2,0.3712358313668816,0.2569794328125125,0.3717847358206056,0.4445416757821046,0.2371472325530518,0.3183110916648435,2026-08-29T00:00:00+00:00,4571,2026-08-28T19:00:00+00:00,False
ENG_PL::31195,2026-08-30 13:00:00+00:00,2026,walk_forward_dc,0,0.3622714865701519,0.2912993324128041,0.346429181017044,0.4441530054644809,0.2373770491803278,0.3184699453551912,2026-08-30T00:00:00+00:00,4575,2026-08-29T16:30:00+00:00,False
ENG_PL::31196,2026-08-30 13:00:00+00:00,2026,walk_forward_dc,0,0.4323975542370369,0.251923946229363,0.3156784995336,0.4441530054644809,0.2373770491803278,0.3184699453551912,2026-08-30T00:00:00+00:00,4575,2026-08-29T16:30:00+00:00,False
ENG_PL::31197,2026-08-30 13:00:00+00:00,2026,walk_forward_dc,1,0.4011449452107636,0.2633733387247418,0.3354817160644944,0.4441530054644809,0.2373770491803278,0.3184699453551912,2026-08-30T00:00:00+00:00,4575,2026-08-29T16:30:00+00:00,False
ENG_PL::31198,2026-08-30 15:30:00+00:00,2026,walk_forward_dc,0,0.6882747757130386,0.1861746305651083,0.125550593721853,0.4441530054644809,0.2373770491803278,0.3184699453551912,2026-08-30T00:00:00+00:00,4575,2026-08-29T16:30:00+00:00,False
ENG_PL::31199,2026-08-31 19:00:00+00:00,2026,walk_forward_dc,2,0.2284031342430606,0.2502519149851442,0.5213449507717951,0.4444201790784014,0.2373880759991264,0.3181917449224721,2026-08-31T00:00:00+00:00,4579,2026-08-30T15:30:00+00:00,False
ENG_PL::31200,2026-09-04 19:00:00+00:00,2026,walk_forward_dc,2,0.1713711837527063,0.1950262126965611,0.6336026035507324,0.4443231441048035,0.2373362445414847,0.3183406113537118,2026-09-04T00:00:00+00:00,4580,2026-08-31T19:00:00+00:00,False
ENG_PL::31201,2026-09-05 11:30:00+00:00,2026,walk_forward_dc,1,0.4204976389722475,0.2487001641490872,0.3308021968786652,0.4442261514953067,0.2372844357127264,0.3184894127919668,2026-09-05T00:00:00+00:00,4581,2026-09-04T19:00:00+00:00,False
ENG_PL::31205,2026-09-05 14:00:00+00:00,2026,walk_forward_dc,1,0.5585122242691198,0.2427293841201676,0.1987583916107124,0.4442261514953067,0.2372844357127264,0.3184894127919668,2026-09-05T00:00:00+00:00,4581,2026-09-04T19:00:00+00:00,False
ENG_PL::31204,2026-09-05 14:00:00+00:00,2026,walk_forward_dc,2,0.3671262489095315,0.2686224120076269,0.3642513390828417,0.4442261514953067,0.2372844357127264,0.3184894127919668,2026-09-05T00:00:00+00:00,4581,2026-09-04T19:00:00+00:00,False
ENG_PL::31206,2026-09-05 14:00:00+00:00,2026,walk_forward_dc,1,0.4708270903555389,0.2625322074256632,0.2666407022187979,0.4442261514953067,0.2372844357127264,0.3184894127919668,2026-09-05T00:00:00+00:00,4581,2026-09-04T19:00:00+00:00,False
ENG_PL::31202,2026-09-05 14:00:00+00:00,2026,walk_forward_dc,0,0.5979590145610074,0.2367333655104014,0.1653076199285911,0.4442261514953067,0.2372844357127264,0.3184894127919668,2026-09-05T00:00:00+00:00,4581,2026-09-04T19:00:00+00:00,False
ENG_PL::31203,2026-09-05 14:00:00+00:00,2026,walk_forward_dc,1,0.4143629974242538,0.2723240391295053,0.3133129634462409,0.4442261514953067,0.2372844357127264,0.3184894127919668,2026-09-05T00:00:00+00:00,4581,2026-09-04T19:00:00+00:00,False
ENG_PL::31207,2026-09-05 16:30:00+00:00,2026,walk_forward_dc,1,0.3545753563178179,0.2706989715061987,0.3747256721759833,0.4442261514953067,0.2372844357127264,0.3184894127919668,2026-09-05T00:00:00+00:00,4581,2026-09-04T19:00:00+00:00,False
ENG_PL::31208,2026-09-06 13:00:00+00:00,2026,walk_forward_dc,1,0.319387276376558,0.2624864830832972,0.4181262405401449,0.4437663469921534,0.2380122057541412,0.3182214472537053,2026-09-06T00:00:00+00:00,4588,2026-09-05T16:30:00+00:00,False
ENG_PL::31209,2026-09-06 15:30:00+00:00,2026,walk_forward_dc,0,0.5998892811397762,0.2221333293977924,0.1779773894624313,0.4437663469921534,0.2380122057541412,0.3182214472537053,2026-09-06T00:00:00+00:00,4588,2026-09-05T16:30:00+00:00,False
ENG_PL::31214,2026-09-12 14:00:00+00:00,2026,walk_forward_dc,1,0.5933699347787086,0.2210155883004429,0.1856144769208484,0.4437908496732026,0.2381263616557734,0.3180827886710239,2026-09-12T00:00:00+00:00,4590,2026-09-06T15:30:00+00:00,False
ENG_PL::31212,2026-09-12 14:00:00+00:00,2026,walk_forward_dc,1,0.60314820730209,0.2227804723721989,0.174071320325711,0.4437908496732026,0.2381263616557734,0.3180827886710239,2026-09-12T00:00:00+00:00,4590,2026-09-06T15:30:00+00:00,False
ENG_PL::31213,2026-09-12 14:00:00+00:00,2026,walk_forward_dc,2,0.625499523999525,0.2076763151665887,0.1668241608338861,0.4437908496732026,0.2381263616557734,0.3180827886710239,2026-09-12T00:00:00+00:00,4590,2026-09-06T15:30:00+00:00,False
ENG_PL::31210,2026-09-12 14:00:00+00:00,2026,walk_forward_dc,1,0.4604928142894049,0.2456459866517013,0.2938611990588937,0.4437908496732026,0.2381263616557734,0.3180827886710239,2026-09-12T00:00:00+00:00,4590,2026-09-06T15:30:00+00:00,False
ENG_PL::31211,2026-09-12 14:00:00+00:00,2026,walk_forward_dc,2,0.4751500805844795,0.2603895375013118,0.2644603819142085,0.4437908496732026,0.2381263616557734,0.3180827886710239,2026-09-12T00:00:00+00:00,4590,2026-09-06T15:30:00+00:00,False
ENG_PL::31215,2026-09-12 16:30:00+00:00,2026,walk_forward_dc,1,0.4314733686198344,0.273048931121275,0.2954777002588906,0.4437908496732026,0.2381263616557734,0.3180827886710239,2026-09-12T00:00:00+00:00,4590,2026-09-06T15:30:00+00:00,False
ENG_PL::31216,2026-09-12 19:00:00+00:00,2026,walk_forward_dc,2,0.1565461784233376,0.2466826696568226,0.59677115191984,0.4437908496732026,0.2381263616557734,0.3180827886710239,2026-09-12T00:00:00+00:00,4590,2026-09-06T15:30:00+00:00,False
ENG_PL::31217,2026-09-13 13:00:00+00:00,2026,walk_forward_dc,2,0.3906449431513717,0.2743181912800505,0.3350368655685779,0.443115075048945,0.2386338916684794,0.3182510332825756,2026-09-13T00:00:00+00:00,4597,2026-09-12T19:00:00+00:00,False
ENG_PL::31218,2026-09-13 15:30:00+00:00,2026,walk_forward_dc,2,0.3354937217791328,0.2482378978733447,0.4162683803475224,0.443115075048945,0.2386338916684794,0.3182510332825756,2026-09-13T00:00:00+00:00,4597,2026-09-12T19:00:00+00:00,False
ENG_PL::31219,2026-09-14 19:00:00+00:00,2026,walk_forward_dc,0,0.3999242200875961,0.2638579960007515,0.3362177839116523,0.4429223744292237,0.238530115242444,0.3185475103283322,2026-09-14T00:00:00+00:00,4599,2026-09-13T15:30:00+00:00,False
ENG_PL::31220,2026-09-18 19:00:00+00:00,2026,walk_forward_dc,0,0.4129073160759488,0.2399610812121839,0.3471316027118672,0.4430434782608695,0.2384782608695652,0.3184782608695652,2026-09-18T00:00:00+00:00,4600,2026-09-14T19:00:00+00:00,False
ENG_PL::31221,2026-09-19 11:30:00+00:00,2026,walk_forward_dc,2,0.3963927661612346,0.2628909771118587,0.3407162567269066,0.4431645294501195,0.2384264290371658,0.3184090415127146,2026-09-19T00:00:00+00:00,4601,2026-09-18T19:00:00+00:00,False
ENG_PL::31224,2026-09-19 14:00:00+00:00,2026,walk_forward_dc,0,0.2532450272677312,0.2636597612912081,0.4830952114410607,0.4431645294501195,0.2384264290371658,0.3184090415127146,2026-09-19T00:00:00+00:00,4601,2026-09-18T19:00:00+00:00,False
ENG_PL::31223,2026-09-19 14:00:00+00:00,2026,walk_forward_dc,0,0.4789104400462374,0.2640215987193567,0.2570679612344061,0.4431645294501195,0.2384264290371658,0.3184090415127146,2026-09-19T00:00:00+00:00,4601,2026-09-18T19:00:00+00:00,False
ENG_PL::31226,2026-09-19 14:00:00+00:00,2026,walk_forward_dc,0,0.5201038391680719,0.2499730776614319,0.2299230831704961,0.4431645294501195,0.2384264290371658,0.3184090415127146,2026-09-19T00:00:00+00:00,4601,2026-09-18T19:00:00+00:00,False
ENG_PL::31227,2026-09-19 16:30:00+00:00,2026,walk_forward_dc,2,0.4110801561333253,0.2794685279703208,0.3094513158963538,0.4431645294501195,0.2384264290371658,0.3184090415127146,2026-09-19T00:00:00+00:00,4601,2026-09-18T19:00:00+00:00,False
ENG_PL::31225,2026-09-20 13:00:00+00:00,2026,walk_forward_dc,1,0.4507920703447222,0.2570025684592986,0.2922053611959792,0.4433347807207989,0.2381676074685193,0.3184976118106817,2026-09-20T00:00:00+00:00,4606,2026-09-19T16:30:00+00:00,False
ENG_PL::31228,2026-09-20 13:00:00+00:00,2026,walk_forward_dc,2,0.3916802590640836,0.2488904800328444,0.3594292609030719,0.4433347807207989,0.2381676074685193,0.3184976118106817,2026-09-20T00:00:00+00:00,4606,2026-09-19T16:30:00+00:00,False
ENG_PL::31222,2026-09-20 13:00:00+00:00,2026,walk_forward_dc,0,0.6609458133927983,0.2059280256575884,0.1331261609496133,0.4433347807207989,0.2381676074685193,0.3184976118106817,2026-09-20T00:00:00+00:00,4606,2026-09-19T16:30:00+00:00,False
ENG_PL::31229,2026-09-20 15:30:00+00:00,2026,walk_forward_dc,1,0.3092220891927946,0.2613727805926515,0.4294051302145537,0.4433347807207989,0.2381676074685193,0.3184976118106817,2026-09-20T00:00:00+00:00,4606,2026-09-19T16:30:00+00:00,False
ENG_PL::31180,2026-08-21 19:00:00+00:00,2026,walk_forward_poisson,0,0.6760326551443386,0.1943266214885999,0.1296407233670616,0.4440789473684211,0.2375,0.3184210526315789,2026-08-21T00:00:00+00:00,4560,2026-05-24T15:00:00+00:00,True
ENG_PL::31181,2026-08-22 11:30:00+00:00,2026,walk_forward_poisson,0,0.3318665246294879,0.2498806381566501,0.4182528372138618,0.4442008331506248,0.237447928085946,0.3183512387634291,2026-08-22T00:00:00+00:00,4561,2026-08-21T19:00:00+00:00,False
ENG_PL::31182,2026-08-22 14:00:00+00:00,2026,walk_forward_poisson,0,0.3786219315462431,0.2616333364967232,0.3597447319570336,0.4442008331506248,0.237447928085946,0.3183512387634291,2026-08-22T00:00:00+00:00,4561,2026-08-21T19:00:00+00:00,False
ENG_PL::31183,2026-08-22 14:00:00+00:00,2026,walk_forward_poisson,0,0.3292823428761011,0.2717855549970262,0.3989321021268726,0.4442008331506248,0.237447928085946,0.3183512387634291,2026-08-22T00:00:00+00:00,4561,2026-08-21T19:00:00+00:00,False
ENG_PL::31184,2026-08-22 14:00:00+00:00,2026,walk_forward_poisson,2,0.3652128003658476,0.2635380709027898,0.3712491287313626,0.4442008331506248,0.237447928085946,0.3183512387634291,2026-08-22T00:00:00+00:00,4561,2026-08-21T19:00:00+00:00,False
ENG_PL::31185,2026-08-22 16:30:00+00:00,2026,walk_forward_poisson,0,0.4822784237572643,0.2405628078621468,0.2771587683805887,0.4442008331506248,0.237447928085946,0.3183512387634291,2026-08-22T00:00:00+00:00,4561,2026-08-21T19:00:00+00:00,False
ENG_PL::31186,2026-08-23 13:00:00+00:00,2026,walk_forward_poisson,0,0.4528122690074739,0.2510448257421615,0.2961429052503644,0.4445904511607534,0.2371879106438896,0.318221638195357,2026-08-23T00:00:00+00:00,4566,2026-08-22T16:30:00+00:00,False
ENG_PL::31187,2026-08-23 13:00:00+00:00,2026,walk_forward_poisson,0,0.5582807219898098,0.2170006450868299,0.2247186329233602,0.4445904511607534,0.2371879106438896,0.318221638195357,2026-08-23T00:00:00+00:00,4566,2026-08-22T16:30:00+00:00,False
ENG_PL::31188,2026-08-23 15:30:00+00:00,2026,walk_forward_poisson,1,0.3643479024023048,0.236935575005653,0.3987165225920421,0.4445904511607534,0.2371879106438896,0.318221638195357,2026-08-23T00:00:00+00:00,4566,2026-08-22T16:30:00+00:00,False
ENG_PL::31189,2026-08-24 19:00:00+00:00,2026,walk_forward_poisson,2,0.347516767396541,0.252027198176885,0.4004560344265737,0.4447362661413876,0.2372510396147953,0.318012694243817,2026-08-24T00:00:00+00:00,4569,2026-08-23T15:30:00+00:00,False
ENG_PL::31190,2026-08-28 19:00:00+00:00,2026,walk_forward_poisson,2,0.3006162168112731,0.2383718515115785,0.4610119316771484,0.4446389496717724,0.237199124726477,0.3181619256017505,2026-08-28T00:00:00+00:00,4570,2026-08-24T19:00:00+00:00,False
ENG_PL::31191,2026-08-29 11:30:00+00:00,2026,walk_forward_poisson,1,0.622705887836824,0.2054206253895223,0.1718734867736537,0.4445416757821046,0.2371472325530518,0.3183110916648435,2026-08-29T00:00:00+00:00,4571,2026-08-28T19:00:00+00:00,False
ENG_PL::31192,2026-08-29 14:00:00+00:00,2026,walk_forward_poisson,2,0.4394522960795515,0.2573425574875599,0.3032051464328885,0.4445416757821046,0.2371472325530518,0.3183110916648435,2026-08-29T00:00:00+00:00,4571,2026-08-28T19:00:00+00:00,False
ENG_PL::31193,2026-08-29 14:00:00+00:00,2026,walk_forward_poisson,1,0.53234607604753,0.2362337412394492,0.2314201827130208,0.4445416757821046,0.2371472325530518,0.3183110916648435,2026-08-29T00:00:00+00:00,4571,2026-08-28T19:00:00+00:00,False
ENG_PL::31194,2026-08-29 16:30:00+00:00,2026,walk_forward_poisson,2,0.3758624203287255,0.2477262548888247,0.3764113247824495,0.4445416757821046,0.2371472325530518,0.3183110916648435,2026-08-29T00:00:00+00:00,4571,2026-08-28T19:00:00+00:00,False
ENG_PL::31195,2026-08-30 13:00:00+00:00,2026,walk_forward_poisson,0,0.3675449688182009,0.2807523679167059,0.3517026632650932,0.4441530054644809,0.2373770491803278,0.3184699453551912,2026-08-30T00:00:00+00:00,4575,2026-08-29T16:30:00+00:00,False
ENG_PL::31196,2026-08-30 13:00:00+00:00,2026,walk_forward_poisson,0,0.4369123099605207,0.2428944347823955,0.3201932552570837,0.4441530054644809,0.2373770491803278,0.3184699453551912,2026-08-30T00:00:00+00:00,4575,2026-08-29T16:30:00+00:00,False
ENG_PL::31197,2026-08-30 13:00:00+00:00,2026,walk_forward_poisson,1,0.4059436269718043,0.2537759752026606,0.340280397825535,0.4441530054644809,0.2373770491803278,0.3184699453551912,2026-08-30T00:00:00+00:00,4575,2026-08-29T16:30:00+00:00,False
ENG_PL::31198,2026-08-30 15:30:00+00:00,2026,walk_forward_poisson,0,0.691642508668869,0.1794391646534475,0.1289183266776834,0.4441530054644809,0.2373770491803278,0.3184699453551912,2026-08-30T00:00:00+00:00,4575,2026-08-29T16:30:00+00:00,False
ENG_PL::31199,2026-08-31 19:00:00+00:00,2026,walk_forward_poisson,2,0.2329855988118947,0.2410869858474761,0.5259274153406291,0.4444201790784014,0.2373880759991264,0.3181917449224721,2026-08-31T00:00:00+00:00,4579,2026-08-30T15:30:00+00:00,False
ENG_PL::31200,2026-09-04 19:00:00+00:00,2026,walk_forward_poisson,2,0.1746817715992663,0.1884050370034412,0.6369131913972924,0.4443231441048035,0.2373362445414847,0.3183406113537118,2026-09-04T00:00:00+00:00,4580,2026-08-31T19:00:00+00:00,False
ENG_PL::31201,2026-09-05 11:30:00+00:00,2026,walk_forward_poisson,1,0.4249007548360018,0.2398939324215785,0.3352053127424196,0.4442261514953067,0.2372844357127264,0.3184894127919668,2026-09-05T00:00:00+00:00,4581,2026-09-04T19:00:00+00:00,False
ENG_PL::31205,2026-09-05 14:00:00+00:00,2026,walk_forward_poisson,1,0.5629608872913892,0.233832058075629,0.2032070546329817,0.4442261514953067,0.2372844357127264,0.3184894127919668,2026-09-05T00:00:00+00:00,4581,2026-09-04T19:00:00+00:00,False
ENG_PL::31204,2026-09-05 14:00:00+00:00,2026,walk_forward_poisson,2,0.3720395213159407,0.2587958671948083,0.3691646114892509,0.4442261514953067,0.2372844357127264,0.3184894127919668,2026-09-05T00:00:00+00:00,4581,2026-09-04T19:00:00+00:00,False
ENG_PL::31206,2026-09-05 14:00:00+00:00,2026,walk_forward_poisson,1,0.4756374211133974,0.2529115459099461,0.2714510329766564,0.4442261514953067,0.2372844357127264,0.3184894127919668,2026-09-05T00:00:00+00:00,4581,2026-09-04T19:00:00+00:00,False
ENG_PL::31202,2026-09-05 14:00:00+00:00,2026,walk_forward_poisson,0,0.6022793779499939,0.2280926387324285,0.1696279833175775,0.4442261514953067,0.2372844357127264,0.3184894127919668,2026-09-05T00:00:00+00:00,4581,2026-09-04T19:00:00+00:00,False
ENG_PL::31203,2026-09-05 14:00:00+00:00,2026,walk_forward_poisson,1,0.4193542148324445,0.2623416043131238,0.3183041808544317,0.4442261514953067,0.2372844357127264,0.3184894127919668,2026-09-05T00:00:00+00:00,4581,2026-09-04T19:00:00+00:00,False
ENG_PL::31207,2026-09-05 16:30:00+00:00,2026,walk_forward_poisson,1,0.3595324728887499,0.2607847383643348,0.3796827887469153,0.4442261514953067,0.2372844357127264,0.3184894127919668,2026-09-05T00:00:00+00:00,4581,2026-09-04T19:00:00+00:00,False
ENG_PL::31208,2026-09-06 13:00:00+00:00,2026,walk_forward_poisson,1,0.3241717968488122,0.2529174421387888,0.4229107610123992,0.4437663469921534,0.2380122057541412,0.3182214472537053,2026-09-06T00:00:00+00:00,4588,2026-09-05T16:30:00+00:00,False
ENG_PL::31209,2026-09-06 15:30:00+00:00,2026,walk_forward_poisson,0,0.6039324081155224,0.2140470754463002,0.1820205164381774,0.4437663469921534,0.2380122057541412,0.3182214472537053,2026-09-06T00:00:00+00:00,4588,2026-09-05T16:30:00+00:00,False
ENG_PL::31214,2026-09-12 14:00:00+00:00,2026,walk_forward_poisson,1,0.5973635161523401,0.2130284255531803,0.1896080582944797,0.4437908496732026,0.2381263616557734,0.3180827886710239,2026-09-12T00:00:00+00:00,4590,2026-09-06T15:30:00+00:00,False
ENG_PL::31212,2026-09-12 14:00:00+00:00,2026,walk_forward_poisson,1,0.6072146928044121,0.2146475013675547,0.1781378058280331,0.4437908496732026,0.2381263616557734,0.3180827886710239,2026-09-12T00:00:00+00:00,4590,2026-09-06T15:30:00+00:00,False
ENG_PL::31213,2026-09-12 14:00:00+00:00,2026,walk_forward_poisson,2,0.6292206614120247,0.2002340403415895,0.1705452982463857,0.4437908496732026,0.2381263616557734,0.3180827886710239,2026-09-12T00:00:00+00:00,4590,2026-09-06T15:30:00+00:00,False
ENG_PL::31210,2026-09-12 14:00:00+00:00,2026,walk_forward_poisson,1,0.4648578386097172,0.2369159380110768,0.298226223379206,0.4437908496732026,0.2381263616557734,0.3180827886710239,2026-09-12T00:00:00+00:00,4590,2026-09-06T15:30:00+00:00,False
ENG_PL::31211,2026-09-12 14:00:00+00:00,2026,walk_forward_poisson,2,0.4799186889488731,0.2508523207725247,0.2692289902786021,0.4437908496732026,0.2381263616557734,0.3180827886710239,2026-09-12T00:00:00+00:00,4590,2026-09-06T15:30:00+00:00,False
ENG_PL::31215,2026-09-12 16:30:00+00:00,2026,walk_forward_poisson,1,0.4364761543768852,0.2630433596071734,0.3004804860159414,0.4437908496732026,0.2381263616557734,0.3180827886710239,2026-09-12T00:00:00+00:00,4590,2026-09-06T15:30:00+00:00,False
ENG_PL::31216,2026-09-12 19:00:00+00:00,2026,walk_forward_poisson,2,0.160951908483295,0.2378712095369076,0.6011768819797975,0.4437908496732026,0.2381263616557734,0.3180827886710239,2026-09-12T00:00:00+00:00,4590,2026-09-06T15:30:00+00:00,False
ENG_PL::31217,2026-09-13 13:00:00+00:00,2026,walk_forward_poisson,2,0.3956727093395641,0.2642626589036656,0.3400646317567704,0.443115075048945,0.2386338916684794,0.3182510332825756,2026-09-13T00:00:00+00:00,4597,2026-09-12T19:00:00+00:00,False
ENG_PL::31218,2026-09-13 15:30:00+00:00,2026,walk_forward_poisson,2,0.3398778182583888,0.2394697049148327,0.4206524768267783,0.443115075048945,0.2386338916684794,0.3182510332825756,2026-09-13T00:00:00+00:00,4597,2026-09-12T19:00:00+00:00,False
ENG_PL::31219,2026-09-14 19:00:00+00:00,2026,walk_forward_poisson,0,0.4047340605009459,0.2542383151740517,0.3410276243250022,0.4429223744292237,0.238530115242444,0.3185475103283322,2026-09-14T00:00:00+00:00,4599,2026-09-13T15:30:00+00:00,False
ENG_PL::31220,2026-09-18 19:00:00+00:00,2026,walk_forward_poisson,0,0.4170031901319518,0.2317693331001779,0.3512274767678702,0.4430434782608695,0.2384782608695652,0.3184782608695652,2026-09-18T00:00:00+00:00,4600,2026-09-14T19:00:00+00:00,False
ENG_PL::31221,2026-09-19 11:30:00+00:00,2026,walk_forward_poisson,2,0.4011782652813596,0.2533199788716088,0.3455017558470316,0.4431645294501195,0.2384264290371658,0.3184090415127146,2026-09-19T00:00:00+00:00,4601,2026-09-18T19:00:00+00:00,False
ENG_PL::31224,2026-09-19 14:00:00+00:00,2026,walk_forward_poisson,0,0.2580768255834195,0.2539961646598315,0.4879270097567489,0.4431645294501195,0.2384264290371658,0.3184090415127146,2026-09-19T00:00:00+00:00,4601,2026-09-18T19:00:00+00:00,False
ENG_PL::31223,2026-09-19 14:00:00+00:00,2026,walk_forward_poisson,0,0.4837492222501334,0.2543440343115646,0.2619067434383021,0.4431645294501195,0.2384264290371658,0.3184090415127146,2026-09-19T00:00:00+00:00,4601,2026-09-18T19:00:00+00:00,False
ENG_PL::31226,2026-09-19 14:00:00+00:00,2026,walk_forward_poisson,0,0.5246796000088738,0.2408215559798284,0.2344988440112979,0.4431645294501195,0.2384264290371658,0.3184090415127146,2026-09-19T00:00:00+00:00,4601,2026-09-18T19:00:00+00:00,False
ENG_PL::31227,2026-09-19 16:30:00+00:00,2026,walk_forward_poisson,2,0.4161898719194525,0.2692490963980665,0.314561031682481,0.4431645294501195,0.2384264290371658,0.3184090415127146,2026-09-19T00:00:00+00:00,4601,2026-09-18T19:00:00+00:00,False
ENG_PL::31225,2026-09-20 13:00:00+00:00,2026,walk_forward_poisson,1,0.4554652241937704,0.247656260761202,0.2968785150450274,0.4433347807207989,0.2381676074685193,0.3184976118106817,2026-09-20T00:00:00+00:00,4606,2026-09-19T16:30:00+00:00,False
ENG_PL::31228,2026-09-20 13:00:00+00:00,2026,walk_forward_poisson,2,0.3960684728607778,0.2401140524394561,0.3638174746997661,0.4433347807207989,0.2381676074685193,0.3184976118106817,2026-09-20T00:00:00+00:00,4606,2026-09-19T16:30:00+00:00,False
ENG_PL::31222,2026-09-20 13:00:00+00:00,2026,walk_forward_poisson,0,0.6647200792290298,0.1983794939851254,0.1369004267858447,0.4433347807207989,0.2381676074685193,0.3184976118106817,2026-09-20T00:00:00+00:00,4606,2026-09-19T16:30:00+00:00,False
ENG_PL::31229,2026-09-20 15:30:00+00:00,2026,walk_forward_poisson,1,0.3139861437134336,0.2518446715513736,0.4341691847351926,0.4433347807207989,0.2381676074685193,0.3184976118106817,2026-09-20T00:00:00+00:00,4606,2026-09-19T16:30:00+00:00,False
